host_id,event_time,event_type,action,chain_phase,technique,variant,domain,bytes_kb,city,is_abnormal,peer_host
H006113,2026-07-01 00:25:11,web_visit,访问内部 OA/知识库,,T1071,,oa.company.cn,,,,
H006049,2026-07-01 02:11:12,upload,上传附件 3MB,,T1567,,docs.company.cn,12304,,,
H005767,2026-07-01 05:41:13,email_open,阅读邮件（内部往来 1）,,,,oa.company.cn,,,,
H002223,2026-07-01 06:42:22,login,登录办公终端,,T1078,,,,苏州市,,
H001269,2026-07-01 06:58:03,email_open,阅读邮件（内部往来 2）,,,,npm.company.cn,,,,
H004953,2026-07-01 07:01:41,web_visit,访问内部 OA/知识库,,T1071,,mail.company.cn,,,,
H009698,2026-07-01 07:26:58,email_open,阅读邮件（内部往来 3）,,,,wiki.company.cn,,,,
H003416,2026-07-01 07:32:47,login,登录办公终端,,T1078,,,,,,
H000438,2026-07-01 07:38:09,login,登录办公终端,,T1078,,,,,,
H003833,2026-07-01 07:45:01,web_visit,访问内部 OA/知识库,,T1071,,npm.company.cn,,,,
H003416,2026-07-01 07:49:54,email_open,阅读邮件（内部往来 3）,,,,docs.company.cn,,,,
H001796,2026-07-01 07:52:07,failed_login,密码错误自动重试,,T1110.001,,,,,,
H004394,2026-07-01 07:53:28,login,登录办公终端,,T1078,,,,,,
H004724,2026-07-01 08:05:27,email_open,阅读邮件（内部往来 1）,,,,npm.company.cn,,,,
H004724,2026-07-01 08:11:54,dns_query,域名解析,,T1071.001,,mail.company.cn,,,,
H004146,2026-07-01 08:12:27,failed_login,密码错误自动重试,,T1110.001,,,,,,
H005767,2026-07-01 08:15:57,email_open,阅读邮件（内部往来 2）,,,,wiki.company.cn,,,,
H009170,2026-07-01 08:17:17,login,登录办公终端,,T1078,,,,,,
H003785,2026-07-01 08:18:21,web_visit,访问内部 OA/知识库,,T1071,,kb.company.cn,,,,
H003893,2026-07-01 08:24:06,failed_login,密码错误自动重试,,T1110.001,,,,,,
H003893,2026-07-01 08:34:40,failed_login,密码错误自动重试,,T1110.001,,,,,,
H004763,2026-07-01 08:37:44,login,登录办公终端,,T1078,,,,,,
H000438,2026-07-01 08:39:06,download,下载文档/更新包 27MB,,T1204.002,,,5047,,,
H003043,2026-07-01 08:44:08,upload,上传附件 8MB,,T1567,,docs.company.cn,10707,,,
H005767,2026-07-01 08:46:05,web_visit,访问内部 OA/知识库,,T1071,,oa.company.cn,,,,
H001721,2026-07-01 08:46:13,web_visit,访问内部 OA/知识库,,T1071,,kb.company.cn,,,,
H004956,2026-07-01 08:48:36,login,登录办公终端,,T1078,,,,,,
H007500,2026-07-01 08:51:36,dns_query,域名解析,,T1071.001,,mail.company.cn,,,,
H000559,2026-07-01 08:55:20,email_open,阅读邮件（内部往来 1）,,,,npm.company.cn,,,,
H006311,2026-07-01 08:55:52,email_open,阅读邮件（内部往来 1）,,,,mail.company.cn,,,,
H007500,2026-07-01 08:59:57,login,登录办公终端,,T1078,,,,,,
H009982,2026-07-01 09:01:58,web_visit,访问内部 OA/知识库,,T1071,,wiki.company.cn,,,,
H007512,2026-07-01 09:03:12,download,下载来源不明安装包,,T1204.002,,img-cdn-helper.cn,9837,,,
H008154,2026-07-01 09:09:20,dns_query,域名解析,,T1071.001,,jd.com,,,,
H005220,2026-07-01 09:11:53,web_visit,访问内部 OA/知识库,,T1071,,kb.company.cn,,,,
H001721,2026-07-01 09:12:27,login,登录办公终端,,T1078,,,,,,
H003893,2026-07-01 09:14:31,email_open,阅读邮件（内部往来 1）,,,,wiki.company.cn,,,,
H004950,2026-07-01 09:16:50,download,下载文档/更新包 11MB,,T1204.002,,,37646,,,
H006311,2026-07-01 09:20:41,email_open,阅读邮件（内部往来 2）,,,,mail.company.cn,,,,
H001796,2026-07-01 09:21:58,email_open,阅读邮件（内部往来 1）,,,,docs.company.cn,,,,
H000117,2026-07-01 09:23:24,email_open,阅读邮件（内部往来 1）,,,,docs.company.cn,,,,
H006049,2026-07-01 09:30:13,failed_login,密码错误自动重试,,T1110.001,,,,,,
H009691,2026-07-01 09:32:35,dns_query,域名解析,,T1071.001,,taobao.com,,,,
H004394,2026-07-01 09:33:32,dns_query,域名解析,,T1071.001,,jd.com,,,,
H006566,2026-07-01 09:34:20,email_open,阅读邮件（内部往来 4）,,,,oa.company.cn,,,,
H004717,2026-07-01 09:37:23,login,登录办公终端,,T1078,,,,,,
H009979,2026-07-01 09:50:55,failed_login,密码错误自动重试,,T1110.001,,,,,,
H004775,2026-07-01 09:52:20,dns_query,域名解析,,T1071.001,,weibo.com,,,,
H000564,2026-07-01 09:52:33,email_open,阅读邮件（内部往来 1）,,,,kb.company.cn,,,,
H009979,2026-07-01 09:59:12,web_visit,访问内部 OA/知识库,,T1071,,oa.company.cn,,,,
H004763,2026-07-01 10:01:43,web_visit,访问内部 OA/知识库,,T1071,,wiki.company.cn,,,,
H004763,2026-07-01 10:04:41,email_open,阅读邮件（内部往来 1）,,,,wiki.company.cn,,,,
H004080,2026-07-01 10:04:54,login,登录办公终端,,T1078,,,,,,
H009535,2026-07-01 10:05:19,failed_login,密码错误自动重试,,T1110.001,,,,,,
H000117,2026-07-01 10:07:37,email_open,阅读邮件（内部往来 3）,,,,mail.company.cn,,,,
H000559,2026-07-01 10:13:02,download,下载文档/更新包 4MB,,T1204.002,,,18314,,,
H004717,2026-07-01 10:16:23,web_visit,访问内部 OA/知识库,,T1071,,wiki.company.cn,,,,
H001796,2026-07-01 10:19:01,dns_query,域名解析,,T1071.001,,taobao.com,,,,
H004394,2026-07-01 10:20:29,web_visit,访问内部 OA/知识库,,T1071,,docs.company.cn,,,,
H003043,2026-07-01 10:21:51,failed_login,密码错误自动重试,,T1110.001,,,,,,
H006566,2026-07-01 10:22:08,failed_login,密码错误自动重试,,T1110.001,,,,,,
H008871,2026-07-01 10:23:05,web_visit,访问内部 OA/知识库,,T1071,,mail.company.cn,,,,
H002907,2026-07-01 10:23:38,download,下载文档/更新包 3MB,,T1204.002,,,16098,,,
H001402,2026-07-01 10:26:10,web_visit,访问内部 OA/知识库,,T1071,,mail.company.cn,,,,
H004956,2026-07-01 10:27:01,web_visit,访问内部 OA/知识库,,T1071,,kb.company.cn,,,,
H006566,2026-07-01 10:32:54,email_open,阅读邮件（内部往来 1）,,,,kb.company.cn,,,,
H001796,2026-07-01 10:40:00,login,登录办公终端,,T1078,,,,,,
H005614,2026-07-01 10:41:33,login,登录办公终端,,T1078,,,,西安市,,
H006113,2026-07-01 10:43:19,email_open,阅读邮件（内部往来 2）,,,,docs.company.cn,,,,
H006311,2026-07-01 10:46:23,failed_login,密码错误自动重试,,T1110.001,,,,,,
H003910,2026-07-01 10:49:50,dns_query,域名解析,,T1071.001,,baidu.com,,,,
H000117,2026-07-01 10:51:36,email_open,阅读邮件（内部往来 2）,,,,docs.company.cn,,,,
H004146,2026-07-01 10:51:36,email_open,阅读邮件（内部往来 2）,,,,docs.company.cn,,,,
H008871,2026-07-01 10:52:28,failed_login,密码错误自动重试,,T1110.001,,,,,,
H004080,2026-07-01 10:52:51,web_visit,访问内部 OA/知识库,,T1071,,kb.company.cn,,,,
H004953,2026-07-01 10:55:16,email_open,阅读邮件（内部往来 1）,,,,kb.company.cn,,,,
H009903,2026-07-01 10:59:20,login,登录办公终端,,T1078,,,,天津市,,
H009982,2026-07-01 10:59:34,login,登录办公终端,,T1078,,,,东莞市,,
H000559,2026-07-01 11:00:35,login,登录办公终端,,T1078,,,,,,
H004956,2026-07-01 11:05:13,email_open,阅读邮件（内部往来 1）,,,,kb.company.cn,,,,
H006311,2026-07-01 11:08:11,login,登录办公终端,,T1078,,,,,,
H006566,2026-07-01 11:08:12,dns_query,域名解析,,T1071.001,,oa.company.cn,,,,
H000117,2026-07-01 11:09:02,email_open,阅读邮件（内部往来 4）,,,,oa.company.cn,,,,
H004080,2026-07-01 11:10:08,download,下载文档/更新包 3MB,,T1204.002,,,16634,,,
H003416,2026-07-01 11:11:11,email_open,阅读邮件（内部往来 2）,,,,mail.company.cn,,,,
H002223,2026-07-01 11:14:35,email_open,阅读邮件（内部往来 1）,,,,oa.company.cn,,,,
H003533,2026-07-01 11:15:15,upload,上传附件 2MB,,T1567,,docs.company.cn,3932,,,
H003910,2026-07-01 11:15:27,email_open,阅读邮件（内部往来 1）,,,,npm.company.cn,,,,
H008981,2026-07-01 11:18:48,data_stage,打包资料压缩包 90MB（内部协作）,,T1074.001,,,92160,,,
H006896,2026-07-01 11:19:08,email_open,阅读邮件（内部往来 2）,,,,wiki.company.cn,,,,
H000564,2026-07-01 11:21:32,login,登录办公终端,,T1078,,,,,,
H002907,2026-07-01 11:23:32,login,登录办公终端,,T1078,,,,,,
H006473,2026-07-01 11:25:31,email_open,阅读邮件（内部往来 1）,,,,npm.company.cn,,,,
H007030,2026-07-01 11:29:37,login,登录办公终端,,T1078,,,,西安市,,
H008154,2026-07-01 11:31:54,email_open,阅读邮件（内部往来 2）,,,,wiki.company.cn,,,,
H000117,2026-07-01 11:33:50,dns_query,域名解析,,T1071.001,,bilibili.com,,,,
H003416,2026-07-01 11:35:06,web_visit,访问内部 OA/知识库,,T1071,,oa.company.cn,,,,
H000763,2026-07-01 11:37:24,email_open,阅读邮件（内部往来 1）,,,,kb.company.cn,,,,
H000763,2026-07-01 11:40:09,login,登录办公终端,,T1078,,,,,,
H003910,2026-07-01 11:41:11,failed_login,密码错误自动重试,,T1110.001,,,,,,
H004724,2026-07-01 11:50:22,upload,上传附件 2MB,,T1567,,docs.company.cn,8516,,,
H009170,2026-07-01 11:54:50,email_open,阅读邮件（内部往来 1）,,,,npm.company.cn,,,,
H004953,2026-07-01 12:00:48,dns_query,域名解析,,T1071.001,,mail.company.cn,,,,
H003043,2026-07-01 12:01:59,email_open,阅读邮件（内部往来 2）,,,,docs.company.cn,,,,
H001402,2026-07-01 12:07:47,web_visit,访问内部 OA/知识库,,T1071,,wiki.company.cn,,,,
H005220,2026-07-01 12:11:12,email_open,阅读邮件（内部往来 2）,,,,mail.company.cn,,,,
H005220,2026-07-01 12:17:09,login,登录办公终端,,T1078,,,,,,
H001269,2026-07-01 12:20:03,email_open,阅读邮件（内部往来 1）,,,,wiki.company.cn,,,,
H009979,2026-07-01 12:20:57,email_open,阅读邮件（内部往来 1）,,,,docs.company.cn,,,,
H006049,2026-07-01 12:24:04,failed_login,密码错误自动重试,,T1110.001,,,,,,
H003533,2026-07-01 12:32:13,failed_login,密码错误自动重试,,T1110.001,,,,,,
H003893,2026-07-01 12:32:22,dns_query,域名解析,,T1071.001,,mail.company.cn,,,,
H009903,2026-07-01 12:39:45,web_visit,访问内部 OA/知识库,,T1071,,oa.company.cn,,,,
H006473,2026-07-01 12:39:50,web_visit,访问内部 OA/知识库,,T1071,,wiki.company.cn,,,,
H006473,2026-07-01 12:41:47,login,登录办公终端,,T1078,,,,苏州市,,
H004950,2026-07-01 12:48:11,dns_query,域名解析,,T1071.001,,npm.company.cn,,,,
H000527,2026-07-01 12:48:23,download,下载文档/更新包 17MB,,T1204.002,,,25666,,,
H001721,2026-07-01 12:51:43,email_open,阅读邮件（内部往来 1）,,,,kb.company.cn,,,,
H000559,2026-07-01 12:54:26,dns_query,域名解析,,T1071.001,,oa.company.cn,,,,
H009691,2026-07-01 12:56:30,email_open,阅读邮件（内部往来 1）,,,,kb.company.cn,,,,
H000117,2026-07-01 12:57:54,web_visit,访问内部 OA/知识库,,T1071,,kb.company.cn,,,,
H006566,2026-07-01 13:01:29,email_open,阅读邮件（内部往来 2）,,,,docs.company.cn,,,,
H009170,2026-07-01 13:06:37,web_visit,访问内部 OA/知识库,,T1071,,oa.company.cn,,,,
H006311,2026-07-01 13:19:50,web_visit,访问内部 OA/知识库,,T1071,,kb.company.cn,,,,
H004394,2026-07-01 13:20:02,email_open,阅读邮件（内部往来 1）,,,,wiki.company.cn,,,,
H001721,2026-07-01 13:24:11,web_visit,访问内部 OA/知识库,,T1071,,docs.company.cn,,,,
H008164,2026-07-01 13:35:56,login,登录办公终端,,T1078,,,,,,
H001796,2026-07-01 13:37:13,email_open,阅读邮件（内部往来 2）,,,,mail.company.cn,,,,
H001402,2026-07-01 13:43:51,email_open,阅读邮件（内部往来 1）,,,,mail.company.cn,,,,
H004717,2026-07-01 13:47:24,email_open,阅读邮件（内部往来 2）,,,,wiki.company.cn,,,,
H009535,2026-07-01 13:51:25,login,登录办公终端,,T1078,,,,,,
H009979,2026-07-01 13:53:09,login,登录办公终端,,T1078,,,,,,
H003833,2026-07-01 13:53:27,login,登录办公终端,,T1078,,,,,,
H005614,2026-07-01 14:09:49,failed_login,密码错误自动重试,,T1110.001,,,,,,
H009698,2026-07-01 14:10:54,web_visit,访问内部 OA/知识库,,T1071,,kb.company.cn,,,,
H004146,2026-07-01 14:20:27,email_open,阅读邮件（内部往来 1）,,,,docs.company.cn,,,,
H003533,2026-07-01 14:20:51,failed_login,密码错误自动重试,,T1110.001,,,,,,
H006113,2026-07-01 14:22:53,dns_query,域名解析,,T1071.001,,npm.company.cn,,,,
H006566,2026-07-01 14:31:42,web_visit,访问内部 OA/知识库,,T1071,,oa.company.cn,,,,
H003833,2026-07-01 14:38:08,email_open,阅读邮件（内部往来 2）,,,,kb.company.cn,,,,
H009535,2026-07-01 14:38:37,web_visit,访问内部 OA/知识库,,T1071,,docs.company.cn,,,,
H008871,2026-07-01 14:42:39,web_visit,访问内部 OA/知识库,,T1071,,mail.company.cn,,,,
H009691,2026-07-01 14:46:19,login,登录办公终端,,T1078,,,,东莞市,,
H009691,2026-07-01 14:50:22,upload,上传附件 12MB,,T1567,,docs.company.cn,7808,,,
H001419,2026-07-01 14:52:50,dns_query,域名解析,,T1071.001,,jd.com,,,,
H009698,2026-07-01 14:59:45,dns_query,域名解析,,T1071.001,,docs.company.cn,,,,
H004394,2026-07-01 15:02:09,email_open,阅读邮件（内部往来 2）,,,,wiki.company.cn,,,,
H003752,2026-07-01 15:06:35,login,登录办公终端,,T1078,,,,,,
H006049,2026-07-01 15:20:19,login,登录办公终端,,T1078,,,,,,
H005988,2026-07-01 15:27:13,login,登录办公终端,,T1078,,,,,,
H003752,2026-07-01 15:29:45,web_visit,访问内部 OA/知识库,,T1071,,mail.company.cn,,,,
H000763,2026-07-01 15:30:48,email_open,阅读邮件（内部往来 2）,,,,wiki.company.cn,,,,
H000763,2026-07-01 15:31:57,failed_login,密码错误自动重试,,T1110.001,,,,,,
H003910,2026-07-01 15:35:06,email_open,阅读邮件（内部往来 2）,,,,npm.company.cn,,,,
H007983,2026-07-01 15:35:21,web_visit,访问内部 OA/知识库,,T1071,,mail.company.cn,,,,
H007500,2026-07-01 15:39:27,failed_login,密码错误自动重试,,T1110.001,,,,,,
H003833,2026-07-01 15:41:28,email_open,阅读邮件（内部往来 1）,,,,oa.company.cn,,,,
H000559,2026-07-01 15:42:54,upload,上传附件 4MB,,T1567,,docs.company.cn,3088,,,
H009982,2026-07-01 15:46:58,download,下载文档/更新包 42MB,,T1204.002,,,39745,,,
H001419,2026-07-01 15:56:06,login,登录办公终端,,T1078,,,,,,
H003785,2026-07-01 15:57:01,email_open,阅读邮件（内部往来 2）,,,,kb.company.cn,,,,
H003533,2026-07-01 15:57:11,login,登录办公终端,,T1078,,,,武汉市,,
H003043,2026-07-01 15:58:55,email_open,阅读邮件（内部往来 1）,,,,wiki.company.cn,,,,
H009698,2026-07-01 15:59:38,email_open,阅读邮件（内部往来 4）,,,,wiki.company.cn,,,,
H003910,2026-07-01 15:59:43,failed_login,密码错误自动重试,,T1110.001,,,,,,
H004763,2026-07-01 16:01:12,dns_query,域名解析,,T1071.001,,qq.com,,,,
H004564,2026-07-01 16:01:53,login,登录办公终端,,T1078,,,,,,
H005767,2026-07-01 16:08:24,login,登录办公终端,,T1078,,,,,,
H003752,2026-07-01 16:13:16,web_visit,访问内部 OA/知识库,,T1071,,wiki.company.cn,,,,
H004763,2026-07-01 16:19:46,email_open,阅读邮件（内部往来 2）,,,,npm.company.cn,,,,
H009903,2026-07-01 16:21:24,download,下载文档/更新包 13MB,,T1204.002,,,37531,,,
H006896,2026-07-01 16:23:50,email_open,阅读邮件（内部往来 1）,,,,kb.company.cn,,,,
H003893,2026-07-01 16:26:54,login,登录办公终端,,T1078,,,,,,
H003833,2026-07-01 16:27:03,email_open,阅读邮件（内部往来 3）,,,,kb.company.cn,,,,
H009691,2026-07-01 16:28:15,failed_login,密码错误自动重试,,T1110.001,,,,,,
H004717,2026-07-01 16:35:15,web_visit,访问内部 OA/知识库,,T1071,,wiki.company.cn,,,,
H001269,2026-07-01 16:36:04,dns_query,域名解析,,T1071.001,,bilibili.com,,,,
H004080,2026-07-01 16:40:12,dns_query,域名解析,,T1071.001,,npm.company.cn,,,,
H001269,2026-07-01 16:43:23,login,登录办公终端,,T1078,,,,,,
H007983,2026-07-01 16:44:52,email_open,阅读邮件（内部往来 1）,,,,docs.company.cn,,,,
H006473,2026-07-01 16:47:17,web_visit,访问内部 OA/知识库,,T1071,,kb.company.cn,,,,
H004146,2026-07-01 16:49:01,failed_login,密码错误自动重试,,T1110.001,,,,,,
H002907,2026-07-01 16:50:24,web_visit,访问内部 OA/知识库,,T1071,,npm.company.cn,,,,
H004775,2026-07-01 16:52:21,web_visit,访问内部 OA/知识库,,T1071,,oa.company.cn,,,,
H009691,2026-07-01 16:53:11,failed_login,密码错误自动重试,,T1110.001,,,,,,
H004775,2026-07-01 16:59:54,failed_login,密码错误自动重试,,T1110.001,,,,,,
H007500,2026-07-01 16:59:54,failed_login,密码错误自动重试,,T1110.001,,,,,,
H009698,2026-07-01 17:02:18,login,登录办公终端,,T1078,,,,,,
H002479,2026-07-01 17:03:17,failed_login,密码错误自动重试,,T1110.001,,,,,,
H003416,2026-07-01 17:06:07,sensitive_access,查询项目文档（本职工作）,,T1005,,,,,,
H004717,2026-07-01 17:07:25,email_open,阅读邮件（内部往来 1）,,,,wiki.company.cn,,,,
H000763,2026-07-01 17:07:32,dns_query,域名解析,,T1071.001,,taobao.com,,,,
H000527,2026-07-01 17:08:54,login,登录办公终端,,T1078,,,,,,
H003785,2026-07-01 17:08:57,login,登录办公终端,,T1078,,,,苏州市,,
H004953,2026-07-01 17:13:10,login,登录办公终端,,T1078,,,,南京市,,
H001796,2026-07-01 17:13:54,web_visit,访问内部 OA/知识库,,T1071,,wiki.company.cn,,,,
H003910,2026-07-01 17:14:45,failed_login,密码错误自动重试,,T1110.001,,,,,,
H004394,2026-07-01 17:21:30,web_visit,访问内部 OA/知识库,,T1071,,oa.company.cn,,,,
H000117,2026-07-01 17:22:02,failed_login,密码错误自动重试,,T1110.001,,,,,,
H000559,2026-07-01 17:22:06,email_open,阅读邮件（内部往来 2）,,,,wiki.company.cn,,,,
H003043,2026-07-01 17:25:40,download,下载文档/更新包 11MB,,T1204.002,,,36526,,,
H005220,2026-07-01 17:28:17,email_open,阅读邮件（内部往来 1）,,,,npm.company.cn,,,,
H009535,2026-07-01 17:28:52,email_open,阅读邮件（内部往来 1）,,,,wiki.company.cn,,,,
H000527,2026-07-01 17:30:14,email_open,阅读邮件（内部往来 2）,,,,npm.company.cn,,,,
H001402,2026-07-01 17:31:04,login,登录办公终端,,T1078,,,,,,
H000564,2026-07-01 17:31:39,web_visit,访问内部 OA/知识库,,T1071,,oa.company.cn,,,,
H003752,2026-07-01 17:33:06,email_open,阅读邮件（内部往来 1）,,,,mail.company.cn,,,,
H007983,2026-07-01 17:36:03,web_visit,访问内部 OA/知识库,,T1071,,mail.company.cn,,,,
H003043,2026-07-01 17:36:08,login,登录办公终端,,T1078,,,,,,
H004956,2026-07-01 17:46:10,failed_login,密码错误自动重试,,T1110.001,,,,,,
H007500,2026-07-01 17:50:45,web_visit,访问内部 OA/知识库,,T1071,,wiki.company.cn,,,,
H001721,2026-07-01 17:51:11,email_open,阅读邮件（内部往来 2）,,,,oa.company.cn,,,,
H002223,2026-07-01 17:52:08,dns_query,域名解析,,T1071.001,,jd.com,,,,
H009691,2026-07-01 18:03:41,web_visit,访问内部 OA/知识库,,T1071,,npm.company.cn,,,,
H004564,2026-07-01 18:03:51,dns_query,域名解析,,T1071.001,,baidu.com,,,,
H003043,2026-07-01 18:05:08,dns_query,域名解析,,T1071.001,,npm.company.cn,,,,
H004950,2026-07-01 18:05:31,email_open,阅读邮件（内部往来 1）,,,,docs.company.cn,,,,
H006311,2026-07-01 18:07:11,failed_login,密码错误自动重试,,T1110.001,,,,,,
H003785,2026-07-01 18:08:18,dns_query,域名解析,,T1071.001,,weibo.com,,,,
H005988,2026-07-01 18:11:46,download,下载文档/更新包 30MB,,T1204.002,,,36230,,,
H004950,2026-07-01 18:13:07,login,登录办公终端,,T1078,,,,,,
H000117,2026-07-01 18:13:23,web_visit,访问内部 OA/知识库,,T1071,,wiki.company.cn,,,,
H009698,2026-07-01 18:15:03,email_open,阅读邮件（内部往来 2）,,,,kb.company.cn,,,,
H004564,2026-07-01 18:16:10,failed_login,密码错误自动重试,,T1110.001,,,,,,
H002223,2026-07-01 18:17:45,download,下载文档/更新包 4MB,,T1204.002,,,37136,,,
H000527,2026-07-01 18:17:58,failed_login,密码错误自动重试,,T1110.001,,,,,,
H009170,2026-07-01 18:20:32,email_open,阅读邮件（内部往来 2）,,,,wiki.company.cn,,,,
H003416,2026-07-01 18:22:14,email_open,阅读邮件（内部往来 1）,,,,docs.company.cn,,,,
H006566,2026-07-01 18:35:37,login,登录办公终端,,T1078,,,,,,
H000438,2026-07-01 18:41:35,web_visit,访问内部 OA/知识库,,T1071,,mail.company.cn,,,,
H005614,2026-07-01 18:44:19,web_visit,访问内部 OA/知识库,,T1071,,npm.company.cn,,,,
H000564,2026-07-01 18:51:04,dns_query,域名解析,,T1071.001,,weibo.com,,,,
H003785,2026-07-01 18:51:49,web_visit,访问内部 OA/知识库,,T1071,,docs.company.cn,,,,
H002907,2026-07-01 18:56:27,email_open,阅读邮件（内部往来 1）,,,,wiki.company.cn,,,,
H001402,2026-07-01 18:57:05,download,下载文档/更新包 19MB,,T1204.002,,,38214,,,
H000117,2026-07-01 18:59:46,download,下载文档/更新包 37MB,,T1204.002,,,44467,,,
H005220,2026-07-01 19:07:57,email_open,阅读邮件（内部往来 3）,,,,mail.company.cn,,,,
H008164,2026-07-01 19:12:15,web_visit,访问内部 OA/知识库,,T1071,,kb.company.cn,,,,
H006049,2026-07-01 19:14:14,email_open,阅读邮件（内部往来 1）,,,,kb.company.cn,,,,
H003910,2026-07-01 19:29:13,login,登录办公终端,,T1078,,,,,,
H008871,2026-07-01 19:32:21,email_open,阅读邮件（内部往来 1）,,,,npm.company.cn,,,,
H005220,2026-07-01 19:35:56,failed_login,密码错误自动重试,,T1110.001,,,,,,
H001419,2026-07-01 19:36:18,failed_login,密码错误自动重试,,T1110.001,,,,,,
H000117,2026-07-01 19:40:20,login,登录办公终端,,T1078,,,,,,
H002479,2026-07-01 19:41:30,web_visit,访问内部 OA/知识库,,T1071,,wiki.company.cn,,,,
H006566,2026-07-01 19:43:26,email_open,阅读邮件（内部往来 3）,,,,oa.company.cn,,,,
H009535,2026-07-01 19:43:48,download,下载文档/更新包 1MB,,T1204.002,,,21234,,,
H008154,2026-07-01 19:46:32,email_open,阅读邮件（内部往来 1）,,,,wiki.company.cn,,,,
H000527,2026-07-01 19:48:27,email_open,阅读邮件（内部往来 1）,,,,mail.company.cn,,,,
H004080,2026-07-01 19:49:17,email_open,阅读邮件（内部往来 1）,,,,kb.company.cn,,,,
H006113,2026-07-01 19:52:15,email_open,阅读邮件（内部往来 1）,,,,npm.company.cn,,,,
H009982,2026-07-01 19:56:12,email_open,阅读邮件（内部往来 1）,,,,wiki.company.cn,,,,
H007983,2026-07-01 19:56:58,login,登录办公终端,,T1078,,,,,,
H004953,2026-07-01 19:58:08,failed_login,密码错误自动重试,,T1110.001,,,,,,
H005614,2026-07-01 20:10:23,email_open,阅读邮件（内部往来 1）,,,,wiki.company.cn,,,,
H006473,2026-07-01 20:24:34,failed_login,密码错误自动重试,,T1110.001,,,,,,
H008871,2026-07-01 20:25:59,login,登录办公终端,,T1078,,,,南京市,,
H006113,2026-07-01 20:35:28,login,登录办公终端,,T1078,,,,武汉市,,
H000763,2026-07-01 20:39:05,download,下载文档/更新包 1MB,,T1204.002,,,17621,,,
H009903,2026-07-01 20:41:47,email_open,阅读邮件（内部往来 1）,,,,kb.company.cn,,,,
H002479,2026-07-01 20:45:35,login,登录办公终端,,T1078,,,,天津市,,
H004724,2026-07-01 20:46:48,login,登录办公终端,,T1078,,,,,,
H007983,2026-07-01 20:49:36,download,下载文档/更新包 12MB,,T1204.002,,,28367,,,
H006896,2026-07-01 20:59:44,login,登录办公终端,,T1078,,,,,,
H008154,2026-07-01 21:07:42,login,登录办公终端,,T1078,,,,,,
H002907,2026-07-01 21:10:27,web_visit,访问内部 OA/知识库,,T1071,,npm.company.cn,,,,
H003785,2026-07-01 21:15:26,email_open,阅读邮件（内部往来 1）,,,,kb.company.cn,,,,
H005988,2026-07-01 21:26:47,email_open,阅读邮件（内部往来 1）,,,,npm.company.cn,,,,
H004775,2026-07-01 21:40:56,login,登录办公终端,,T1078,,,,,,
H003533,2026-07-01 21:50:42,failed_login,密码错误自动重试,,T1110.001,,,,,,
H005767,2026-07-01 21:56:59,download,下载文档/更新包 3MB,,T1204.002,,,6548,,,
H004146,2026-07-01 22:03:31,login,登录办公终端,,T1078,,,,,,
H009698,2026-07-01 22:03:48,email_open,阅读邮件（内部往来 1）,,,,docs.company.cn,,,,
H007030,2026-07-01 22:54:08,failed_login,密码错误自动重试,,T1110.001,,,,,,
H002479,2026-07-01 23:23:14,email_open,阅读邮件（内部往来 1）,,,,mail.company.cn,,,,
H009982,2026-07-02 00:16:49,failed_login,密码错误自动重试,,T1110.001,,,,,,
H006566,2026-07-02 00:23:40,email_open,阅读邮件（内部往来 1）,,,,npm.company.cn,,,,
H001668,2026-07-02 00:28:42,upload,上传附件 8MB,,T1567,,docs.company.cn,2237,,,
H006750,2026-07-02 03:55:37,login,登录办公终端,,T1078,,,,,,
H003043,2026-07-02 06:01:19,failed_login,密码错误自动重试,,T1110.001,,,,,,
H003910,2026-07-02 06:15:19,email_open,阅读邮件（内部往来 1）,,,,docs.company.cn,,,,
H006566,2026-07-02 07:07:44,dns_query,域名解析,,T1071.001,,npm.company.cn,,,,
H006738,2026-07-02 07:32:39,email_open,阅读邮件（内部往来 3）,,,,wiki.company.cn,,,,
H009535,2026-07-02 08:00:39,download,下载文档/更新包 2MB,,T1204.002,,,20347,,,
H001402,2026-07-02 08:02:43,failed_login,密码错误自动重试,,T1110.001,,,,,,
H006049,2026-07-02 08:04:09,email_open,阅读邮件（内部往来 1）,,,,mail.company.cn,,,,
H006113,2026-07-02 08:04:39,email_open,阅读邮件（内部往来 2）,,,,npm.company.cn,,,,
H006738,2026-07-02 08:06:27,login,登录办公终端,,T1078,,,,,,
H006750,2026-07-02 08:08:01,email_open,阅读邮件（内部往来 2）,,,,npm.company.cn,,,,
H004394,2026-07-02 08:08:11,failed_login,密码错误自动重试,,T1110.001,,,,,,
H006747,2026-07-02 08:12:08,web_visit,访问内部 OA/知识库,,T1071,,kb.company.cn,,,,
H004763,2026-07-02 08:14:00,web_visit,访问内部 OA/知识库,,T1071,,oa.company.cn,,,,
H001419,2026-07-02 08:21:12,login,登录办公终端,,T1078,,,,,,
H004564,2026-07-02 08:23:35,failed_login,密码错误自动重试,,T1110.001,,,,,,
H007458,2026-07-02 08:25:12,dns_query,域名解析,,T1071.001,,oa.company.cn,,,,
H001986,2026-07-02 08:26:36,dns_query,域名解析,,T1071.001,,docs.company.cn,,,,
H000564,2026-07-02 08:28:23,email_open,阅读邮件（内部往来 1）,,,,oa.company.cn,,,,
H000805,2026-07-02 08:34:39,login,登录办公终端,,T1078,,,,,,
H004953,2026-07-02 08:42:46,email_open,阅读邮件（内部往来 1）,,,,mail.company.cn,,,,
H004564,2026-07-02 08:55:14,email_open,阅读邮件（内部往来 1）,,,,mail.company.cn,,,,
H004763,2026-07-02 08:58:51,email_open,阅读邮件（内部往来 2）,,,,oa.company.cn,,,,
H001402,2026-07-02 09:01:09,dns_query,域名解析,,T1071.001,,wiki.company.cn,,,,
H003533,2026-07-02 09:04:00,email_open,阅读邮件（内部往来 1）,,,,kb.company.cn,,,,
H006113,2026-07-02 09:05:20,login,登录办公终端,,T1078,,,,武汉市,,
H009903,2026-07-02 09:07:54,failed_login,密码错误自动重试,,T1110.001,,,,,,
H006566,2026-07-02 09:08:29,web_visit,访问内部 OA/知识库,,T1071,,wiki.company.cn,,,,
H003923,2026-07-02 09:12:07,email_open,阅读邮件（内部往来 2）,,,,oa.company.cn,,,,
H004564,2026-07-02 09:16:34,login,登录办公终端,,T1078,,,,,,
H000805,2026-07-02 09:18:40,web_visit,访问内部 OA/知识库,,T1071,,kb.company.cn,,,,
H006311,2026-07-02 09:21:31,dns_query,域名解析,,T1071.001,,docs.company.cn,,,,
H001819,2026-07-02 09:22:29,email_open,阅读邮件（内部往来 1）,,,,oa.company.cn,,,,
H005614,2026-07-02 09:26:58,web_visit,访问内部 OA/知识库,,T1071,,docs.company.cn,,,,
H004146,2026-07-02 09:27:00,login,登录办公终端,,T1078,,,,,,
H006311,2026-07-02 09:29:13,login,登录办公终端,,T1078,,,,,,
H008164,2026-07-02 09:30:47,web_visit,访问内部 OA/知识库,,T1071,,mail.company.cn,,,,
H007512,2026-07-02 09:30:51,failed_login,密码错误自动重试,,T1110.001,,,,,,
H001721,2026-07-02 09:33:08,web_visit,访问内部 OA/知识库,,T1071,,docs.company.cn,,,,
H008154,2026-07-02 09:34:11,dns_query,域名解析,,T1071.001,,zhihu.com,,,,
H006113,2026-07-02 09:34:52,web_visit,访问内部 OA/知识库,,T1071,,npm.company.cn,,,,
H001269,2026-07-02 09:37:46,email_open,阅读邮件（内部往来 1）,,,,kb.company.cn,,,,
H008154,2026-07-02 09:38:22,email_open,阅读邮件（内部往来 1）,,,,npm.company.cn,,,,
H006373,2026-07-02 09:41:20,web_visit,访问内部 OA/知识库,,T1071,,kb.company.cn,,,,
H004146,2026-07-02 09:41:25,web_visit,访问内部 OA/知识库,,T1071,,docs.company.cn,,,,
H006419,2026-07-02 09:43:50,login,登录办公终端,,T1078,,,,南京市,,
H001796,2026-07-02 09:45:38,email_open,阅读邮件（内部往来 1）,,,,kb.company.cn,,,,
H009903,2026-07-02 09:49:56,web_visit,访问内部 OA/知识库,,T1071,,mail.company.cn,,,,
H001721,2026-07-02 09:50:05,login,登录办公终端,,T1078,,,,,,
H001419,2026-07-02 09:53:48,email_open,阅读邮件（内部往来 1）,,,,kb.company.cn,,,,
H006049,2026-07-02 09:55:06,login,登录办公终端,,T1078,,,,,,
H000805,2026-07-02 09:55:34,web_visit,访问内部 OA/知识库,,T1071,,docs.company.cn,,,,
H008164,2026-07-02 09:58:10,email_open,阅读邮件（内部往来 2）,,,,wiki.company.cn,,,,
H006311,2026-07-02 10:01:15,email_open,阅读邮件（内部往来 1）,,,,oa.company.cn,,,,
H001402,2026-07-02 10:01:41,failed_login,密码错误自动重试,,T1110.001,,,,,,
H008871,2026-07-02 10:01:43,failed_login,密码错误自动重试,,T1110.001,,,,,,
H001796,2026-07-02 10:05:06,download,下载文档/更新包 41MB,,T1204.002,,,9406,,,
H004902,2026-07-02 10:07:36,rule_create,设置邮件自动归档规则,,T1114.002,,,,,,
H009170,2026-07-02 10:17:56,email_open,阅读邮件（内部往来 2）,,,,npm.company.cn,,,,
H004080,2026-07-02 10:18:02,web_visit,访问内部 OA/知识库,,T1071,,oa.company.cn,,,,
H002223,2026-07-02 10:21:25,web_visit,访问内部 OA/知识库,,T1071,,oa.company.cn,,,,
H001269,2026-07-02 10:23:30,login,登录办公终端,,T1078,,,,,,
H004080,2026-07-02 10:24:16,web_visit,访问内部 OA/知识库,,T1071,,mail.company.cn,,,,
H004394,2026-07-02 10:26:19,web_visit,访问内部 OA/知识库,,T1071,,mail.company.cn,,,,
H007030,2026-07-02 10:27:26,download,下载文档/更新包 24MB,,T1204.002,,,23202,,,
H008214,2026-07-02 10:28:20,download,下载文档/更新包 23MB,,T1204.002,,,39378,,,
H009500,2026-07-02 10:36:25,login,登录办公终端,,T1078,,,,,,
H004763,2026-07-02 10:36:54,email_open,阅读邮件（内部往来 3）,,,,mail.company.cn,,,,
H009170,2026-07-02 10:38:28,dns_query,域名解析,,T1071.001,,baidu.com,,,,
H006566,2026-07-02 10:38:53,email_open,阅读邮件（内部往来 2）,,,,kb.company.cn,,,,
H004394,2026-07-02 10:39:07,web_visit,访问内部 OA/知识库,,T1071,,wiki.company.cn,,,,
H002223,2026-07-02 10:39:10,email_open,阅读邮件（内部往来 1）,,,,oa.company.cn,,,,
H005767,2026-07-02 10:41:55,web_visit,访问内部 OA/知识库,,T1071,,mail.company.cn,,,,
H008931,2026-07-02 10:43:25,email_open,阅读邮件（内部往来 1）,,,,kb.company.cn,,,,
H001986,2026-07-02 10:44:06,email_open,阅读邮件（内部往来 1）,,,,mail.company.cn,,,,
H001721,2026-07-02 10:48:52,email_open,阅读邮件（内部往来 3）,,,,wiki.company.cn,,,,
H008871,2026-07-02 10:52:36,web_visit,访问内部 OA/知识库,,T1071,,npm.company.cn,,,,
H006113,2026-07-02 10:54:10,email_open,阅读邮件（内部往来 1）,,,,docs.company.cn,,,,
H009698,2026-07-02 11:02:05,login,登录办公终端,,T1078,,,,,,
H003910,2026-07-02 11:03:03,web_visit,访问内部 OA/知识库,,T1071,,kb.company.cn,,,,
H009535,2026-07-02 11:03:55,email_open,阅读邮件（内部往来 2）,,,,oa.company.cn,,,,
H001819,2026-07-02 11:07:37,download,下载文档/更新包 12MB,,T1204.002,,,3201,,,
H000987,2026-07-02 11:15:51,web_visit,访问内部 OA/知识库,,T1071,,kb.company.cn,,,,
H000805,2026-07-02 11:16:48,failed_login,密码错误自动重试,,T1110.001,,,,,,
H009982,2026-07-02 11:17:44,failed_login,密码错误自动重试,,T1110.001,,,,,,
H000564,2026-07-02 11:18:04,login,登录办公终端,,T1078,,,,,,
H006373,2026-07-02 11:24:39,failed_login,密码错误自动重试,,T1110.001,,,,,,
H001819,2026-07-02 11:29:18,failed_login,密码错误自动重试,,T1110.001,,,,,,
H006373,2026-07-02 11:32:46,dns_query,域名解析,,T1071.001,,mail.company.cn,,,,
H001402,2026-07-02 11:33:13,failed_login,密码错误自动重试,,T1110.001,,,,,,
H001419,2026-07-02 11:33:49,web_visit,访问内部 OA/知识库,,T1071,,mail.company.cn,,,,
H007512,2026-07-02 11:34:57,email_open,阅读邮件（内部往来 1）,,,,wiki.company.cn,,,,
H004360,2026-07-02 11:35:55,login,登录办公终端,,T1078,,,,苏州市,,
H004816,2026-07-02 11:40:09,web_visit,访问内部 OA/知识库,,T1071,,npm.company.cn,,,,
H001819,2026-07-02 11:40:10,web_visit,访问内部 OA/知识库,,T1071,,npm.company.cn,,,,
H007983,2026-07-02 11:41:10,login,登录办公终端,,T1078,,,,,,
H009903,2026-07-02 11:43:23,upload,上传附件 13MB,,T1567,,docs.company.cn,10792,,,
H003043,2026-07-02 11:45:49,dns_query,域名解析,,T1071.001,,mail.company.cn,,,,
H004394,2026-07-02 11:48:13,dns_query,域名解析,,T1071.001,,baidu.com,,,,
H009500,2026-07-02 11:57:36,email_open,阅读邮件（内部往来 2）,,,,wiki.company.cn,,,,
H004763,2026-07-02 11:57:38,login,登录办公终端,,T1078,,,,,,
H006566,2026-07-02 11:58:27,email_open,阅读邮件（内部往来 3）,,,,npm.company.cn,,,,
H002907,2026-07-02 11:59:40,dns_query,域名解析,,T1071.001,,baidu.com,,,,
H007458,2026-07-02 11:59:49,download,下载文档/更新包 24MB,,T1204.002,,,3635,,,
H003833,2026-07-02 12:01:11,dns_query,域名解析,,T1071.001,,kb.company.cn,,,,
H001269,2026-07-02 12:03:41,dns_query,域名解析,,T1071.001,,mail.company.cn,,,,
H004360,2026-07-02 12:03:51,dns_query,域名解析,,T1071.001,,zhihu.com,,,,
H006738,2026-07-02 12:10:07,email_open,阅读邮件（内部往来 2）,,,,wiki.company.cn,,,,
H008871,2026-07-02 12:10:59,login,登录办公终端,,T1078,,,,南京市,,
H004950,2026-07-02 12:11:51,dns_query,域名解析,,T1071.001,,weibo.com,,,,
H007458,2026-07-02 12:16:16,login,登录办公终端,,T1078,,,,,,
H001419,2026-07-02 12:16:23,email_open,阅读邮件（内部往来 2）,,,,kb.company.cn,,,,
H001824,2026-07-02 12:17:05,dns_query,域名解析,,T1071.001,,wiki.company.cn,,,,
H007030,2026-07-02 12:20:48,email_open,阅读邮件（内部往来 1）,,,,wiki.company.cn,,,,
H006750,2026-07-02 12:39:40,email_open,阅读邮件（内部往来 3）,,,,docs.company.cn,,,,
H006750,2026-07-02 12:43:12,email_open,阅读邮件（内部往来 1）,,,,kb.company.cn,,,,
H006738,2026-07-02 12:43:33,email_open,阅读邮件（内部往来 1）,,,,wiki.company.cn,,,,
H009170,2026-07-02 12:47:31,login,登录办公终端,,T1078,,,,,,
H004816,2026-07-02 12:50:40,failed_login,密码错误自动重试,,T1110.001,,,,,,
H001721,2026-07-02 12:50:42,email_open,阅读邮件（内部往来 2）,,,,npm.company.cn,,,,
H006419,2026-07-02 12:53:10,download,下载文档/更新包 17MB,,T1204.002,,,22518,,,
H007512,2026-07-02 13:01:01,failed_login,密码错误自动重试,,T1110.001,,,,,,
H006113,2026-07-02 13:02:10,failed_login,密码错误自动重试,,T1110.001,,,,,,
H003910,2026-07-02 13:02:13,download,下载文档/更新包 23MB,,T1204.002,,,12381,,,
H003910,2026-07-02 13:08:48,email_open,阅读邮件（内部往来 2）,,,,mail.company.cn,,,,
H006566,2026-07-02 13:14:54,failed_login,密码错误自动重试,,T1110.001,,,,,,
H003910,2026-07-02 13:17:13,upload,上传附件 11MB,,T1567,,docs.company.cn,13482,,,
H009500,2026-07-02 13:20:41,web_visit,访问内部 OA/知识库,,T1071,,kb.company.cn,,,,
H009979,2026-07-02 13:28:39,download,下载文档/更新包 2MB,,T1204.002,,,30598,,,
H001547,2026-07-02 13:30:26,login,登录办公终端,,T1078,,,,南京市,,
H008214,2026-07-02 13:30:30,email_open,阅读邮件（内部往来 2）,,,,oa.company.cn,,,,
H004080,2026-07-02 13:31:50,email_open,阅读邮件（内部往来 2）,,,,docs.company.cn,,,,
H002907,2026-07-02 13:37:09,download,下载文档/更新包 19MB,,T1204.002,,,5677,,,
H004394,2026-07-02 13:42:06,email_open,阅读邮件（内部往来 1）,,,,mail.company.cn,,,,
H004950,2026-07-02 13:46:07,login,登录办公终端,,T1078,,,,,,
H007458,2026-07-02 13:52:17,email_open,阅读邮件（内部往来 1）,,,,docs.company.cn,,,,
H000564,2026-07-02 13:52:47,failed_login,密码错误自动重试,,T1110.001,,,,,,
H008164,2026-07-02 13:58:13,dns_query,域名解析,,T1071.001,,wiki.company.cn,,,,
H005767,2026-07-02 14:08:19,email_open,阅读邮件（内部往来 2）,,,,kb.company.cn,,,,
H006311,2026-07-02 14:13:16,email_open,阅读邮件（内部往来 2）,,,,docs.company.cn,,,,
H004146,2026-07-02 14:19:56,email_open,阅读邮件（内部往来 2）,,,,mail.company.cn,,,,
H009903,2026-07-02 14:20:37,web_visit,访问内部 OA/知识库,,T1071,,npm.company.cn,,,,
H005614,2026-07-02 14:27:43,dns_query,域名解析,,T1071.001,,github.com,,,,
H007030,2026-07-02 14:33:38,login,登录办公终端,,T1078,,,,西安市,,
H001824,2026-07-02 14:37:26,email_open,阅读邮件（内部往来 3）,,,,mail.company.cn,,,,
H009698,2026-07-02 14:38:51,dns_query,域名解析,,T1071.001,,mail.company.cn,,,,
H007030,2026-07-02 14:45:16,dns_query,域名解析,,T1071.001,,baidu.com,,,,
H003923,2026-07-02 14:50:55,web_visit,访问内部 OA/知识库,,T1071,,docs.company.cn,,,,
H004394,2026-07-02 14:56:29,login,登录办公终端,,T1078,,,,,,
H008871,2026-07-02 15:00:37,web_visit,访问内部 OA/知识库,,T1071,,oa.company.cn,,,,
H007983,2026-07-02 15:04:01,email_open,阅读邮件（内部往来 1）,,,,oa.company.cn,,,,
H005767,2026-07-02 15:08:07,upload,上传附件 8MB,,T1567,,docs.company.cn,1817,,,
H009698,2026-07-02 15:08:59,failed_login,密码错误自动重试,,T1110.001,,,,,,
H009979,2026-07-02 15:11:33,failed_login,密码错误自动重试,,T1110.001,,,,,,
H000564,2026-07-02 15:11:58,email_open,阅读邮件（内部往来 2）,,,,wiki.company.cn,,,,
H001547,2026-07-02 15:13:05,failed_login,密码错误自动重试,,T1110.001,,,,,,
H004816,2026-07-02 15:17:05,web_visit,访问内部 OA/知识库,,T1071,,oa.company.cn,,,,
H002907,2026-07-02 15:19:22,login,登录办公终端,,T1078,,,,,,
H008931,2026-07-02 15:20:25,login,登录办公终端,,T1078,,,,,,
H004564,2026-07-02 15:21:11,web_visit,访问内部 OA/知识库,,T1071,,docs.company.cn,,,,
H004080,2026-07-02 15:28:20,login,登录办公终端,,T1078,,,,,,
H000466,2026-07-02 15:28:56,email_open,阅读邮件（内部往来 1）,,,,npm.company.cn,,,,
H001402,2026-07-02 15:29:47,email_open,阅读邮件（内部往来 1）,,,,wiki.company.cn,,,,
H001269,2026-07-02 15:35:31,download,下载文档/更新包 15MB,,T1204.002,,,14703,,,
H006566,2026-07-02 15:42:44,login,登录办公终端,,T1078,,,,,,
H004146,2026-07-02 15:43:40,email_open,阅读邮件（内部往来 1）,,,,kb.company.cn,,,,
H003833,2026-07-02 15:46:05,web_visit,访问内部 OA/知识库,,T1071,,oa.company.cn,,,,
H002223,2026-07-02 15:49:01,dns_query,域名解析,,T1071.001,,bilibili.com,,,,
H006113,2026-07-02 15:50:03,failed_login,密码错误自动重试,,T1110.001,,,,,,
H009979,2026-07-02 15:58:54,email_open,阅读邮件（内部往来 1）,,,,npm.company.cn,,,,
H009535,2026-07-02 15:59:22,email_open,阅读邮件（内部往来 1）,,,,npm.company.cn,,,,
H000805,2026-07-02 15:59:44,email_open,阅读邮件（内部往来 1）,,,,oa.company.cn,,,,
H006113,2026-07-02 16:01:52,web_visit,访问内部 OA/知识库,,T1071,,mail.company.cn,,,,
H001824,2026-07-02 16:02:09,failed_login,密码错误自动重试,,T1110.001,,,,,,
H007983,2026-07-02 16:06:23,failed_login,密码错误自动重试,,T1110.001,,,,,,
H004950,2026-07-02 16:12:12,web_visit,访问内部 OA/知识库,,T1071,,oa.company.cn,,,,
H009500,2026-07-02 16:12:55,email_open,阅读邮件（内部往来 1）,,,,kb.company.cn,,,,
H001269,2026-07-02 16:22:46,web_visit,访问内部 OA/知识库,,T1071,,wiki.company.cn,,,,
H004564,2026-07-02 16:28:03,mfa_denied,新设备 MFA 验证失败一次后成功,,T1621,,,,,,
H003923,2026-07-02 16:29:32,email_open,阅读邮件（内部往来 1）,,,,wiki.company.cn,,,,
H005767,2026-07-02 16:30:53,email_open,阅读邮件（内部往来 1）,,,,kb.company.cn,,,,
H004763,2026-07-02 16:36:11,email_open,阅读邮件（内部往来 1）,,,,wiki.company.cn,,,,
H001824,2026-07-02 16:38:24,login,登录办公终端,,T1078,,,,,,
H004775,2026-07-02 16:40:54,login,登录办公终端,,T1078,,,,,,
H001402,2026-07-02 16:43:48,download,下载文档/更新包 2MB,,T1204.002,,,39498,,,
H004775,2026-07-02 16:45:43,email_open,阅读邮件（内部往来 2）,,,,mail.company.cn,,,,
H004149,2026-07-02 16:46:59,smb_connect,访问文件服务器共享目录,,T1021.002,,,,,,FILE-SRV01
H009500,2026-07-02 16:48:47,web_visit,访问内部 OA/知识库,,T1071,,kb.company.cn,,,,
H001986,2026-07-02 16:52:42,login,登录办公终端,,T1078,,,,,,
H000805,2026-07-02 16:57:17,failed_login,密码错误自动重试,,T1110.001,,,,,,
H008931,2026-07-02 16:57:35,email_open,阅读邮件（内部往来 3）,,,,oa.company.cn,,,,
H009170,2026-07-02 17:01:51,email_open,阅读邮件（内部往来 1）,,,,oa.company.cn,,,,
H001986,2026-07-02 17:04:54,web_visit,访问内部 OA/知识库,,T1071,,oa.company.cn,,,,
H008164,2026-07-02 17:07:27,web_visit,访问内部 OA/知识库,,T1071,,wiki.company.cn,,,,
H008164,2026-07-02 17:10:11,email_open,阅读邮件（内部往来 1）,,,,wiki.company.cn,,,,
H001668,2026-07-02 17:10:57,login,登录办公终端,,T1078,,,,,,
H001547,2026-07-02 17:11:12,web_visit,访问内部 OA/知识库,,T1071,,npm.company.cn,,,,
H003043,2026-07-02 17:12:30,login,登录办公终端,,T1078,,,,,,
H001824,2026-07-02 17:14:05,email_open,阅读邮件（内部往来 2）,,,,docs.company.cn,,,,
H002894,2026-07-02 17:16:28,login,登录办公终端,,T1078,,,,,,
H003043,2026-07-02 17:16:53,email_open,阅读邮件（内部往来 1）,,,,wiki.company.cn,,,,
H004360,2026-07-02 17:17:56,failed_login,密码错误自动重试,,T1110.001,,,,,,
H005614,2026-07-02 17:19:20,email_open,阅读邮件（内部往来 1）,,,,docs.company.cn,,,,
H008214,2026-07-02 17:20:46,email_open,阅读邮件（内部往来 1）,,,,mail.company.cn,,,,
H006373,2026-07-02 17:21:17,web_visit,访问内部 OA/知识库,,T1071,,kb.company.cn,,,,
H007512,2026-07-02 17:21:56,web_visit,访问内部 OA/知识库,,T1071,,kb.company.cn,,,,
H004816,2026-07-02 17:23:36,dns_query,域名解析,,T1071.001,,zhihu.com,,,,
H006311,2026-07-02 17:34:05,failed_login,密码错误自动重试,,T1110.001,,,,,,
H001419,2026-07-02 17:35:58,download,下载文档/更新包 42MB,,T1204.002,,,42241,,,
H004080,2026-07-02 17:36:12,email_open,阅读邮件（内部往来 3）,,,,kb.company.cn,,,,
H003910,2026-07-02 17:36:16,login,登录办公终端,,T1078,,,,,,
H003833,2026-07-02 17:37:27,email_open,阅读邮件（内部往来 1）,,,,docs.company.cn,,,,
H000564,2026-07-02 17:38:58,failed_login,密码错误自动重试,,T1110.001,,,,,,
H003910,2026-07-02 17:40:03,failed_login,密码错误自动重试,,T1110.001,,,,,,
H001819,2026-07-02 17:41:38,login,登录办公终端,,T1078,,,,,,
H004950,2026-07-02 17:44:17,download,下载文档/更新包 27MB,,T1204.002,,,42588,,,
H009982,2026-07-02 17:44:28,dns_query,域名解析,,T1071.001,,zhihu.com,,,,
H007983,2026-07-02 17:46:14,web_visit,访问内部 OA/知识库,,T1071,,mail.company.cn,,,,
H009982,2026-07-02 17:49:19,login,登录办公终端,,T1078,,,,东莞市,,
H004816,2026-07-02 17:50:12,login,登录办公终端,,T1078,,,,,,
H000564,2026-07-02 17:50:21,web_visit,访问内部 OA/知识库,,T1071,,npm.company.cn,,,,
H001824,2026-07-02 17:53:01,email_open,阅读邮件（内部往来 1）,,,,wiki.company.cn,,,,
H009903,2026-07-02 17:54:13,download,下载文档/更新包 1MB,,T1204.002,,,14179,,,
H006049,2026-07-02 17:54:41,web_visit,访问内部 OA/知识库,,T1071,,docs.company.cn,,,,
H006747,2026-07-02 17:55:10,dns_query,域名解析,,T1071.001,,taobao.com,,,,
H008214,2026-07-02 17:59:24,login,登录办公终端,,T1078,,,,东莞市,,
H001721,2026-07-02 17:59:45,email_open,阅读邮件（内部往来 1）,,,,oa.company.cn,,,,
H007983,2026-07-02 18:02:00,failed_login,密码错误自动重试,,T1110.001,,,,,,
H006113,2026-07-02 18:05:06,dns_query,域名解析,,T1071.001,,docs.company.cn,,,,
H001819,2026-07-02 18:08:45,dns_query,域名解析,,T1071.001,,jd.com,,,,
H007512,2026-07-02 18:10:09,login,登录办公终端,,T1078,,,,,,
H009535,2026-07-02 18:12:39,login,登录办公终端,,T1078,,,,,,
H001668,2026-07-02 18:14:23,web_visit,访问内部 OA/知识库,,T1071,,oa.company.cn,,,,
H000466,2026-07-02 18:14:28,login,登录办公终端,,T1078,,,,,,
H007983,2026-07-02 18:16:33,email_open,阅读邮件（内部往来 3）,,,,npm.company.cn,,,,
H000438,2026-07-02 18:19:37,smb_connect,访问文件服务器共享目录,,T1021.002,,,,,,FILE-SRV01
H009982,2026-07-02 18:22:37,web_visit,访问内部 OA/知识库,,T1071,,oa.company.cn,,,,
H002223,2026-07-02 18:23:00,login,登录办公终端,,T1078,,,,苏州市,,
H001547,2026-07-02 18:32:02,web_visit,访问内部 OA/知识库,,T1071,,mail.company.cn,,,,
H007983,2026-07-02 18:32:19,email_open,阅读邮件（内部往来 2）,,,,docs.company.cn,,,,
H006311,2026-07-02 18:35:16,email_open,阅读邮件（内部往来 3）,,,,npm.company.cn,,,,
H001721,2026-07-02 18:38:46,dns_query,域名解析,,T1071.001,,qq.com,,,,
H009979,2026-07-02 18:39:34,failed_login,密码错误自动重试,,T1110.001,,,,,,
H003923,2026-07-02 18:39:38,login,登录办公终端,,T1078,,,,,,
H006566,2026-07-02 18:40:19,web_visit,访问内部 OA/知识库,,T1071,,kb.company.cn,,,,
H008164,2026-07-02 18:41:27,failed_login,密码错误自动重试,,T1110.001,,,,,,
H006747,2026-07-02 18:42:54,web_visit,访问内部 OA/知识库,,T1071,,wiki.company.cn,,,,
H006311,2026-07-02 18:49:05,web_visit,访问内部 OA/知识库,,T1071,,oa.company.cn,,,,
H001419,2026-07-02 18:52:00,dns_query,域名解析,,T1071.001,,npm.company.cn,,,,
H006049,2026-07-02 18:54:04,email_open,阅读邮件（内部往来 2）,,,,mail.company.cn,,,,
H007983,2026-07-02 18:55:24,web_visit,访问内部 OA/知识库,,T1071,,docs.company.cn,,,,
H004953,2026-07-02 18:59:33,download,下载文档/更新包 1MB,,T1204.002,,,8461,,,
H002223,2026-07-02 19:00:15,download,下载文档/更新包 19MB,,T1204.002,,,43709,,,
H004775,2026-07-02 19:01:26,download,下载文档/更新包 45MB,,T1204.002,,,22799,,,
H003533,2026-07-02 19:02:57,download,下载文档/更新包 11MB,,T1204.002,,,24060,,,
H001796,2026-07-02 19:04:33,login,登录办公终端,,T1078,,,,,,
H004360,2026-07-02 19:05:01,failed_login,密码错误自动重试,,T1110.001,,,,,,
H009500,2026-07-02 19:08:27,dns_query,域名解析,,T1071.001,,jd.com,,,,
H005614,2026-07-02 19:08:43,login,登录办公终端,,T1078,,,,西安市,,
H001402,2026-07-02 19:09:11,web_visit,访问内部 OA/知识库,,T1071,,oa.company.cn,,,,
H009698,2026-07-02 19:13:13,email_open,阅读邮件（内部往来 1）,,,,wiki.company.cn,,,,
H008931,2026-07-02 19:13:24,email_open,阅读邮件（内部往来 2）,,,,npm.company.cn,,,,
H005767,2026-07-02 19:14:26,login,登录办公终端,,T1078,,,,,,
H004080,2026-07-02 19:15:33,email_open,阅读邮件（内部往来 1）,,,,docs.company.cn,,,,
H003533,2026-07-02 19:16:36,login,登录办公终端,,T1078,,,,武汉市,,
H006747,2026-07-02 19:16:47,login,登录办公终端,,T1078,,,,,,
H007030,2026-07-02 19:17:34,web_visit,访问内部 OA/知识库,,T1071,,kb.company.cn,,,,
H005614,2026-07-02 19:17:51,failed_login,密码错误自动重试,,T1110.001,,,,,,
H003833,2026-07-02 19:23:51,login,登录办公终端,,T1078,,,,,,
H004724,2026-07-02 19:32:28,sensitive_access,查询客户档案（本职工作）,,T1005,,,,,,
H006373,2026-07-02 19:33:09,login,登录办公终端,,T1078,,,,苏州市,,
H009903,2026-07-02 19:49:42,dns_query,域名解析,,T1071.001,,mail.company.cn,,,,
H007983,2026-07-02 19:50:29,failed_login,密码错误自动重试,,T1110.001,,,,,,
H000987,2026-07-02 19:52:24,login,登录办公终端,,T1078,,,,天津市,,
H006738,2026-07-02 19:53:11,dns_query,域名解析,,T1071.001,,weibo.com,,,,
H009979,2026-07-02 20:03:48,login,登录办公终端,,T1078,,,,,,
H003533,2026-07-02 20:08:34,dns_query,域名解析,,T1071.001,,jd.com,,,,
H001986,2026-07-02 20:18:49,email_open,阅读邮件（内部往来 2）,,,,npm.company.cn,,,,
H009979,2026-07-02 20:22:29,web_visit,访问内部 OA/知识库,,T1071,,npm.company.cn,,,,
H000987,2026-07-02 20:23:44,dns_query,域名解析,,T1071.001,,qq.com,,,,
H008931,2026-07-02 20:32:21,email_open,阅读邮件（内部往来 4）,,,,oa.company.cn,,,,
H004953,2026-07-02 20:38:15,login,登录办公终端,,T1078,,,,南京市,,
H008154,2026-07-02 20:40:04,login,登录办公终端,,T1078,,,,,,
H009903,2026-07-02 20:49:49,login,登录办公终端,,T1078,,,,天津市,,
H001668,2026-07-02 20:52:19,web_visit,访问内部 OA/知识库,,T1071,,oa.company.cn,,,,
H006419,2026-07-02 20:52:50,dns_query,域名解析,,T1071.001,,bilibili.com,,,,
H008164,2026-07-02 21:03:01,login,登录办公终端,,T1078,,,,,,
H004953,2026-07-02 21:20:19,web_visit,访问内部 OA/知识库,,T1071,,docs.company.cn,,,,
H006419,2026-07-02 21:31:07,failed_login,密码错误自动重试,,T1110.001,,,,,,
H009982,2026-07-02 21:37:50,failed_login,密码错误自动重试,,T1110.001,,,,,,
H006419,2026-07-02 21:46:06,email_open,阅读邮件（内部往来 1）,,,,kb.company.cn,,,,
H005614,2026-07-02 21:58:12,download,下载文档/更新包 13MB,,T1204.002,,,43075,,,
H000987,2026-07-02 22:19:40,email_open,阅读邮件（内部往来 1）,,,,npm.company.cn,,,,
H005614,2026-07-02 22:42:57,upload,上传附件 7MB,,T1567,,docs.company.cn,4946,,,
H001402,2026-07-02 23:20:46,login,登录办公终端,,T1078,,,,,,
H004360,2026-07-02 23:30:55,email_open,阅读邮件（内部往来 1）,,,,mail.company.cn,,,,
H004775,2026-07-02 23:41:37,email_open,阅读邮件（内部往来 1）,,,,oa.company.cn,,,,
H006113,2026-07-02 23:41:54,failed_login,密码错误自动重试,,T1110.001,,,,,,
H000527,2026-07-03 03:13:13,email_open,阅读邮件（内部往来 3）,,,,kb.company.cn,,,,
H008871,2026-07-03 06:48:15,login,登录办公终端,,T1078,,,,南京市,,
H001402,2026-07-03 07:05:17,login,登录办公终端,,T1078,,,,,,
H003043,2026-07-03 07:10:14,download,下载文档/更新包 29MB,,T1204.002,,,37370,,,
H006311,2026-07-03 07:20:29,email_open,阅读邮件（内部往来 4）,,,,mail.company.cn,,,,
H009903,2026-07-03 07:36:25,web_visit,访问内部 OA/知识库,,T1071,,mail.company.cn,,,,
H004775,2026-07-03 07:36:44,email_open,阅读邮件（内部往来 2）,,,,npm.company.cn,,,,
H004956,2026-07-03 07:38:23,dns_query,域名解析,,T1071.001,,bilibili.com,,,,
H007512,2026-07-03 07:38:30,login,登录办公终端,,T1078,,,,,,
H004950,2026-07-03 07:48:55,failed_login,密码错误自动重试,,T1110.001,,,,,,
H008981,2026-07-03 07:49:22,web_visit,访问内部 OA/知识库,,T1071,,docs.company.cn,,,,
H002907,2026-07-03 07:51:05,web_visit,访问内部 OA/知识库,,T1071,,wiki.company.cn,,,,
H004816,2026-07-03 07:55:23,upload,上传附件 13MB,,T1567,,docs.company.cn,13271,,,
H004149,2026-07-03 08:03:10,vpn_connect,出差地 VPN 接入,,T1078,,,,北京市,,
H009170,2026-07-03 08:08:10,dns_query,域名解析,,T1071.001,,oa.company.cn,,,,
H004717,2026-07-03 08:09:50,login,登录办公终端,,T1078,,,,,,
H004362,2026-07-03 08:35:33,vpn_connect,出差地 VPN 接入,,T1078,,,,杭州市,,
H004394,2026-07-03 08:44:55,email_open,阅读邮件（内部往来 2）,,,,wiki.company.cn,,,,
H005767,2026-07-03 08:47:09,email_open,阅读邮件（内部往来 2）,,,,mail.company.cn,,,,
H000805,2026-07-03 09:01:21,web_visit,访问内部 OA/知识库,,T1071,,wiki.company.cn,,,,
H001547,2026-07-03 09:01:48,failed_login,密码错误自动重试,,T1110.001,,,,,,
H002907,2026-07-03 09:02:16,failed_login,密码错误自动重试,,T1110.001,,,,,,
H009903,2026-07-03 09:04:57,rule_create,设置邮件自动归档规则,,T1114.002,,,,,,
H000805,2026-07-03 09:12:31,email_open,阅读邮件（内部往来 3）,,,,mail.company.cn,,,,
H004362,2026-07-03 09:13:50,web_visit,访问内部 OA/知识库,,T1071,,oa.company.cn,,,,
H001819,2026-07-03 09:17:28,vpn_connect,出差地 VPN 接入,,T1078,,,,成都市,,
H004816,2026-07-03 09:17:38,login,登录办公终端,,T1078,,,,,,
H009170,2026-07-03 09:19:39,email_open,阅读邮件（内部往来 1）,,,,mail.company.cn,,,,
H008981,2026-07-03 09:19:49,web_visit,访问内部 OA/知识库,,T1071,,kb.company.cn,,,,
H009979,2026-07-03 09:21:00,download,下载文档/更新包 15MB,,T1204.002,,,36067,,,
H006311,2026-07-03 09:30:52,login,登录办公终端,,T1078,,,,,,
H002479,2026-07-03 09:31:44,login,登录办公终端,,T1078,,,,天津市,,
H006738,2026-07-03 09:37:49,email_open,阅读邮件（内部往来 2）,,,,mail.company.cn,,,,
H001402,2026-07-03 09:40:34,email_open,阅读邮件（内部往来 1）,,,,docs.company.cn,,,,
H001547,2026-07-03 09:41:38,email_open,阅读邮件（内部往来 1）,,,,docs.company.cn,,,,
H000763,2026-07-03 09:43:54,vpn_connect,出差地 VPN 接入,,T1078,,,,杭州市,,
H003725,2026-07-03 09:44:27,email_open,阅读邮件（内部往来 1）,,,,wiki.company.cn,,,,
H003752,2026-07-03 09:47:45,login,登录办公终端,,T1078,,,,,,
H004775,2026-07-03 09:55:26,web_visit,访问内部 OA/知识库,,T1071,,docs.company.cn,,,,
H001419,2026-07-03 09:59:49,download,下载文档/更新包 28MB,,T1204.002,,,40535,,,
H004717,2026-07-03 10:02:39,dns_query,域名解析,,T1071.001,,zhihu.com,,,,
H002907,2026-07-03 10:04:00,dns_query,域名解析,,T1071.001,,kb.company.cn,,,,
H004724,2026-07-03 10:04:45,login,登录办公终端,,T1078,,,,,,
H009816,2026-07-03 10:09:12,email_open,阅读邮件（内部往来 1）,,,,npm.company.cn,,,,
H009691,2026-07-03 10:09:36,email_open,阅读邮件（内部往来 1）,,,,wiki.company.cn,,,,
H009170,2026-07-03 10:11:13,vpn_connect,出差地 VPN 接入,,T1078,,,,成都市,,
H001668,2026-07-03 10:13:23,email_open,阅读邮件（内部往来 2）,,,,docs.company.cn,,,,
H000527,2026-07-03 10:14:53,web_visit,访问内部 OA/知识库,,T1071,,kb.company.cn,,,,
H004950,2026-07-03 10:19:15,email_open,阅读邮件（内部往来 1）,,,,docs.company.cn,,,,
H001986,2026-07-03 10:20:36,failed_login,密码错误自动重试,,T1110.001,,,,,,
H006738,2026-07-03 10:21:22,login,登录办公终端,,T1078,,,,,,
H006113,2026-07-03 10:22:55,login,登录办公终端,,T1078,,,,武汉市,,
H006718,2026-07-03 10:23:25,email_open,阅读邮件（内部往来 1）,,,,wiki.company.cn,,,,
H001547,2026-07-03 10:26:13,web_visit,访问内部 OA/知识库,,T1071,,wiki.company.cn,,,,
H001402,2026-07-03 10:30:56,web_visit,访问内部 OA/知识库,,T1071,,oa.company.cn,,,,
H003043,2026-07-03 10:31:59,email_open,阅读邮件（内部往来 1）,,,,mail.company.cn,,,,
H004816,2026-07-03 10:34:16,email_open,阅读邮件（内部往来 2）,,,,docs.company.cn,,,,
H004362,2026-07-03 10:34:39,download,下载文档/更新包 38MB,,T1204.002,,,31292,,,
H004950,2026-07-03 10:35:38,email_open,阅读邮件（内部往来 3）,,,,mail.company.cn,,,,
H003533,2026-07-03 10:36:22,web_visit,访问内部 OA/知识库,,T1071,,mail.company.cn,,,,
H004717,2026-07-03 10:36:24,download,下载文档/更新包 43MB,,T1204.002,,,17285,,,
H009816,2026-07-03 10:39:06,login,登录办公终端,,T1078,,,,东莞市,,
H001651,2026-07-03 10:43:52,failed_login,密码错误自动重试,,T1110.001,,,,,,
H006049,2026-07-03 10:44:59,download,下载文档/更新包 14MB,,T1204.002,,,14114,,,
H000805,2026-07-03 10:46:12,email_open,阅读邮件（内部往来 2）,,,,npm.company.cn,,,,
H001651,2026-07-03 10:51:51,upload,上传附件 4MB,,T1567,,docs.company.cn,8304,,,
H003043,2026-07-03 10:51:52,dns_query,域名解析,,T1071.001,,weibo.com,,,,
H001819,2026-07-03 10:52:00,email_open,阅读邮件（内部往来 1）,,,,oa.company.cn,,,,
H005767,2026-07-03 10:52:32,web_visit,访问内部 OA/知识库,,T1071,,wiki.company.cn,,,,
H003725,2026-07-03 10:55:56,email_open,阅读邮件（内部往来 2）,,,,npm.company.cn,,,,
H006718,2026-07-03 10:56:42,login,登录办公终端,,T1078,,,,,,
H008931,2026-07-03 10:57:52,email_open,阅读邮件（内部往来 1）,,,,kb.company.cn,,,,
H005988,2026-07-03 10:58:55,web_visit,访问内部 OA/知识库,,T1071,,wiki.company.cn,,,,
H006718,2026-07-03 11:00:06,email_open,阅读邮件（内部往来 2）,,,,npm.company.cn,,,,
H003725,2026-07-03 11:01:24,login,登录办公终端,,T1078,,,,,,
H002479,2026-07-03 11:02:37,email_open,阅读邮件（内部往来 2）,,,,oa.company.cn,,,,
H009979,2026-07-03 11:04:01,email_open,阅读邮件（内部往来 1）,,,,kb.company.cn,,,,
H009691,2026-07-03 11:04:27,web_visit,访问内部 OA/知识库,,T1071,,oa.company.cn,,,,
H007500,2026-07-03 11:05:00,login,登录办公终端,,T1078,,,,,,
H004956,2026-07-03 11:09:52,login,登录办公终端,,T1078,,,,,,
H004717,2026-07-03 11:11:04,web_visit,访问内部 OA/知识库,,T1071,,oa.company.cn,,,,
H002907,2026-07-03 11:11:21,web_visit,访问内部 OA/知识库,,T1071,,docs.company.cn,,,,
H002774,2026-07-03 11:14:17,email_open,阅读邮件（内部往来 3）,,,,npm.company.cn,,,,
H006311,2026-07-03 11:15:34,email_open,阅读邮件（内部往来 1）,,,,wiki.company.cn,,,,
H006311,2026-07-03 11:18:05,failed_login,密码错误自动重试,,T1110.001,,,,,,
H001819,2026-07-03 11:18:10,email_open,阅读邮件（内部往来 3）,,,,docs.company.cn,,,,
H007512,2026-07-03 11:19:00,web_visit,访问内部 OA/知识库,,T1071,,kb.company.cn,,,,
H001547,2026-07-03 11:19:35,dns_query,域名解析,,T1071.001,,wiki.company.cn,,,,
H001986,2026-07-03 11:20:25,web_visit,访问内部 OA/知识库,,T1071,,npm.company.cn,,,,
H006049,2026-07-03 11:20:58,login,登录办公终端,,T1078,,,,,,
H000805,2026-07-03 11:21:08,web_visit,访问内部 OA/知识库,,T1071,,docs.company.cn,,,,
H002774,2026-07-03 11:22:47,login,登录办公终端,,T1078,,,,,,
H004775,2026-07-03 11:24:22,email_open,阅读邮件（内部往来 1）,,,,docs.company.cn,,,,
H002774,2026-07-03 11:25:53,web_visit,访问内部 OA/知识库,,T1071,,mail.company.cn,,,,
H009979,2026-07-03 11:30:21,login,登录办公终端,,T1078,,,,,,
H000527,2026-07-03 11:31:58,dns_query,域名解析,,T1071.001,,taobao.com,,,,
H009816,2026-07-03 11:31:59,dns_query,域名解析,,T1071.001,,baidu.com,,,,
H009170,2026-07-03 11:34:03,login,登录办公终端,,T1078,,,,,,
H009979,2026-07-03 11:39:46,web_visit,访问内部 OA/知识库,,T1071,,docs.company.cn,,,,
H000527,2026-07-03 11:40:33,failed_login,密码错误自动重试,,T1110.001,,,,,,
H005767,2026-07-03 11:43:41,email_open,阅读邮件（内部往来 1）,,,,docs.company.cn,,,,
H001419,2026-07-03 11:44:00,email_open,阅读邮件（内部往来 2）,,,,oa.company.cn,,,,
H004724,2026-07-03 11:50:16,web_visit,访问内部 OA/知识库,,T1071,,mail.company.cn,,,,
H004775,2026-07-03 11:53:09,dns_query,域名解析,,T1071.001,,mail.company.cn,,,,
H001819,2026-07-03 11:55:51,download,下载来源不明安装包,,T1204.002,,sync-node-01.net,15575,,,
H003725,2026-07-03 11:59:23,email_open,阅读邮件（内部往来 3）,,,,docs.company.cn,,,,
H001986,2026-07-03 12:01:18,web_visit,访问内部 OA/知识库,,T1071,,npm.company.cn,,,,
H007983,2026-07-03 12:06:23,vpn_connect,出差地 VPN 接入,,T1078,,,,杭州市,,
H006049,2026-07-03 12:10:23,dns_query,域名解析,,T1071.001,,baidu.com,,,,
H001419,2026-07-03 12:14:53,email_open,阅读邮件（内部往来 1）,,,,docs.company.cn,,,,
H009816,2026-07-03 12:15:06,web_visit,访问内部 OA/知识库,,T1071,,wiki.company.cn,,,,
H008981,2026-07-03 12:30:56,email_open,阅读邮件（内部往来 2）,,,,wiki.company.cn,,,,
H009691,2026-07-03 12:32:14,email_open,阅读邮件（内部往来 2）,,,,oa.company.cn,,,,
H009903,2026-07-03 12:37:18,dns_query,域名解析,,T1071.001,,weibo.com,,,,
H004953,2026-07-03 12:43:02,dns_query,解析来源不明域名（已拦截）,,T1071.001,,img-cdn-helper.cn,,,,
H007500,2026-07-03 12:51:24,dns_query,域名解析,,T1071.001,,npm.company.cn,,,,
H007512,2026-07-03 13:00:39,email_open,阅读邮件（内部往来 1）,,,,kb.company.cn,,,,
H005496,2026-07-03 13:02:44,web_visit,访问内部 OA/知识库,,T1071,,docs.company.cn,,,,
H004724,2026-07-03 13:04:20,email_open,阅读邮件（内部往来 1）,,,,oa.company.cn,,,,
H000805,2026-07-03 13:12:14,dns_query,域名解析,,T1071.001,,qq.com,,,,
H008931,2026-07-03 13:14:14,failed_login,密码错误自动重试,,T1110.001,,,,,,
H004953,2026-07-03 13:14:48,dns_query,域名解析,,T1071.001,,oa.company.cn,,,,
H003533,2026-07-03 13:14:57,dns_query,域名解析,,T1071.001,,qq.com,,,,
H002907,2026-07-03 13:20:00,login,登录办公终端,,T1078,,,,,,
H009903,2026-07-03 13:20:46,login,登录办公终端,,T1078,,,,天津市,,
H006049,2026-07-03 13:22:31,web_visit,访问内部 OA/知识库,,T1071,,kb.company.cn,,,,
H001547,2026-07-03 13:23:19,web_visit,访问内部 OA/知识库,,T1071,,docs.company.cn,,,,
H005988,2026-07-03 13:24:13,email_open,阅读邮件（内部往来 1）,,,,mail.company.cn,,,,
H004953,2026-07-03 13:25:20,login,登录办公终端,,T1078,,,,南京市,,
H004950,2026-07-03 13:44:48,login,登录办公终端,,T1078,,,,,,
H007512,2026-07-03 13:45:15,email_open,阅读邮件（内部往来 2）,,,,wiki.company.cn,,,,
H004775,2026-07-03 13:46:15,web_visit,访问内部 OA/知识库,,T1071,,mail.company.cn,,,,
H008931,2026-07-03 13:53:44,login,登录办公终端,,T1078,,,,,,
H005767,2026-07-03 13:57:11,login,登录办公终端,,T1078,,,,,,
H008871,2026-07-03 13:57:37,web_visit,访问内部 OA/知识库,,T1071,,kb.company.cn,,,,
H004950,2026-07-03 14:00:36,web_visit,访问内部 OA/知识库,,T1071,,docs.company.cn,,,,
H001668,2026-07-03 14:03:41,login,登录办公终端,,T1078,,,,,,
H003725,2026-07-03 14:07:24,web_visit,访问内部 OA/知识库,,T1071,,docs.company.cn,,,,
H000527,2026-07-03 14:08:42,login,登录办公终端,,T1078,,,,,,
H006738,2026-07-03 14:10:17,web_visit,访问内部 OA/知识库,,T1071,,mail.company.cn,,,,
H004394,2026-07-03 14:10:51,download,下载文档/更新包 44MB,,T1204.002,,,33960,,,
H008981,2026-07-03 14:11:45,email_open,阅读邮件（内部往来 3）,,,,kb.company.cn,,,,
H006049,2026-07-03 14:15:45,email_open,阅读邮件（内部往来 1）,,,,wiki.company.cn,,,,
H005988,2026-07-03 14:22:46,email_open,阅读邮件（内部往来 2）,,,,kb.company.cn,,,,
H001819,2026-07-03 14:31:10,download,下载文档/更新包 17MB,,T1204.002,,,34485,,,
H002907,2026-07-03 14:37:06,email_open,阅读邮件（内部往来 2）,,,,kb.company.cn,,,,
H002774,2026-07-03 14:40:11,email_open,阅读邮件（内部往来 1）,,,,mail.company.cn,,,,
H003533,2026-07-03 14:48:51,web_visit,访问内部 OA/知识库,,T1071,,npm.company.cn,,,,
H004058,2026-07-03 14:55:56,login,登录办公终端,,T1078,,,,,,
H004724,2026-07-03 14:57:22,download,下载文档/更新包 19MB,,T1204.002,,,43458,,,
H009979,2026-07-03 14:58:48,web_visit,访问内部 OA/知识库,,T1071,,wiki.company.cn,,,,
H004362,2026-07-03 15:05:21,failed_login,密码错误自动重试,,T1110.001,,,,,,
H004953,2026-07-03 15:15:58,failed_login,密码错误自动重试,,T1110.001,,,,,,
H008981,2026-07-03 15:16:59,email_open,阅读邮件（内部往来 4）,,,,kb.company.cn,,,,
H002894,2026-07-03 15:17:59,vpn_connect,出差地 VPN 接入,,T1078,,,,成都市,,
H004394,2026-07-03 15:20:52,login,登录办公终端,,T1078,,,,,,
H004362,2026-07-03 15:23:37,login,登录办公终端,,T1078,,,,,,
H008981,2026-07-03 15:26:18,dns_query,域名解析,,T1071.001,,jd.com,,,,
H000805,2026-07-03 15:28:47,failed_login,密码错误自动重试,,T1110.001,,,,,,
H000805,2026-07-03 15:28:52,login,登录办公终端,,T1078,,,,,,
H007512,2026-07-03 15:32:59,web_visit,访问内部 OA/知识库,,T1071,,docs.company.cn,,,,
H001547,2026-07-03 15:35:52,login,登录办公终端,,T1078,,,,南京市,,
H000987,2026-07-03 15:43:03,login,登录办公终端,,T1078,,,,天津市,,
H005767,2026-07-03 15:43:10,failed_login,密码错误自动重试,,T1110.001,,,,,,
H001819,2026-07-03 15:56:32,login,登录办公终端,,T1078,,,,,,
H002907,2026-07-03 15:59:46,download,下载文档/更新包 24MB,,T1204.002,,,19353,,,
H003043,2026-07-03 16:00:29,login,登录办公终端,,T1078,,,,,,
H001651,2026-07-03 16:01:11,failed_login,密码错误自动重试,,T1110.001,,,,,,
H004816,2026-07-03 16:03:56,dns_query,域名解析,,T1071.001,,weibo.com,,,,
H006113,2026-07-03 16:06:52,failed_login,密码错误自动重试,,T1110.001,,,,,,
H006311,2026-07-03 16:07:06,web_visit,访问内部 OA/知识库,,T1071,,oa.company.cn,,,,
H002774,2026-07-03 16:07:43,email_open,阅读邮件（内部往来 2）,,,,wiki.company.cn,,,,
H000805,2026-07-03 16:14:51,email_open,阅读邮件（内部往来 1）,,,,docs.company.cn,,,,
H001269,2026-07-03 16:18:23,dns_query,域名解析,,T1071.001,,mail.company.cn,,,,
H005988,2026-07-03 16:19:14,download,下载文档/更新包 17MB,,T1204.002,,,42809,,,
H006718,2026-07-03 16:22:47,dns_query,域名解析,,T1071.001,,baidu.com,,,,
H001419,2026-07-03 16:26:24,failed_login,密码错误自动重试,,T1110.001,,,,,,
H004950,2026-07-03 16:29:08,email_open,阅读邮件（内部往来 2）,,,,npm.company.cn,,,,
H004717,2026-07-03 16:33:01,web_visit,访问内部 OA/知识库,,T1071,,kb.company.cn,,,,
H009691,2026-07-03 16:34:16,web_visit,访问内部 OA/知识库,,T1071,,docs.company.cn,,,,
H001419,2026-07-03 16:35:13,web_visit,访问内部 OA/知识库,,T1071,,npm.company.cn,,,,
H006738,2026-07-03 16:35:52,email_open,阅读邮件（内部往来 1）,,,,mail.company.cn,,,,
H008981,2026-07-03 16:37:53,login,登录办公终端,,T1078,,,,,,
H001986,2026-07-03 16:38:59,email_open,阅读邮件（内部往来 1）,,,,npm.company.cn,,,,
H006311,2026-07-03 16:40:48,dns_query,域名解析,,T1071.001,,weibo.com,,,,
H001651,2026-07-03 16:48:09,login,登录办公终端,,T1078,,,,,,
H008871,2026-07-03 16:48:41,failed_login,密码错误自动重试,,T1110.001,,,,,,
H006049,2026-07-03 16:51:39,web_visit,访问内部 OA/知识库,,T1071,,wiki.company.cn,,,,
H001269,2026-07-03 16:56:58,login,登录办公终端,,T1078,,,,,,
H002907,2026-07-03 16:58:14,email_open,阅读邮件（内部往来 3）,,,,npm.company.cn,,,,
H001269,2026-07-03 17:07:48,web_visit,访问内部 OA/知识库,,T1071,,kb.company.cn,,,,
H009691,2026-07-03 17:08:47,dns_query,域名解析,,T1071.001,,oa.company.cn,,,,
H003752,2026-07-03 17:14:36,dns_query,域名解析,,T1071.001,,jd.com,,,,
H004058,2026-07-03 17:21:23,download,下载文档/更新包 41MB,,T1204.002,,,15984,,,
H005496,2026-07-03 17:22:59,login,登录办公终端,,T1078,,,,,,
H001986,2026-07-03 17:24:50,email_open,阅读邮件（内部往来 2）,,,,kb.company.cn,,,,
H009903,2026-07-03 17:27:25,download,下载文档/更新包 14MB,,T1204.002,,,25468,,,
H006738,2026-07-03 17:28:15,upload,上传附件 1MB,,T1567,,docs.company.cn,4711,,,
H004956,2026-07-03 17:28:50,web_visit,访问内部 OA/知识库,,T1071,,docs.company.cn,,,,
H006311,2026-07-03 17:29:34,failed_login,密码错误自动重试,,T1110.001,,,,,,
H004816,2026-07-03 17:31:57,email_open,阅读邮件（内部往来 1）,,,,npm.company.cn,,,,
H000527,2026-07-03 17:41:19,email_open,阅读邮件（内部往来 1）,,,,oa.company.cn,,,,
H003725,2026-07-03 17:41:19,download,下载文档/更新包 36MB,,T1204.002,,,34275,,,
H001986,2026-07-03 17:41:48,login,登录办公终端,,T1078,,,,,,
H007500,2026-07-03 17:41:57,email_open,阅读邮件（内部往来 1）,,,,kb.company.cn,,,,
H005767,2026-07-03 17:43:52,web_visit,访问内部 OA/知识库,,T1071,,oa.company.cn,,,,
H000527,2026-07-03 17:51:12,email_open,阅读邮件（内部往来 4）,,,,mail.company.cn,,,,
H002479,2026-07-03 17:51:31,email_open,阅读邮件（内部往来 1）,,,,oa.company.cn,,,,
H006738,2026-07-03 17:51:38,download,下载文档/更新包 20MB,,T1204.002,,,10606,,,
H001668,2026-07-03 17:53:17,email_open,阅读邮件（内部往来 1）,,,,wiki.company.cn,,,,
H009903,2026-07-03 17:54:47,email_open,阅读邮件（内部往来 1）,,,,docs.company.cn,,,,
H001419,2026-07-03 17:55:23,login,登录办公终端,,T1078,,,,,,
H008981,2026-07-03 17:56:14,email_open,阅读邮件（内部往来 1）,,,,docs.company.cn,,,,
H009903,2026-07-03 17:58:49,email_open,阅读邮件（内部往来 3）,,,,docs.company.cn,,,,
H001269,2026-07-03 17:59:01,email_open,阅读邮件（内部往来 1）,,,,mail.company.cn,,,,
H004394,2026-07-03 18:03:31,email_open,阅读邮件（内部往来 1）,,,,oa.company.cn,,,,
H006311,2026-07-03 18:07:15,email_open,阅读邮件（内部往来 3）,,,,kb.company.cn,,,,
H001668,2026-07-03 18:13:28,web_visit,访问内部 OA/知识库,,T1071,,oa.company.cn,,,,
H009170,2026-07-03 18:15:02,web_visit,访问内部 OA/知识库,,T1071,,mail.company.cn,,,,
H001819,2026-07-03 18:26:04,email_open,阅读邮件（内部往来 2）,,,,oa.company.cn,,,,
H004058,2026-07-03 18:26:35,failed_login,密码错误自动重试,,T1110.001,,,,,,
H006049,2026-07-03 18:39:36,email_open,阅读邮件（内部往来 2）,,,,npm.company.cn,,,,
H006718,2026-07-03 18:40:24,web_visit,访问内部 OA/知识库,,T1071,,mail.company.cn,,,,
H001651,2026-07-03 18:49:57,failed_login,密码错误自动重试,,T1110.001,,,,,,
H004058,2026-07-03 18:52:26,web_visit,访问内部 OA/知识库,,T1071,,kb.company.cn,,,,
H003533,2026-07-03 18:59:08,login,登录办公终端,,T1078,,,,武汉市,,
H006311,2026-07-03 18:59:58,email_open,阅读邮件（内部往来 2）,,,,oa.company.cn,,,,
H001419,2026-07-03 19:01:00,dns_query,域名解析,,T1071.001,,weibo.com,,,,
H004717,2026-07-03 19:04:09,email_open,阅读邮件（内部往来 1）,,,,docs.company.cn,,,,
H009903,2026-07-03 19:19:12,web_visit,访问内部 OA/知识库,,T1071,,oa.company.cn,,,,
H006113,2026-07-03 19:23:43,web_visit,访问内部 OA/知识库,,T1071,,npm.company.cn,,,,
H009979,2026-07-03 19:25:22,dns_query,域名解析,,T1071.001,,taobao.com,,,,
H006113,2026-07-03 19:38:54,email_open,阅读邮件（内部往来 1）,,,,mail.company.cn,,,,
H003752,2026-07-03 19:42:49,email_open,阅读邮件（内部往来 1）,,,,wiki.company.cn,,,,
H005988,2026-07-03 19:43:09,login,登录办公终端,,T1078,,,,,,
H003725,2026-07-03 19:46:55,dns_query,域名解析,,T1071.001,,taobao.com,,,,
H004775,2026-07-03 19:54:23,email_open,阅读邮件（内部往来 3）,,,,wiki.company.cn,,,,
H004953,2026-07-03 20:27:28,upload,上传附件 2MB,,T1567,,docs.company.cn,2050,,,
H007500,2026-07-03 20:34:25,web_visit,访问内部 OA/知识库,,T1071,,docs.company.cn,,,,
H002907,2026-07-03 20:38:58,email_open,阅读邮件（内部往来 1）,,,,oa.company.cn,,,,
H006738,2026-07-03 20:45:34,dns_query,域名解析,,T1071.001,,baidu.com,,,,
H000527,2026-07-03 20:50:53,email_open,阅读邮件（内部往来 2）,,,,docs.company.cn,,,,
H000987,2026-07-03 20:53:22,failed_login,密码错误自动重试,,T1110.001,,,,,,
H001419,2026-07-03 20:54:05,web_visit,访问内部 OA/知识库,,T1071,,wiki.company.cn,,,,
H000987,2026-07-03 20:59:50,dns_query,域名解析,,T1071.001,,jd.com,,,,
H000987,2026-07-03 21:08:59,failed_login,密码错误自动重试,,T1110.001,,,,,,
H000805,2026-07-03 21:10:44,upload,上传附件 13MB,,T1567,,docs.company.cn,12102,,,
H004953,2026-07-03 21:29:22,email_open,阅读邮件（内部往来 1）,,,,oa.company.cn,,,,
H009691,2026-07-03 21:43:03,login,登录办公终端,,T1078,,,,东莞市,,
H001824,2026-07-03 22:00:24,upload,外传数据 33MB（疑似误用）,,T1567,,box-share.cc,33792,,,
H009691,2026-07-03 22:07:12,upload,上传附件 14MB,,T1567,,docs.company.cn,8523,,,
H001824,2026-07-03 22:09:24,upload,外传数据 70MB（疑似误用）,,T1567,,yunpan-free.net,71680,,,
H001824,2026-07-03 22:10:24,upload,外传数据 76MB（疑似误用）,,T1567,,yunpan-free.net,77824,,,
H000805,2026-07-03 22:11:56,failed_login,密码错误自动重试,,T1110.001,,,,,,
H009903,2026-07-03 22:27:21,email_open,阅读邮件（内部往来 2）,,,,docs.company.cn,,,,
H008931,2026-07-03 22:28:27,email_open,阅读邮件（内部往来 2）,,,,oa.company.cn,,,,
H003043,2026-07-03 22:47:45,email_open,阅读邮件（内部往来 2）,,,,npm.company.cn,,,,
H004775,2026-07-03 23:25:50,login,登录办公终端,,T1078,,,,,,
H004956,2026-07-03 23:47:10,email_open,阅读邮件（内部往来 1）,,,,docs.company.cn,,,,
H000763,2026-07-04 00:54:57,email_open,阅读邮件（内部往来 2）,,,,wiki.company.cn,,,,
H006473,2026-07-04 04:06:10,failed_login,密码错误自动重试,,T1110.001,,,,,,
H004950,2026-07-04 05:27:11,email_open,阅读邮件（内部往来 2）,,,,wiki.company.cn,,,,
H008164,2026-07-04 06:46:31,failed_login,密码错误自动重试,,T1110.001,,,,,,
H001651,2026-07-04 07:02:17,login,登录办公终端,,T1078,,,,,,
H003973,2026-07-04 07:05:22,failed_login,密码错误自动重试,,T1110.001,,,,,,
H004724,2026-07-04 07:06:38,failed_login,密码错误自动重试,,T1110.001,,,,,,
H004362,2026-07-04 07:08:05,dns_query,域名解析,,T1071.001,,github.com,,,,
H001235,2026-07-04 07:08:16,persist_create,注册软件更新计划任务,,T1053.005,,,,,,
H000438,2026-07-04 07:36:52,email_open,阅读邮件（内部往来 1）,,,,wiki.company.cn,,,,
H006311,2026-07-04 08:05:25,web_visit,访问内部 OA/知识库,,T1071,,wiki.company.cn,,,,
H009979,2026-07-04 08:05:25,login,登录办公终端,,T1078,,,,,,
H005496,2026-07-04 08:06:56,email_open,阅读邮件（内部往来 3）,,,,oa.company.cn,,,,
H007983,2026-07-04 08:10:01,login,登录办公终端,,T1078,,,,,,
H007458,2026-07-04 08:10:18,login,登录办公终端,,T1078,,,,,,
H003910,2026-07-04 08:12:43,failed_login,密码错误自动重试,,T1110.001,,,,,,
H000559,2026-07-04 08:18:09,dns_query,域名解析,,T1071.001,,baidu.com,,,,
H003416,2026-07-04 08:18:58,email_open,阅读邮件（内部往来 2）,,,,oa.company.cn,,,,
H003910,2026-07-04 08:33:00,web_visit,访问内部 OA/知识库,,T1071,,mail.company.cn,,,,
H008981,2026-07-04 08:37:58,login,登录办公终端,,T1078,,,,,,
H004717,2026-07-04 08:38:29,upload,上传附件 3MB,,T1567,,docs.company.cn,9191,,,
H007030,2026-07-04 08:38:30,login,登录办公终端,,T1078,,,,西安市,,
H002907,2026-07-04 08:41:06,web_visit,访问内部 OA/知识库,,T1071,,oa.company.cn,,,,
H000438,2026-07-04 08:42:01,login,登录办公终端,,T1078,,,,,,
H006311,2026-07-04 08:46:12,web_visit,访问内部 OA/知识库,,T1071,,mail.company.cn,,,,
H005151,2026-07-04 08:46:28,email_open,阅读邮件（内部往来 2）,,,,npm.company.cn,,,,
H006747,2026-07-04 08:51:49,email_open,阅读邮件（内部往来 2）,,,,oa.company.cn,,,,
H002907,2026-07-04 08:54:16,web_visit,访问内部 OA/知识库,,T1071,,oa.company.cn,,,,
H007129,2026-07-04 08:57:51,dns_query,域名解析,,T1071.001,,taobao.com,,,,
H003910,2026-07-04 09:00:40,dns_query,域名解析,,T1071.001,,wiki.company.cn,,,,
H004149,2026-07-04 09:02:02,email_open,阅读邮件（内部往来 2）,,,,oa.company.cn,,,,
H001269,2026-07-04 09:05:15,failed_login,密码错误自动重试,,T1110.001,,,,,,
H000763,2026-07-04 09:05:26,vpn_connect,出差地 VPN 接入,,T1078,,,,深圳市,,
H009698,2026-07-04 09:08:39,email_open,阅读邮件（内部往来 2）,,,,npm.company.cn,,,,
H004950,2026-07-04 09:10:50,failed_login,密码错误自动重试,,T1110.001,,,,,,
H009691,2026-07-04 09:16:27,email_open,阅读邮件（内部往来 1）,,,,oa.company.cn,,,,
H000438,2026-07-04 09:19:05,email_open,阅读邮件（内部往来 3）,,,,oa.company.cn,,,,
H004058,2026-07-04 09:19:16,web_visit,访问内部 OA/知识库,,T1071,,oa.company.cn,,,,
H000564,2026-07-04 09:19:59,dns_query,域名解析,,T1071.001,,zhihu.com,,,,
H003416,2026-07-04 09:21:02,email_open,阅读邮件（内部往来 1）,,,,kb.company.cn,,,,
H001651,2026-07-04 09:23:31,email_open,阅读邮件（内部往来 1）,,,,kb.company.cn,,,,
H004950,2026-07-04 09:24:30,email_open,阅读邮件（内部往来 3）,,,,wiki.company.cn,,,,
H000438,2026-07-04 09:24:35,dns_query,域名解析,,T1071.001,,taobao.com,,,,
H003973,2026-07-04 09:26:06,login,登录办公终端,,T1078,,,,,,
H003973,2026-07-04 09:27:21,web_visit,访问内部 OA/知识库,,T1071,,docs.company.cn,,,,
H002894,2026-07-04 09:30:17,failed_login,密码错误自动重试,,T1110.001,,,,,,
H005988,2026-07-04 09:30:30,web_visit,访问内部 OA/知识库,,T1071,,oa.company.cn,,,,
H000763,2026-07-04 09:30:46,email_open,阅读邮件（内部往来 3）,,,,mail.company.cn,,,,
H003973,2026-07-04 09:32:28,email_open,阅读邮件（内部往来 1）,,,,kb.company.cn,,,,
H004362,2026-07-04 09:34:06,login,登录办公终端,,T1078,,,,,,
H009982,2026-07-04 09:35:12,smb_connect,访问文件服务器共享目录,,T1021.002,,,,,,FILE-SRV01
H008981,2026-07-04 09:35:38,download,下载文档/更新包 2MB,,T1204.002,,,38497,,,
H006738,2026-07-04 09:36:04,web_visit,访问内部 OA/知识库,,T1071,,mail.company.cn,,,,
H006738,2026-07-04 09:37:16,login,登录办公终端,,T1078,,,,,,
H005151,2026-07-04 09:42:08,email_open,阅读邮件（内部往来 3）,,,,kb.company.cn,,,,
H003416,2026-07-04 09:42:24,login,登录办公终端,,T1078,,,,,,
H001235,2026-07-04 09:43:03,email_open,阅读邮件（内部往来 1）,,,,oa.company.cn,,,,
H007983,2026-07-04 09:44:52,download,下载文档/更新包 11MB,,T1204.002,,,31199,,,
H000805,2026-07-04 09:46:26,web_visit,访问内部 OA/知识库,,T1071,,npm.company.cn,,,,
H001269,2026-07-04 09:46:27,failed_login,密码错误自动重试,,T1110.001,,,,,,
H001235,2026-07-04 09:46:57,email_open,阅读邮件（内部往来 2）,,,,oa.company.cn,,,,
H004149,2026-07-04 09:48:57,login,登录办公终端,,T1078,,,,,,
H009979,2026-07-04 09:50:10,web_visit,访问内部 OA/知识库,,T1071,,mail.company.cn,,,,
H001235,2026-07-04 09:52:09,dns_query,域名解析,,T1071.001,,github.com,,,,
H006373,2026-07-04 09:53:01,login,登录办公终端,,T1078,,,,苏州市,,
H000763,2026-07-04 09:54:33,web_visit,访问内部 OA/知识库,,T1071,,oa.company.cn,,,,
H000564,2026-07-04 09:57:11,web_visit,访问内部 OA/知识库,,T1071,,kb.company.cn,,,,
H002774,2026-07-04 09:57:55,dns_query,域名解析,,T1071.001,,github.com,,,,
H002774,2026-07-04 09:58:56,login,登录办公终端,,T1078,,,,,,
H000559,2026-07-04 09:59:01,email_open,阅读邮件（内部往来 1）,,,,npm.company.cn,,,,
H008981,2026-07-04 10:01:21,email_open,阅读邮件（内部往来 1）,,,,npm.company.cn,,,,
H003893,2026-07-04 10:01:52,failed_login,密码错误自动重试,,T1110.001,,,,,,
H000559,2026-07-04 10:02:31,web_visit,访问内部 OA/知识库,,T1071,,wiki.company.cn,,,,
H007030,2026-07-04 10:03:36,email_open,阅读邮件（内部往来 2）,,,,docs.company.cn,,,,
H000805,2026-07-04 10:04:33,failed_login,密码错误自动重试,,T1110.001,,,,,,
H003416,2026-07-04 10:04:56,email_open,阅读邮件（内部往来 3）,,,,npm.company.cn,,,,
H004149,2026-07-04 10:06:05,web_visit,访问内部 OA/知识库,,T1071,,oa.company.cn,,,,
H006473,2026-07-04 10:06:05,failed_login,密码错误自动重试,,T1110.001,,,,,,
H001547,2026-07-04 10:06:58,dns_query,域名解析,,T1071.001,,npm.company.cn,,,,
H003785,2026-07-04 10:09:58,web_visit,访问内部 OA/知识库,,T1071,,oa.company.cn,,,,
H002540,2026-07-04 10:10:15,web_visit,访问内部 OA/知识库,,T1071,,oa.company.cn,,,,
H005151,2026-07-04 10:10:35,failed_login,密码错误自动重试,,T1110.001,,,,,,
H004080,2026-07-04 10:10:56,persist_create,注册软件更新计划任务,,T1053.005,,,,,,
H007983,2026-07-04 10:14:54,failed_login,密码错误自动重试,,T1110.001,,,,,,
H002223,2026-07-04 10:14:57,login,登录办公终端,,T1078,,,,苏州市,,
H001824,2026-07-04 10:15:45,email_open,阅读邮件（内部往来 1）,,,,mail.company.cn,,,,
H002480,2026-07-04 10:17:30,email_open,阅读邮件（内部往来 1）,,,,wiki.company.cn,,,,
H003893,2026-07-04 10:18:51,email_open,阅读邮件（内部往来 1）,,,,npm.company.cn,,,,
H001651,2026-07-04 10:19:47,dns_query,域名解析,,T1071.001,,weibo.com,,,,
H004724,2026-07-04 10:19:49,login,登录办公终端,,T1078,,,,,,
H001796,2026-07-04 10:24:51,web_visit,访问内部 OA/知识库,,T1071,,mail.company.cn,,,,
H004149,2026-07-04 10:24:51,email_open,阅读邮件（内部往来 1）,,,,kb.company.cn,,,,
H006747,2026-07-04 10:29:19,failed_login,密码错误自动重试,,T1110.001,,,,,,
H008871,2026-07-04 10:31:40,email_open,阅读邮件（内部往来 1）,,,,docs.company.cn,,,,
H003043,2026-07-04 10:38:05,web_visit,访问内部 OA/知识库,,T1071,,kb.company.cn,,,,
H001651,2026-07-04 10:38:19,web_visit,访问内部 OA/知识库,,T1071,,npm.company.cn,,,,
H005496,2026-07-04 10:40:19,email_open,阅读邮件（内部往来 4）,,,,npm.company.cn,,,,
H004149,2026-07-04 10:43:19,failed_login,密码错误自动重试,,T1110.001,,,,,,
H006738,2026-07-04 10:45:37,download,下载文档/更新包 34MB,,T1204.002,,,41616,,,
H005151,2026-07-04 10:46:14,email_open,阅读邮件（内部往来 1）,,,,mail.company.cn,,,,
H006049,2026-07-04 10:51:16,login,登录办公终端,,T1078,,,,,,
H004394,2026-07-04 10:53:07,dns_query,域名解析,,T1071.001,,github.com,,,,
H007458,2026-07-04 10:54:54,email_open,阅读邮件（内部往来 2）,,,,wiki.company.cn,,,,
H004950,2026-07-04 10:57:11,dns_query,域名解析,,T1071.001,,zhihu.com,,,,
H005151,2026-07-04 10:58:54,web_visit,访问内部 OA/知识库,,T1071,,npm.company.cn,,,,
H005151,2026-07-04 11:04:20,login,登录办公终端,,T1078,,,,,,
H008871,2026-07-04 11:10:08,web_visit,访问内部 OA/知识库,,T1071,,npm.company.cn,,,,
H001721,2026-07-04 11:17:40,login,登录办公终端,,T1078,,,,,,
H004717,2026-07-04 11:21:03,email_open,阅读邮件（内部往来 2）,,,,oa.company.cn,,,,
H004950,2026-07-04 11:21:37,login,登录办公终端,,T1078,,,,,,
H000987,2026-07-04 11:22:23,dns_query,域名解析,,T1071.001,,oa.company.cn,,,,
H009979,2026-07-04 11:23:24,web_visit,访问内部 OA/知识库,,T1071,,wiki.company.cn,,,,
H000987,2026-07-04 11:25:23,email_open,阅读邮件（内部往来 1）,,,,npm.company.cn,,,,
H009170,2026-07-04 11:26:16,login,登录办公终端,,T1078,,,,,,
H004953,2026-07-04 11:26:31,web_visit,访问内部 OA/知识库,,T1071,,mail.company.cn,,,,
H007129,2026-07-04 11:26:43,web_visit,访问内部 OA/知识库,,T1071,,oa.company.cn,,,,
H004763,2026-07-04 11:26:56,upload,上传附件 1MB,,T1567,,docs.company.cn,8475,,,
H004724,2026-07-04 11:28:36,web_visit,访问内部 OA/知识库,,T1071,,wiki.company.cn,,,,
H004763,2026-07-04 11:29:59,dns_query,域名解析,,T1071.001,,baidu.com,,,,
H004058,2026-07-04 11:32:12,login,登录办公终端,,T1078,,,,,,
H003043,2026-07-04 11:33:59,login,登录办公终端,,T1078,,,,,,
H005767,2026-07-04 11:42:46,email_open,阅读邮件（内部往来 1）,,,,wiki.company.cn,,,,
H005988,2026-07-04 11:43:05,login,登录办公终端,,T1078,,,,,,
H006049,2026-07-04 11:45:27,web_visit,访问内部 OA/知识库,,T1071,,kb.company.cn,,,,
H003910,2026-07-04 11:45:58,email_open,阅读邮件（内部往来 2）,,,,mail.company.cn,,,,
H008931,2026-07-04 11:46:28,web_visit,访问内部 OA/知识库,,T1071,,docs.company.cn,,,,
H007458,2026-07-04 11:53:12,mfa_denied,新设备 MFA 验证失败一次后成功,,T1621,,,,,,
H002480,2026-07-04 11:54:30,email_open,阅读邮件（内部往来 2）,,,,oa.company.cn,,,,
H006373,2026-07-04 11:55:27,dns_query,域名解析,,T1071.001,,zhihu.com,,,,
H004763,2026-07-04 11:59:07,email_open,阅读邮件（内部往来 1）,,,,oa.company.cn,,,,
H004953,2026-07-04 12:00:33,web_visit,访问内部 OA/知识库,,T1071,,kb.company.cn,,,,
H001269,2026-07-04 12:02:27,web_visit,访问内部 OA/知识库,,T1071,,wiki.company.cn,,,,
H009979,2026-07-04 12:12:01,download,下载文档/更新包 36MB,,T1204.002,,,42617,,,
H001824,2026-07-04 12:21:06,dns_query,域名解析,,T1071.001,,mail.company.cn,,,,
H001547,2026-07-04 12:22:19,download,下载文档/更新包 19MB,,T1204.002,,,19322,,,
H006473,2026-07-04 12:25:10,download,下载文档/更新包 4MB,,T1204.002,,,1237,,,
H007030,2026-07-04 12:42:23,email_open,阅读邮件（内部往来 1）,,,,npm.company.cn,,,,
H001668,2026-07-04 12:43:27,email_open,阅读邮件（内部往来 2）,,,,npm.company.cn,,,,
H000559,2026-07-04 12:44:36,email_open,阅读邮件（内部往来 3）,,,,docs.company.cn,,,,
H001269,2026-07-04 12:45:07,email_open,阅读邮件（内部往来 2）,,,,docs.company.cn,,,,
H001796,2026-07-04 12:45:55,dns_query,域名解析,,T1071.001,,github.com,,,,
H004149,2026-07-04 12:53:25,failed_login,密码错误自动重试,,T1110.001,,,,,,
H007030,2026-07-04 12:55:58,web_visit,访问内部 OA/知识库,,T1071,,oa.company.cn,,,,
H000117,2026-07-04 13:03:31,login,登录办公终端,,T1078,,,,,,
H000987,2026-07-04 13:04:20,email_open,阅读邮件（内部往来 2）,,,,mail.company.cn,,,,
H008981,2026-07-04 13:07:16,dns_query,域名解析,,T1071.001,,mail.company.cn,,,,
H003893,2026-07-04 13:10:58,web_visit,访问内部 OA/知识库,,T1071,,kb.company.cn,,,,
H001402,2026-07-04 13:26:03,web_visit,访问内部 OA/知识库,,T1071,,docs.company.cn,,,,
H004362,2026-07-04 13:27:15,failed_login,密码错误自动重试,,T1110.001,,,,,,
H004362,2026-07-04 13:29:08,email_open,阅读邮件（内部往来 1）,,,,docs.company.cn,,,,
H002894,2026-07-04 13:30:11,email_open,阅读邮件（内部往来 2）,,,,oa.company.cn,,,,
H006311,2026-07-04 13:34:15,download,下载文档/更新包 21MB,,T1204.002,,,27904,,,
H001402,2026-07-04 13:39:24,email_open,阅读邮件（内部往来 1）,,,,oa.company.cn,,,,
H001547,2026-07-04 13:41:31,login,登录办公终端,,T1078,,,,南京市,,
H002907,2026-07-04 13:45:28,email_open,阅读邮件（内部往来 2）,,,,wiki.company.cn,,,,
H001824,2026-07-04 13:47:26,download,下载文档/更新包 42MB,,T1204.002,,,29205,,,
H005767,2026-07-04 13:48:08,login,登录办公终端,,T1078,,,,,,
H000564,2026-07-04 13:50:54,login,登录办公终端,,T1078,,,,,,
H009170,2026-07-04 13:58:18,email_open,阅读邮件（内部往来 3）,,,,npm.company.cn,,,,
H004816,2026-07-04 13:59:48,failed_login,密码错误自动重试,,T1110.001,,,,,,
H007983,2026-07-04 14:06:40,vpn_connect,出差地 VPN 接入,,T1078,,,,深圳市,,
H005614,2026-07-04 14:09:09,login,登录办公终端,,T1078,,,,西安市,,
H001402,2026-07-04 14:16:33,email_open,阅读邮件（内部往来 4）,,,,mail.company.cn,,,,
H002907,2026-07-04 14:16:46,email_open,阅读邮件（内部往来 1）,,,,wiki.company.cn,,,,
H009698,2026-07-04 14:17:49,email_open,阅读邮件（内部往来 1）,,,,kb.company.cn,,,,
H008871,2026-07-04 14:30:50,email_open,阅读邮件（内部往来 2）,,,,mail.company.cn,,,,
H003910,2026-07-04 14:31:39,upload,上传附件 1MB,,T1567,,docs.company.cn,14805,,,
H009698,2026-07-04 14:35:33,dns_query,域名解析,,T1071.001,,oa.company.cn,,,,
H001824,2026-07-04 14:36:28,login,登录办公终端,,T1078,,,,,,
H002894,2026-07-04 14:37:34,vpn_connect,出差地 VPN 接入,,T1078,,,,北京市,,
H004058,2026-07-04 14:38:40,email_open,阅读邮件（内部往来 1）,,,,wiki.company.cn,,,,
H003893,2026-07-04 14:41:19,dns_query,域名解析,,T1071.001,,qq.com,,,,
H001402,2026-07-04 14:44:32,failed_login,密码错误自动重试,,T1110.001,,,,,,
H004058,2026-07-04 14:45:16,web_visit,访问内部 OA/知识库,,T1071,,npm.company.cn,,,,
H006049,2026-07-04 14:47:43,email_open,阅读邮件（内部往来 1）,,,,mail.company.cn,,,,
H009691,2026-07-04 14:48:35,failed_login,密码错误自动重试,,T1110.001,,,,,,
H002774,2026-07-04 14:51:37,web_visit,访问内部 OA/知识库,,T1071,,kb.company.cn,,,,
H007458,2026-07-04 14:54:37,email_open,阅读邮件（内部往来 3）,,,,kb.company.cn,,,,
H004816,2026-07-04 14:56:11,web_visit,访问内部 OA/知识库,,T1071,,mail.company.cn,,,,
H006738,2026-07-04 14:57:07,web_visit,访问内部 OA/知识库,,T1071,,oa.company.cn,,,,
H007129,2026-07-04 15:00:48,login,登录办公终端,,T1078,,,,,,
H004724,2026-07-04 15:02:21,email_open,阅读邮件（内部往来 2）,,,,mail.company.cn,,,,
H004717,2026-07-04 15:05:21,email_open,阅读邮件（内部往来 1）,,,,oa.company.cn,,,,
H008931,2026-07-04 15:08:32,email_open,阅读邮件（内部往来 1）,,,,wiki.company.cn,,,,
H004724,2026-07-04 15:12:18,dns_query,域名解析,,T1071.001,,bilibili.com,,,,
H003910,2026-07-04 15:12:49,failed_login,密码错误自动重试,,T1110.001,,,,,,
H009979,2026-07-04 15:13:30,email_open,阅读邮件（内部往来 3）,,,,oa.company.cn,,,,
H006311,2026-07-04 15:13:53,dns_query,域名解析,,T1071.001,,npm.company.cn,,,,
H004080,2026-07-04 15:16:29,login,登录办公终端,,T1078,,,,,,
H002894,2026-07-04 15:17:31,email_open,阅读邮件（内部往来 1）,,,,oa.company.cn,,,,
H002540,2026-07-04 15:17:37,login,登录办公终端,,T1078,,,,,,
H001668,2026-07-04 15:18:13,login,登录办公终端,,T1078,,,,,,
H004953,2026-07-04 15:18:14,download,下载文档/更新包 23MB,,T1204.002,,,5312,,,
H000438,2026-07-04 15:20:00,upload,上传附件 15MB,,T1567,,docs.company.cn,13931,,,
H003893,2026-07-04 15:20:51,login,登录办公终端,,T1078,,,,,,
H006747,2026-07-04 15:23:00,email_open,阅读邮件（内部往来 3）,,,,docs.company.cn,,,,
H001402,2026-07-04 15:23:49,login,登录办公终端,,T1078,,,,,,
H000564,2026-07-04 15:28:33,web_visit,访问内部 OA/知识库,,T1071,,npm.company.cn,,,,
H001235,2026-07-04 15:34:11,web_visit,访问内部 OA/知识库,,T1071,,wiki.company.cn,,,,
H009979,2026-07-04 15:40:40,email_open,阅读邮件（内部往来 2）,,,,mail.company.cn,,,,
H007030,2026-07-04 15:45:25,dns_query,域名解析,,T1071.001,,oa.company.cn,,,,
H004149,2026-07-04 15:49:27,download,下载文档/更新包 34MB,,T1204.002,,,21596,,,
H001402,2026-07-04 16:02:43,web_visit,访问内部 OA/知识库,,T1071,,docs.company.cn,,,,
H002480,2026-07-04 16:03:31,download,下载文档/更新包 39MB,,T1204.002,,,13848,,,
H007458,2026-07-04 16:03:36,failed_login,密码错误自动重试,,T1110.001,,,,,,
H001235,2026-07-04 16:04:27,failed_login,密码错误自动重试,,T1110.001,,,,,,
H009979,2026-07-04 16:04:59,failed_login,密码错误自动重试,,T1110.001,,,,,,
H003785,2026-07-04 16:06:04,dns_query,域名解析,,T1071.001,,jd.com,,,,
H005496,2026-07-04 16:10:20,login,登录办公终端,,T1078,,,,,,
H001668,2026-07-04 16:12:45,failed_login,密码错误自动重试,,T1110.001,,,,,,
H005614,2026-07-04 16:14:09,dns_query,域名解析,,T1071.001,,oa.company.cn,,,,
H006311,2026-07-04 16:14:59,email_open,阅读邮件（内部往来 1）,,,,npm.company.cn,,,,
H000763,2026-07-04 16:16:37,download,下载文档/更新包 6MB,,T1204.002,,,39836,,,
H003785,2026-07-04 16:18:56,login,登录办公终端,,T1078,,,,苏州市,,
H007983,2026-07-04 16:32:48,email_open,阅读邮件（内部往来 2）,,,,mail.company.cn,,,,
H003910,2026-07-04 16:35:37,web_visit,访问内部 OA/知识库,,T1071,,oa.company.cn,,,,
H004763,2026-07-04 16:37:58,login,登录办公终端,,T1078,,,,,,
H004724,2026-07-04 16:40:44,email_open,阅读邮件（内部往来 1）,,,,wiki.company.cn,,,,
H002223,2026-07-04 16:42:30,email_open,阅读邮件（内部往来 1）,,,,kb.company.cn,,,,
H008871,2026-07-04 16:42:51,failed_login,密码错误自动重试,,T1110.001,,,,,,
H004394,2026-07-04 16:45:05,login,登录办公终端,,T1078,,,,,,
H000763,2026-07-04 16:46:03,failed_login,密码错误自动重试,,T1110.001,,,,,,
H006311,2026-07-04 16:48:54,login,登录办公终端,,T1078,,,,,,
H005496,2026-07-04 16:50:32,email_open,阅读邮件（内部往来 2）,,,,oa.company.cn,,,,
H004394,2026-07-04 16:50:50,email_open,阅读邮件（内部往来 1）,,,,docs.company.cn,,,,
H003910,2026-07-04 16:51:25,email_open,阅读邮件（内部往来 1）,,,,mail.company.cn,,,,
H005988,2026-07-04 16:54:57,failed_login,密码错误自动重试,,T1110.001,,,,,,
H009170,2026-07-04 16:55:51,email_open,阅读邮件（内部往来 2）,,,,npm.company.cn,,,,
H009698,2026-07-04 16:59:15,login,登录办公终端,,T1078,,,,,,
H006473,2026-07-04 16:59:25,web_visit,访问内部 OA/知识库,,T1071,,oa.company.cn,,,,
H003910,2026-07-04 17:00:13,failed_login,密码错误自动重试,,T1110.001,,,,,,
H008164,2026-07-04 17:02:03,login,登录办公终端,,T1078,,,,,,
H006747,2026-07-04 17:05:45,email_open,阅读邮件（内部往来 1）,,,,npm.company.cn,,,,
H004816,2026-07-04 17:06:29,web_visit,访问内部 OA/知识库,,T1071,,kb.company.cn,,,,
H007983,2026-07-04 17:09:36,email_open,阅读邮件（内部往来 1）,,,,docs.company.cn,,,,
H006738,2026-07-04 17:14:23,email_open,阅读邮件（内部往来 1）,,,,npm.company.cn,,,,
H008981,2026-07-04 17:22:32,web_visit,访问内部 OA/知识库,,T1071,,docs.company.cn,,,,
H001402,2026-07-04 17:24:55,email_open,阅读邮件（内部往来 2）,,,,oa.company.cn,,,,
H000559,2026-07-04 17:25:59,email_open,阅读邮件（内部往来 2）,,,,npm.company.cn,,,,
H006473,2026-07-04 17:26:29,login,登录办公终端,,T1078,,,,苏州市,,
H004816,2026-07-04 17:27:26,login,登录办公终端,,T1078,,,,,,
H001269,2026-07-04 17:29:29,email_open,阅读邮件（内部往来 1）,,,,mail.company.cn,,,,
H004717,2026-07-04 17:30:08,login,登录办公终端,,T1078,,,,,,
H000763,2026-07-04 17:31:04,login,登录办公终端,,T1078,,,,,,
H004950,2026-07-04 17:31:16,email_open,阅读邮件（内部往来 1）,,,,kb.company.cn,,,,
H004816,2026-07-04 17:31:48,email_open,阅读邮件（内部往来 1）,,,,docs.company.cn,,,,
H008981,2026-07-04 17:34:55,failed_login,密码错误自动重试,,T1110.001,,,,,,
H001668,2026-07-04 17:35:37,email_open,阅读邮件（内部往来 1）,,,,oa.company.cn,,,,
H001819,2026-07-04 17:35:43,vpn_connect,出差地 VPN 接入,,T1078,,,,深圳市,,
H001796,2026-07-04 17:37:59,download,下载文档/更新包 4MB,,T1204.002,,,16209,,,
H002894,2026-07-04 17:38:58,login,登录办公终端,,T1078,,,,,,
H000805,2026-07-04 17:40:11,web_visit,访问内部 OA/知识库,,T1071,,npm.company.cn,,,,
H000805,2026-07-04 17:40:19,login,登录办公终端,,T1078,,,,,,
H002907,2026-07-04 17:40:21,email_open,阅读邮件（内部往来 3）,,,,docs.company.cn,,,,
H009170,2026-07-04 17:42:14,email_open,阅读邮件（内部往来 4）,,,,docs.company.cn,,,,
H001235,2026-07-04 17:46:56,login,登录办公终端,,T1078,,,,,,
H000763,2026-07-04 17:49:06,email_open,阅读邮件（内部往来 1）,,,,npm.company.cn,,,,
H008981,2026-07-04 17:53:47,email_open,阅读邮件（内部往来 2）,,,,docs.company.cn,,,,
H004953,2026-07-04 17:54:06,dns_query,域名解析,,T1071.001,,jd.com,,,,
H009979,2026-07-04 17:55:34,email_open,阅读邮件（内部往来 1）,,,,oa.company.cn,,,,
H002223,2026-07-04 17:56:10,web_visit,访问内部 OA/知识库,,T1071,,mail.company.cn,,,,
H001235,2026-07-04 18:00:18,failed_login,密码错误自动重试,,T1110.001,,,,,,
H000763,2026-07-04 18:01:22,web_visit,访问内部 OA/知识库,,T1071,,kb.company.cn,,,,
H006373,2026-07-04 18:03:13,web_visit,访问内部 OA/知识库,,T1071,,npm.company.cn,,,,
H004953,2026-07-04 18:05:10,login,登录办公终端,,T1078,,,,南京市,,
H008931,2026-07-04 18:09:06,login,登录办公终端,,T1078,,,,,,
H006049,2026-07-04 18:09:43,dns_query,域名解析,,T1071.001,,zhihu.com,,,,
H000763,2026-07-04 18:11:21,dns_query,域名解析,,T1071.001,,oa.company.cn,,,,
H004149,2026-07-04 18:12:11,vpn_connect,出差地 VPN 接入,,T1078,,,,成都市,,
H004394,2026-07-04 18:12:33,download,下载文档/更新包 30MB,,T1204.002,,,18467,,,
H000438,2026-07-04 18:14:26,email_open,阅读邮件（内部往来 2）,,,,npm.company.cn,,,,
H004717,2026-07-04 18:18:07,web_visit,访问内部 OA/知识库,,T1071,,kb.company.cn,,,,
H001721,2026-07-04 18:19:46,download,下载文档/更新包 5MB,,T1204.002,,,2659,,,
H000987,2026-07-04 18:21:16,login,登录办公终端,,T1078,,,,天津市,,
H003973,2026-07-04 18:21:35,failed_login,密码错误自动重试,,T1110.001,,,,,,
H000564,2026-07-04 18:24:14,failed_login,密码错误自动重试,,T1110.001,,,,,,
H007129,2026-07-04 18:25:32,web_visit,访问内部 OA/知识库,,T1071,,oa.company.cn,,,,
H000117,2026-07-04 18:27:29,email_open,阅读邮件（内部往来 1）,,,,docs.company.cn,,,,
H002774,2026-07-04 18:28:37,download,下载文档/更新包 7MB,,T1204.002,,,39636,,,
H001796,2026-07-04 18:28:50,login,登录办公终端,,T1078,,,,,,
H001402,2026-07-04 18:29:02,failed_login,密码错误自动重试,,T1110.001,,,,,,
H004394,2026-07-04 18:29:53,email_open,阅读邮件（内部往来 2）,,,,npm.company.cn,,,,
H001796,2026-07-04 18:36:13,web_visit,访问内部 OA/知识库,,T1071,,kb.company.cn,,,,
H000987,2026-07-04 18:38:00,web_visit,访问内部 OA/知识库,,T1071,,wiki.company.cn,,,,
H008871,2026-07-04 18:38:02,login,登录办公终端,,T1078,,,,南京市,,
H000763,2026-07-04 18:40:38,failed_login,密码错误自动重试,,T1110.001,,,,,,
H002907,2026-07-04 18:46:36,login,登录办公终端,,T1078,,,,,,
H001668,2026-07-04 18:49:08,download,下载文档/更新包 42MB,,T1204.002,,,35232,,,
H001721,2026-07-04 18:55:23,web_visit,访问内部 OA/知识库,,T1071,,oa.company.cn,,,,
H001668,2026-07-04 18:56:20,web_visit,访问内部 OA/知识库,,T1071,,wiki.company.cn,,,,
H001651,2026-07-04 18:58:50,email_open,阅读邮件（内部往来 2）,,,,kb.company.cn,,,,
H006049,2026-07-04 18:59:56,web_visit,访问内部 OA/知识库,,T1071,,wiki.company.cn,,,,
H004956,2026-07-04 19:00:09,upload,外传数据 64MB（疑似误用）,,T1567,,box-share.cc,65536,,,
H000763,2026-07-04 19:03:25,failed_login,密码错误自动重试,,T1110.001,,,,,,
H004956,2026-07-04 19:04:09,upload,外传数据 86MB（疑似误用）,,T1567,,mail-personal.cn,88064,,,
H006373,2026-07-04 19:10:18,failed_login,密码错误自动重试,,T1110.001,,,,,,
H009979,2026-07-04 19:11:36,dns_query,域名解析,,T1071.001,,github.com,,,,
H004956,2026-07-04 19:12:09,upload,外传数据 36MB（疑似误用）,,T1567,,box-share.cc,36864,,,
H009170,2026-07-04 19:15:04,email_open,阅读邮件（内部往来 1）,,,,docs.company.cn,,,,
H004956,2026-07-04 19:20:09,upload,外传数据 75MB（疑似误用）,,T1567,,mail-personal.cn,76800,,,
H001235,2026-07-04 19:27:49,web_visit,访问内部 OA/知识库,,T1071,,wiki.company.cn,,,,
H004058,2026-07-04 19:29:41,email_open,阅读邮件（内部往来 2）,,,,oa.company.cn,,,,
H000559,2026-07-04 19:31:08,login,登录办公终端,,T1078,,,,,,
H007458,2026-07-04 19:32:32,email_open,阅读邮件（内部往来 1）,,,,oa.company.cn,,,,
H006747,2026-07-04 19:42:42,web_visit,访问内部 OA/知识库,,T1071,,mail.company.cn,,,,
H008164,2026-07-04 19:44:00,web_visit,访问内部 OA/知识库,,T1071,,npm.company.cn,,,,
H004362,2026-07-04 19:48:52,vpn_connect,出差地 VPN 接入,,T1078,,,,杭州市,,
H008871,2026-07-04 19:50:04,failed_login,密码错误自动重试,,T1110.001,,,,,,
H001547,2026-07-04 19:52:16,failed_login,密码错误自动重试,,T1110.001,,,,,,
H000987,2026-07-04 19:52:50,web_visit,访问内部 OA/知识库,,T1071,,kb.company.cn,,,,
H001547,2026-07-04 19:53:37,email_open,阅读邮件（内部往来 1）,,,,npm.company.cn,,,,
H005614,2026-07-04 20:04:55,email_open,阅读邮件（内部往来 1）,,,,kb.company.cn,,,,
H002774,2026-07-04 20:10:50,email_open,阅读邮件（内部往来 1）,,,,wiki.company.cn,,,,
H003910,2026-07-04 20:12:58,login,登录办公终端,,T1078,,,,,,
H002480,2026-07-04 20:15:19,dns_query,域名解析,,T1071.001,,wiki.company.cn,,,,
H006473,2026-07-04 20:20:36,dns_query,域名解析,,T1071.001,,taobao.com,,,,
H005496,2026-07-04 20:25:29,email_open,阅读邮件（内部往来 1）,,,,kb.company.cn,,,,
H001269,2026-07-04 20:34:11,login,登录办公终端,,T1078,,,,,,
H001402,2026-07-04 20:40:02,email_open,阅读邮件（内部往来 3）,,,,mail.company.cn,,,,
H004058,2026-07-04 20:44:02,download,下载文档/更新包 44MB,,T1204.002,,,43159,,,
H002480,2026-07-04 20:45:23,login,登录办公终端,,T1078,,,,,,
H006738,2026-07-04 20:54:00,dns_query,域名解析,,T1071.001,,weibo.com,,,,
H009170,2026-07-04 20:57:44,dns_query,域名解析,,T1071.001,,oa.company.cn,,,,
H009170,2026-07-04 21:31:35,vpn_connect,出差地 VPN 接入,,T1078,,,,深圳市,,
H001547,2026-07-04 21:41:22,email_open,阅读邮件（内部往来 2）,,,,wiki.company.cn,,,,
H006373,2026-07-04 21:49:09,web_visit,访问内部 OA/知识库,,T1071,,mail.company.cn,,,,
H002479,2026-07-04 22:00:31,upload,外传数据 74MB（疑似误用）,,T1567,,mail-personal.cn,75776,,,
H002479,2026-07-04 22:08:31,upload,外传数据 30MB（疑似误用）,,T1567,,mail-personal.cn,30720,,,
H002479,2026-07-04 22:08:31,upload,外传数据 47MB（疑似误用）,,T1567,,yunpan-free.net,48128,,,
H004080,2026-07-04 22:19:28,failed_login,密码错误自动重试,,T1110.001,,,,,,
H008871,2026-07-04 22:40:14,dns_query,域名解析,,T1071.001,,jd.com,,,,
H003785,2026-07-04 22:43:49,failed_login,密码错误自动重试,,T1110.001,,,,,,
H009691,2026-07-04 22:52:01,login,登录办公终端,,T1078,,,,东莞市,,
H006747,2026-07-04 23:07:11,login,登录办公终端,,T1078,,,,,,
H001651,2026-07-04 23:23:11,download,下载文档/更新包 15MB,,T1204.002,,,15598,,,
H001796,2026-07-05 00:30:32,login,登录办公终端,,T1078,,,,,,
H002223,2026-07-05 05:32:33,login,登录办公终端,,T1078,,,,苏州市,,
H009698,2026-07-05 07:04:26,login,登录办公终端,,T1078,,,,,,
H009500,2026-07-05 07:23:41,email_open,阅读邮件（内部往来 4）,,,,npm.company.cn,,,,
H003973,2026-07-05 07:30:28,download,下载文档/更新包 1MB,,T1204.002,,,30009,,,
H009816,2026-07-05 07:39:35,email_open,阅读邮件（内部往来 1）,,,,docs.company.cn,,,,
H001402,2026-07-05 07:51:12,email_open,阅读邮件（内部往来 2）,,,,docs.company.cn,,,,
H007500,2026-07-05 08:02:58,email_open,阅读邮件（内部往来 1）,,,,mail.company.cn,,,,
H008981,2026-07-05 08:13:21,email_open,阅读邮件（内部往来 1）,,,,docs.company.cn,,,,
H001824,2026-07-05 08:16:40,login,登录办公终端,,T1078,,,,,,
H009698,2026-07-05 08:16:47,email_open,阅读邮件（内部往来 2）,,,,docs.company.cn,,,,
H009170,2026-07-05 08:16:52,email_open,阅读邮件（内部往来 1）,,,,npm.company.cn,,,,
H002480,2026-07-05 08:21:18,dns_query,域名解析,,T1071.001,,wiki.company.cn,,,,
H003043,2026-07-05 08:21:22,login,登录办公终端,,T1078,,,,,,
H008164,2026-07-05 08:27:12,download,下载文档/更新包 45MB,,T1204.002,,,35326,,,
H009500,2026-07-05 08:28:32,email_open,阅读邮件（内部往来 3）,,,,oa.company.cn,,,,
H001402,2026-07-05 08:30:12,login,登录办公终端,,T1078,,,,,,
H008214,2026-07-05 08:30:49,email_open,阅读邮件（内部往来 1）,,,,wiki.company.cn,,,,
H005151,2026-07-05 08:39:00,email_open,阅读邮件（内部往来 1）,,,,oa.company.cn,,,,
H005614,2026-07-05 08:39:47,login,登录办公终端,,T1078,,,,西安市,,
H004149,2026-07-05 08:39:51,login,登录办公终端,,T1078,,,,,,
H009903,2026-07-05 08:40:02,email_open,阅读邮件（内部往来 1）,,,,docs.company.cn,,,,
H004717,2026-07-05 08:42:23,login,登录办公终端,,T1078,,,,,,
H001235,2026-07-05 08:46:12,email_open,阅读邮件（内部往来 1）,,,,wiki.company.cn,,,,
H004146,2026-07-05 08:46:27,failed_login,密码错误自动重试,,T1110.001,,,,,,
H004724,2026-07-05 08:48:38,email_open,阅读邮件（内部往来 1）,,,,mail.company.cn,,,,
H003043,2026-07-05 08:51:01,dns_query,域名解析,,T1071.001,,github.com,,,,
H004080,2026-07-05 09:01:35,email_open,阅读邮件（内部往来 1）,,,,wiki.company.cn,,,,
H009903,2026-07-05 09:04:14,web_visit,访问内部 OA/知识库,,T1071,,mail.company.cn,,,,
H008057,2026-07-05 09:05:38,email_open,阅读邮件（内部往来 2）,,,,oa.company.cn,,,,
H002223,2026-07-05 09:08:09,web_visit,访问内部 OA/知识库,,T1071,,oa.company.cn,,,,
H000763,2026-07-05 09:08:12,download,下载来源不明安装包,,T1204.002,,update-cdn-svc.cn,7605,,,
H003833,2026-07-05 09:11:25,email_open,阅读邮件（内部往来 1）,,,,npm.company.cn,,,,
H006738,2026-07-05 09:14:19,email_open,阅读邮件（内部往来 1）,,,,oa.company.cn,,,,
H009500,2026-07-05 09:15:05,login,登录办公终端,,T1078,,,,,,
H005767,2026-07-05 09:17:25,download,下载文档/更新包 34MB,,T1204.002,,,13796,,,
H004394,2026-07-05 09:22:26,web_visit,访问内部 OA/知识库,,T1071,,kb.company.cn,,,,
H007512,2026-07-05 09:24:39,dns_query,域名解析,,T1071.001,,npm.company.cn,,,,
H008981,2026-07-05 09:29:37,login,登录办公终端,,T1078,,,,,,
H001668,2026-07-05 09:34:03,email_open,阅读邮件（内部往来 2）,,,,oa.company.cn,,,,
H007500,2026-07-05 09:35:47,login,登录办公终端,,T1078,,,,,,
H000763,2026-07-05 09:37:24,web_visit,访问内部 OA/知识库,,T1071,,kb.company.cn,,,,
H003043,2026-07-05 09:37:53,web_visit,访问内部 OA/知识库,,T1071,,docs.company.cn,,,,
H002480,2026-07-05 09:38:00,web_visit,访问内部 OA/知识库,,T1071,,npm.company.cn,,,,
H000763,2026-07-05 09:38:14,email_open,阅读邮件（内部往来 1）,,,,oa.company.cn,,,,
H000763,2026-07-05 09:43:01,vpn_connect,出差地 VPN 接入,,T1078,,,,杭州市,,
H004763,2026-07-05 09:46:15,login,登录办公终端,,T1078,,,,,,
H008057,2026-07-05 09:49:08,web_visit,访问内部 OA/知识库,,T1071,,mail.company.cn,,,,
H003833,2026-07-05 09:50:01,dns_query,域名解析,,T1071.001,,wiki.company.cn,,,,
H007458,2026-07-05 09:51:01,email_open,阅读邮件（内部往来 2）,,,,oa.company.cn,,,,
H005767,2026-07-05 09:54:31,login,登录办公终端,,T1078,,,,,,
H002907,2026-07-05 09:56:51,download,下载文档/更新包 7MB,,T1204.002,,,19161,,,
H001177,2026-07-05 10:01:37,failed_login,密码错误自动重试,,T1110.001,,,,,,
H003416,2026-07-05 10:03:11,web_visit,访问内部 OA/知识库,,T1071,,npm.company.cn,,,,
H006473,2026-07-05 10:03:26,web_visit,访问内部 OA/知识库,,T1071,,docs.company.cn,,,,
H002540,2026-07-05 10:04:23,login,登录办公终端,,T1078,,,,,,
H006473,2026-07-05 10:05:18,email_open,阅读邮件（内部往来 1）,,,,oa.company.cn,,,,
H003973,2026-07-05 10:05:28,web_visit,访问内部 OA/知识库,,T1071,,docs.company.cn,,,,
H000987,2026-07-05 10:08:19,web_visit,访问内部 OA/知识库,,T1071,,mail.company.cn,,,,
H003416,2026-07-05 10:13:51,login,登录办公终端,,T1078,,,,,,
H009170,2026-07-05 10:14:36,failed_login,密码错误自动重试,,T1110.001,,,,,,
H007983,2026-07-05 10:16:12,web_visit,访问内部 OA/知识库,,T1071,,kb.company.cn,,,,
H001824,2026-07-05 10:19:29,email_open,阅读邮件（内部往来 1）,,,,npm.company.cn,,,,
H001177,2026-07-05 10:28:30,email_open,阅读邮件（内部往来 2）,,,,npm.company.cn,,,,
H003973,2026-07-05 10:31:58,login,登录办公终端,,T1078,,,,,,
H004953,2026-07-05 10:32:28,login,登录办公终端,,T1078,,,,南京市,,
H006718,2026-07-05 10:38:20,login,登录办公终端,,T1078,,,,,,
H005600,2026-07-05 10:42:38,failed_login,密码错误自动重试,,T1110.001,,,,,,
H001824,2026-07-05 10:46:08,web_visit,访问内部 OA/知识库,,T1071,,kb.company.cn,,,,
H006718,2026-07-05 10:46:49,email_open,阅读邮件（内部往来 2）,,,,docs.company.cn,,,,
H003416,2026-07-05 10:47:17,failed_login,密码错误自动重试,,T1110.001,,,,,,
H004394,2026-07-05 10:48:31,login,登录办公终端,,T1078,,,,,,
H008164,2026-07-05 10:50:31,email_open,阅读邮件（内部往来 2）,,,,wiki.company.cn,,,,
H006896,2026-07-05 10:54:05,web_visit,访问内部 OA/知识库,,T1071,,mail.company.cn,,,,
H002907,2026-07-05 10:57:48,failed_login,密码错误自动重试,,T1110.001,,,,,,
H004724,2026-07-05 11:06:16,download,下载文档/更新包 26MB,,T1204.002,,,22613,,,
H007458,2026-07-05 11:08:29,email_open,阅读邮件（内部往来 1）,,,,oa.company.cn,,,,
H006718,2026-07-05 11:18:27,web_visit,访问内部 OA/知识库,,T1071,,oa.company.cn,,,,
H001547,2026-07-05 11:18:47,email_open,阅读邮件（内部往来 1）,,,,docs.company.cn,,,,
H002844,2026-07-05 11:19:54,web_visit,访问内部 OA/知识库,,T1071,,npm.company.cn,,,,
H006373,2026-07-05 11:34:57,failed_login,密码错误自动重试,,T1110.001,,,,,,
H004362,2026-07-05 11:37:05,privesc,安装办公软件（UAC 授权通过）,,T1543.003,,,,,,
H006113,2026-07-05 11:38:46,login,登录办公终端,,T1078,,,,武汉市,,
H004058,2026-07-05 11:48:31,failed_login,密码错误自动重试,,T1110.001,,,,,,
H006049,2026-07-05 11:50:04,email_open,阅读邮件（内部往来 1）,,,,docs.company.cn,,,,
H004763,2026-07-05 11:50:32,email_open,阅读邮件（内部往来 2）,,,,mail.company.cn,,,,
H004816,2026-07-05 11:50:54,download,下载文档/更新包 16MB,,T1204.002,,,31927,,,
H009500,2026-07-05 11:51:55,web_visit,访问内部 OA/知识库,,T1071,,oa.company.cn,,,,
H001668,2026-07-05 11:53:36,dns_query,域名解析,,T1071.001,,weibo.com,,,,
H004763,2026-07-05 11:56:22,email_open,阅读邮件（内部往来 1）,,,,npm.company.cn,,,,
H003043,2026-07-05 11:59:15,web_visit,访问内部 OA/知识库,,T1071,,npm.company.cn,,,,
H005600,2026-07-05 12:02:30,login,登录办公终端,,T1078,,,,,,
H004724,2026-07-05 12:05:34,dns_query,域名解析,,T1071.001,,wiki.company.cn,,,,
H008981,2026-07-05 12:08:19,dns_query,域名解析,,T1071.001,,npm.company.cn,,,,
H008057,2026-07-05 12:08:29,login,登录办公终端,,T1078,,,,,,
H001177,2026-07-05 12:09:58,email_open,阅读邮件（内部往来 1）,,,,npm.company.cn,,,,
H002540,2026-07-05 12:17:37,dns_query,域名解析,,T1071.001,,taobao.com,,,,
H002223,2026-07-05 12:18:38,upload,上传附件 3MB,,T1567,,docs.company.cn,11352,,,
H006373,2026-07-05 12:19:38,failed_login,密码错误自动重试,,T1110.001,,,,,,
H003833,2026-07-05 12:19:44,email_open,阅读邮件（内部往来 2）,,,,mail.company.cn,,,,
H007458,2026-07-05 12:19:54,web_visit,访问内部 OA/知识库,,T1071,,docs.company.cn,,,,
H002540,2026-07-05 12:20:51,failed_login,密码错误自动重试,,T1110.001,,,,,,
H000805,2026-07-05 12:26:16,download,下载文档/更新包 33MB,,T1204.002,,,41232,,,
H001668,2026-07-05 12:27:15,web_visit,访问内部 OA/知识库,,T1071,,npm.company.cn,,,,
H001668,2026-07-05 12:27:17,email_open,阅读邮件（内部往来 3）,,,,oa.company.cn,,,,
H001177,2026-07-05 12:29:39,login,登录办公终端,,T1078,,,,,,
H006113,2026-07-05 12:31:53,email_open,阅读邮件（内部往来 1）,,,,docs.company.cn,,,,
H003833,2026-07-05 12:32:54,login,登录办公终端,,T1078,,,,,,
H003043,2026-07-05 12:35:15,download,下载文档/更新包 28MB,,T1204.002,,,23637,,,
H009500,2026-07-05 12:36:01,email_open,阅读邮件（内部往来 2）,,,,kb.company.cn,,,,
H009535,2026-07-05 12:36:55,login,登录办公终端,,T1078,,,,,,
H004394,2026-07-05 12:40:19,email_open,阅读邮件（内部往来 2）,,,,kb.company.cn,,,,
H004717,2026-07-05 12:48:37,failed_login,密码错误自动重试,,T1110.001,,,,,,
H004717,2026-07-05 12:49:03,dns_query,域名解析,,T1071.001,,docs.company.cn,,,,
H002540,2026-07-05 12:52:15,web_visit,访问内部 OA/知识库,,T1071,,docs.company.cn,,,,
H006718,2026-07-05 12:52:38,failed_login,密码错误自动重试,,T1110.001,,,,,,
H009816,2026-07-05 12:53:31,login,登录办公终端,,T1078,,,,东莞市,,
H001824,2026-07-05 12:53:47,failed_login,密码错误自动重试,,T1110.001,,,,,,
H003973,2026-07-05 12:57:37,web_visit,访问内部 OA/知识库,,T1071,,kb.company.cn,,,,
H003416,2026-07-05 13:01:00,email_open,阅读邮件（内部往来 1）,,,,docs.company.cn,,,,
H004717,2026-07-05 13:04:09,email_open,阅读邮件（内部往来 2）,,,,wiki.company.cn,,,,
H006113,2026-07-05 13:05:06,dns_query,域名解析,,T1071.001,,qq.com,,,,
H001177,2026-07-05 13:05:49,failed_login,密码错误自动重试,,T1110.001,,,,,,
H000805,2026-07-05 13:09:29,email_open,阅读邮件（内部往来 1）,,,,docs.company.cn,,,,
H007500,2026-07-05 13:10:54,web_visit,访问内部 OA/知识库,,T1071,,wiki.company.cn,,,,
H004953,2026-07-05 13:16:28,web_visit,访问内部 OA/知识库,,T1071,,wiki.company.cn,,,,
H005614,2026-07-05 13:17:34,email_open,阅读邮件（内部往来 1）,,,,kb.company.cn,,,,
H007983,2026-07-05 13:18:00,login,登录办公终端,,T1078,,,,,,
H001796,2026-07-05 13:20:07,download,下载文档/更新包 34MB,,T1204.002,,,9356,,,
H009903,2026-07-05 13:25:23,failed_login,密码错误自动重试,,T1110.001,,,,,,
H001796,2026-07-05 13:26:32,dns_query,域名解析,,T1071.001,,wiki.company.cn,,,,
H004763,2026-07-05 13:28:03,dns_query,域名解析,,T1071.001,,qq.com,,,,
H001235,2026-07-05 13:28:33,login,登录办公终端,,T1078,,,,,,
H000805,2026-07-05 13:36:37,email_open,阅读邮件（内部往来 2）,,,,wiki.company.cn,,,,
H003973,2026-07-05 13:40:14,failed_login,密码错误自动重试,,T1110.001,,,,,,
H004146,2026-07-05 13:43:25,web_visit,访问内部 OA/知识库,,T1071,,wiki.company.cn,,,,
H006373,2026-07-05 13:43:31,failed_login,密码错误自动重试,,T1110.001,,,,,,
H001547,2026-07-05 13:53:37,login,登录办公终端,,T1078,,,,南京市,,
H008214,2026-07-05 13:55:02,download,下载文档/更新包 42MB,,T1204.002,,,16963,,,
H007512,2026-07-05 13:59:24,login,登录办公终端,,T1078,,,,,,
H006113,2026-07-05 13:59:31,email_open,阅读邮件（内部往来 3）,,,,oa.company.cn,,,,
H003043,2026-07-05 14:04:47,failed_login,密码错误自动重试,,T1110.001,,,,,,
H009500,2026-07-05 14:05:20,email_open,阅读邮件（内部往来 1）,,,,wiki.company.cn,,,,
H006473,2026-07-05 14:06:33,failed_login,密码错误自动重试,,T1110.001,,,,,,
H001235,2026-07-05 14:12:10,web_visit,访问内部 OA/知识库,,T1071,,oa.company.cn,,,,
H001796,2026-07-05 14:17:01,email_open,阅读邮件（内部往来 1）,,,,docs.company.cn,,,,
H000805,2026-07-05 14:17:09,login,登录办公终端,,T1078,,,,,,
H001402,2026-07-05 14:20:01,failed_login,密码错误自动重试,,T1110.001,,,,,,
H008164,2026-07-05 14:24:07,web_visit,访问内部 OA/知识库,,T1071,,kb.company.cn,,,,
H001402,2026-07-05 14:25:42,email_open,阅读邮件（内部往来 1）,,,,npm.company.cn,,,,
H003785,2026-07-05 14:27:35,email_open,阅读邮件（内部往来 1）,,,,kb.company.cn,,,,
H009170,2026-07-05 14:29:04,vpn_connect,出差地 VPN 接入,,T1078,,,,成都市,,
H000805,2026-07-05 14:32:14,dns_query,域名解析,,T1071.001,,docs.company.cn,,,,
H004058,2026-07-05 14:34:00,dns_query,域名解析,,T1071.001,,zhihu.com,,,,
H000117,2026-07-05 14:34:07,login,登录办公终端,,T1078,,,,,,
H004816,2026-07-05 14:34:29,login,登录办公终端,,T1078,,,,,,
H002223,2026-07-05 14:39:05,failed_login,密码错误自动重试,,T1110.001,,,,,,
H005767,2026-07-05 14:43:11,failed_login,密码错误自动重试,,T1110.001,,,,,,
H009903,2026-07-05 14:44:15,download,下载文档/更新包 3MB,,T1204.002,,,19614,,,
H000117,2026-07-05 14:46:31,email_open,阅读邮件（内部往来 2）,,,,oa.company.cn,,,,
H002844,2026-07-05 14:48:10,login,登录办公终端,,T1078,,,,苏州市,,
H004717,2026-07-05 14:55:06,failed_login,密码错误自动重试,,T1110.001,,,,,,
H002540,2026-07-05 14:58:46,email_open,阅读邮件（内部往来 1）,,,,docs.company.cn,,,,
H001402,2026-07-05 15:00:46,web_visit,访问内部 OA/知识库,,T1071,,docs.company.cn,,,,
H006373,2026-07-05 15:02:58,web_visit,访问内部 OA/知识库,,T1071,,mail.company.cn,,,,
H009816,2026-07-05 15:04:06,web_visit,访问内部 OA/知识库,,T1071,,docs.company.cn,,,,
H009170,2026-07-05 15:07:26,web_visit,访问内部 OA/知识库,,T1071,,oa.company.cn,,,,
H008164,2026-07-05 15:07:53,login,登录办公终端,,T1078,,,,,,
H004149,2026-07-05 15:08:40,email_open,阅读邮件（内部往来 1）,,,,docs.company.cn,,,,
H004816,2026-07-05 15:17:46,failed_login,密码错误自动重试,,T1110.001,,,,,,
H008057,2026-07-05 15:19:47,dns_query,域名解析,,T1071.001,,jd.com,,,,
H009698,2026-07-05 15:21:52,email_open,阅读邮件（内部往来 1）,,,,oa.company.cn,,,,
H004816,2026-07-05 15:24:22,web_visit,访问内部 OA/知识库,,T1071,,mail.company.cn,,,,
H007983,2026-07-05 15:24:33,email_open,阅读邮件（内部往来 1）,,,,oa.company.cn,,,,
H009500,2026-07-05 15:25:37,download,下载文档/更新包 24MB,,T1204.002,,,22743,,,
H009170,2026-07-05 15:26:24,email_open,阅读邮件（内部往来 2）,,,,kb.company.cn,,,,
H001547,2026-07-05 15:29:22,web_visit,访问内部 OA/知识库,,T1071,,kb.company.cn,,,,
H007458,2026-07-05 15:30:07,login,登录办公终端,,T1078,,,,,,
H004080,2026-07-05 15:32:14,dns_query,域名解析,,T1071.001,,wiki.company.cn,,,,
H000987,2026-07-05 15:32:15,failed_login,密码错误自动重试,,T1110.001,,,,,,
H000987,2026-07-05 15:34:44,login,登录办公终端,,T1078,,,,天津市,,
H002479,2026-07-05 15:42:43,login,登录办公终端,,T1078,,,,天津市,,
H004080,2026-07-05 15:43:05,login,登录办公终端,,T1078,,,,,,
H006738,2026-07-05 15:45:58,email_open,阅读邮件（内部往来 2）,,,,kb.company.cn,,,,
H004149,2026-07-05 15:46:53,email_open,阅读邮件（内部往来 2）,,,,wiki.company.cn,,,,
H002480,2026-07-05 15:47:41,email_open,阅读邮件（内部往来 1）,,,,mail.company.cn,,,,
H009535,2026-07-05 15:50:24,download,下载文档/更新包 29MB,,T1204.002,,,33211,,,
H004058,2026-07-05 15:51:36,login,登录办公终端,,T1078,,,,,,
H008214,2026-07-05 15:52:25,web_visit,访问内部 OA/知识库,,T1071,,wiki.company.cn,,,,
H002907,2026-07-05 15:52:36,login,登录办公终端,,T1078,,,,,,
H002844,2026-07-05 15:54:53,web_visit,访问内部 OA/知识库,,T1071,,oa.company.cn,,,,
H004146,2026-07-05 15:55:16,login,登录办公终端,,T1078,,,,,,
H006473,2026-07-05 16:00:33,web_visit,访问内部 OA/知识库,,T1071,,wiki.company.cn,,,,
H004080,2026-07-05 16:04:40,web_visit,访问内部 OA/知识库,,T1071,,oa.company.cn,,,,
H004149,2026-07-05 16:12:46,web_visit,访问内部 OA/知识库,,T1071,,npm.company.cn,,,,
H003533,2026-07-05 16:18:17,login,登录办公终端,,T1078,,,,武汉市,,
H000117,2026-07-05 16:18:31,web_visit,访问内部 OA/知识库,,T1071,,wiki.company.cn,,,,
H000117,2026-07-05 16:21:41,failed_login,密码错误自动重试,,T1110.001,,,,,,
H009903,2026-07-05 16:23:13,failed_login,密码错误自动重试,,T1110.001,,,,,,
H009903,2026-07-05 16:23:14,failed_login,密码错误自动重试,,T1110.001,,,,,,
H007512,2026-07-05 16:23:48,email_open,阅读邮件（内部往来 1）,,,,npm.company.cn,,,,
H006896,2026-07-05 16:25:50,web_visit,访问内部 OA/知识库,,T1071,,kb.company.cn,,,,
H005600,2026-07-05 16:27:55,email_open,阅读邮件（内部往来 2）,,,,npm.company.cn,,,,
H001402,2026-07-05 16:29:18,web_visit,访问内部 OA/知识库,,T1071,,kb.company.cn,,,,
H009816,2026-07-05 16:33:23,dns_query,域名解析,,T1071.001,,bilibili.com,,,,
H001547,2026-07-05 16:34:24,dns_query,域名解析,,T1071.001,,baidu.com,,,,
H009535,2026-07-05 16:36:37,email_open,阅读邮件（内部往来 2）,,,,npm.company.cn,,,,
H000117,2026-07-05 16:42:43,failed_login,密码错误自动重试,,T1110.001,,,,,,
H003785,2026-07-05 16:43:45,login,登录办公终端,,T1078,,,,苏州市,,
H007458,2026-07-05 16:44:42,dns_query,域名解析,,T1071.001,,oa.company.cn,,,,
H006896,2026-07-05 16:45:17,login,登录办公终端,,T1078,,,,,,
H001402,2026-07-05 16:46:11,failed_login,密码错误自动重试,,T1110.001,,,,,,
H006373,2026-07-05 16:51:13,dns_query,域名解析,,T1071.001,,wiki.company.cn,,,,
H002907,2026-07-05 16:53:08,email_open,阅读邮件（内部往来 1）,,,,oa.company.cn,,,,
H003416,2026-07-05 16:53:49,email_open,阅读邮件（内部往来 2）,,,,kb.company.cn,,,,
H000763,2026-07-05 16:55:48,email_open,阅读邮件（内部往来 2）,,,,wiki.company.cn,,,,
H009903,2026-07-05 16:56:24,dns_query,域名解析,,T1071.001,,npm.company.cn,,,,
H006373,2026-07-05 17:00:41,download,下载文档/更新包 44MB,,T1204.002,,,20724,,,
H007500,2026-07-05 17:03:20,upload,上传附件 13MB,,T1567,,docs.company.cn,3075,,,
H002480,2026-07-05 17:06:33,web_visit,访问内部 OA/知识库,,T1071,,oa.company.cn,,,,
H001668,2026-07-05 17:07:16,login,登录办公终端,,T1078,,,,,,
H004717,2026-07-05 17:07:37,email_open,阅读邮件（内部往来 1）,,,,oa.company.cn,,,,
H004394,2026-07-05 17:12:40,dns_query,域名解析,,T1071.001,,oa.company.cn,,,,
H008057,2026-07-05 17:16:07,failed_login,密码错误自动重试,,T1110.001,,,,,,
H000987,2026-07-05 17:16:48,web_visit,访问内部 OA/知识库,,T1071,,wiki.company.cn,,,,
H007983,2026-07-05 17:17:34,email_open,阅读邮件（内部往来 2）,,,,kb.company.cn,,,,
H004816,2026-07-05 17:18:05,failed_login,密码错误自动重试,,T1110.001,,,,,,
H003043,2026-07-05 17:22:40,email_open,阅读邮件（内部往来 1）,,,,mail.company.cn,,,,
H004724,2026-07-05 17:28:51,login,登录办公终端,,T1078,,,,,,
H008164,2026-07-05 17:28:55,email_open,阅读邮件（内部往来 1）,,,,oa.company.cn,,,,
H007983,2026-07-05 17:29:09,upload,上传附件 11MB,,T1567,,docs.company.cn,3974,,,
H004394,2026-07-05 17:31:08,email_open,阅读邮件（内部往来 1）,,,,wiki.company.cn,,,,
H002907,2026-07-05 17:31:15,web_visit,访问内部 OA/知识库,,T1071,,mail.company.cn,,,,
H000987,2026-07-05 17:31:31,email_open,阅读邮件（内部往来 1）,,,,oa.company.cn,,,,
H005767,2026-07-05 17:36:41,email_open,阅读邮件（内部往来 2）,,,,docs.company.cn,,,,
H002480,2026-07-05 17:37:23,login,登录办公终端,,T1078,,,,,,
H003973,2026-07-05 17:44:07,email_open,阅读邮件（内部往来 1）,,,,oa.company.cn,,,,
H005151,2026-07-05 17:44:51,login,登录办公终端,,T1078,,,,,,
H003785,2026-07-05 17:45:33,web_visit,访问内部 OA/知识库,,T1071,,kb.company.cn,,,,
H005767,2026-07-05 17:46:02,email_open,阅读邮件（内部往来 1）,,,,kb.company.cn,,,,
H000117,2026-07-05 17:46:07,email_open,阅读邮件（内部往来 1）,,,,wiki.company.cn,,,,
H009170,2026-07-05 17:48:53,login,登录办公终端,,T1078,,,,,,
H005600,2026-07-05 17:51:33,email_open,阅读邮件（内部往来 1）,,,,npm.company.cn,,,,
H001177,2026-07-05 17:55:35,web_visit,访问内部 OA/知识库,,T1071,,docs.company.cn,,,,
H001668,2026-07-05 17:57:31,email_open,阅读邮件（内部往来 1）,,,,npm.company.cn,,,,
H002479,2026-07-05 17:58:03,web_visit,访问内部 OA/知识库,,T1071,,oa.company.cn,,,,
H007458,2026-07-05 17:59:52,email_open,阅读邮件（内部往来 3）,,,,npm.company.cn,,,,
H001177,2026-07-05 18:00:20,web_visit,访问内部 OA/知识库,,T1071,,wiki.company.cn,,,,
H009698,2026-07-05 18:02:20,failed_login,密码错误自动重试,,T1110.001,,,,,,
H003416,2026-07-05 18:04:50,email_open,阅读邮件（内部往来 3）,,,,wiki.company.cn,,,,
H003973,2026-07-05 18:11:28,failed_login,密码错误自动重试,,T1110.001,,,,,,
H004146,2026-07-05 18:13:26,email_open,阅读邮件（内部往来 1）,,,,mail.company.cn,,,,
H006718,2026-07-05 18:19:18,email_open,阅读邮件（内部往来 1）,,,,docs.company.cn,,,,
H004763,2026-07-05 18:19:55,web_visit,访问内部 OA/知识库,,T1071,,mail.company.cn,,,,
H001177,2026-07-05 18:20:41,email_open,阅读邮件（内部往来 3）,,,,docs.company.cn,,,,
H000763,2026-07-05 18:23:30,failed_login,密码错误自动重试,,T1110.001,,,,,,
H006738,2026-07-05 18:27:18,dns_query,域名解析,,T1071.001,,zhihu.com,,,,
H005151,2026-07-05 18:32:57,email_open,阅读邮件（内部往来 2）,,,,wiki.company.cn,,,,
H009698,2026-07-05 18:33:36,dns_query,域名解析,,T1071.001,,docs.company.cn,,,,
H008057,2026-07-05 18:40:50,email_open,阅读邮件（内部往来 1）,,,,wiki.company.cn,,,,
H006738,2026-07-05 18:41:19,web_visit,访问内部 OA/知识库,,T1071,,mail.company.cn,,,,
H006419,2026-07-05 18:44:58,login,登录办公终端,,T1078,,,,南京市,,
H003785,2026-07-05 18:46:19,email_open,阅读邮件（内部往来 2）,,,,mail.company.cn,,,,
H009535,2026-07-05 18:51:09,email_open,阅读邮件（内部往来 1）,,,,wiki.company.cn,,,,
H006113,2026-07-05 18:53:53,email_open,阅读邮件（内部往来 2）,,,,npm.company.cn,,,,
H006738,2026-07-05 19:03:05,login,登录办公终端,,T1078,,,,,,
H003533,2026-07-05 19:08:28,dns_query,域名解析,,T1071.001,,wiki.company.cn,,,,
H002907,2026-07-05 19:16:14,dns_query,域名解析,,T1071.001,,bilibili.com,,,,
H001547,2026-07-05 19:32:28,failed_login,密码错误自动重试,,T1110.001,,,,,,
H009535,2026-07-05 19:33:31,web_visit,访问内部 OA/知识库,,T1071,,kb.company.cn,,,,
H009816,2026-07-05 19:35:57,web_visit,访问内部 OA/知识库,,T1071,,docs.company.cn,,,,
H006113,2026-07-05 19:37:02,download,下载文档/更新包 14MB,,T1204.002,,,3070,,,
H004149,2026-07-05 19:46:37,web_visit,访问内部 OA/知识库,,T1071,,wiki.company.cn,,,,
H009170,2026-07-05 19:55:08,upload,上传附件 9MB,,T1567,,docs.company.cn,7073,,,
H009698,2026-07-05 20:04:38,web_visit,访问内部 OA/知识库,,T1071,,wiki.company.cn,,,,
H006049,2026-07-05 20:08:57,login,登录办公终端,,T1078,,,,,,
H002223,2026-07-05 20:14:30,dns_query,域名解析,,T1071.001,,weibo.com,,,,
H009535,2026-07-05 20:16:18,dns_query,域名解析,,T1071.001,,kb.company.cn,,,,
H004080,2026-07-05 20:17:15,web_visit,访问内部 OA/知识库,,T1071,,wiki.company.cn,,,,
H002479,2026-07-05 20:21:46,download,下载文档/更新包 33MB,,T1204.002,,,26058,,,
H005600,2026-07-05 20:23:28,web_visit,访问内部 OA/知识库,,T1071,,kb.company.cn,,,,
H006419,2026-07-05 20:34:08,download,下载文档/更新包 16MB,,T1204.002,,,7095,,,
H001796,2026-07-05 20:37:09,web_visit,访问内部 OA/知识库,,T1071,,wiki.company.cn,,,,
H005614,2026-07-05 20:37:35,dns_query,域名解析,,T1071.001,,docs.company.cn,,,,
H006896,2026-07-05 20:45:03,email_open,阅读邮件（内部往来 1）,,,,docs.company.cn,,,,
H009903,2026-07-05 20:47:18,login,登录办公终端,,T1078,,,,天津市,,
H006373,2026-07-05 20:53:28,login,登录办公终端,,T1078,,,,苏州市,,
H008057,2026-07-05 20:58:00,failed_login,密码错误自动重试,,T1110.001,,,,,,
H001547,2026-07-05 21:01:35,download,下载文档/更新包 3MB,,T1204.002,,,16639,,,
H006473,2026-07-05 21:05:57,login,登录办公终端,,T1078,,,,苏州市,,
H008214,2026-07-05 21:14:43,web_visit,访问内部 OA/知识库,,T1071,,mail.company.cn,,,,
H008214,2026-07-05 21:35:49,dns_query,域名解析,,T1071.001,,docs.company.cn,,,,
H002844,2026-07-05 21:37:08,failed_login,密码错误自动重试,,T1110.001,,,,,,
H000763,2026-07-05 21:40:16,login,登录办公终端,,T1078,,,,,,
H004953,2026-07-05 21:54:20,web_visit,访问内部 OA/知识库,,T1071,,wiki.company.cn,,,,
H007500,2026-07-05 22:00:39,upload,外传数据 48MB（疑似误用）,,T1567,,yunpan-free.net,49152,,,
H007500,2026-07-05 22:06:39,upload,外传数据 47MB（疑似误用）,,T1567,,yunpan-free.net,48128,,,
H007500,2026-07-05 22:14:39,upload,外传数据 50MB（疑似误用）,,T1567,,yunpan-free.net,51200,,,
H008214,2026-07-05 22:15:30,login,登录办公终端,,T1078,,,,东莞市,,
H003785,2026-07-05 22:41:39,download,下载文档/更新包 20MB,,T1204.002,,,10020,,,
H006113,2026-07-05 22:46:03,failed_login,密码错误自动重试,,T1110.001,,,,,,
H000805,2026-07-05 22:54:06,web_visit,访问内部 OA/知识库,,T1071,,mail.company.cn,,,,
H006113,2026-07-05 23:14:33,web_visit,访问内部 OA/知识库,,T1071,,kb.company.cn,,,,
H006473,2026-07-05 23:27:51,download,下载文档/更新包 32MB,,T1204.002,,,21105,,,
H006113,2026-07-06 02:02:05,failed_login,密码错误自动重试,,T1110.001,,,,,,
H000805,2026-07-06 03:05:36,email_open,阅读邮件（内部往来 3）,,,,kb.company.cn,,,,
H005220,2026-07-06 05:11:39,login,登录办公终端,,T1078,,,,,,
H005600,2026-07-06 07:02:05,login,登录办公终端,,T1078,,,,,,
H000987,2026-07-06 07:32:30,web_visit,访问内部 OA/知识库,,T1071,,kb.company.cn,,,,
H002894,2026-07-06 08:03:05,dns_query,域名解析,,T1071.001,,npm.company.cn,,,,
H005220,2026-07-06 08:05:18,web_visit,访问内部 OA/知识库,,T1071,,wiki.company.cn,,,,
H001651,2026-07-06 08:18:35,login,登录办公终端,,T1078,,,,,,
H002774,2026-07-06 08:21:28,email_open,阅读邮件（内部往来 1）,,,,docs.company.cn,,,,
H008154,2026-07-06 08:23:28,dns_query,域名解析,,T1071.001,,bilibili.com,,,,
H009903,2026-07-06 08:25:17,dns_query,域名解析,,T1071.001,,kb.company.cn,,,,
H007129,2026-07-06 08:28:50,web_visit,访问内部 OA/知识库,,T1071,,npm.company.cn,,,,
H006747,2026-07-06 08:30:11,dns_query,域名解析,,T1071.001,,mail.company.cn,,,,
H005600,2026-07-06 08:38:54,email_open,阅读邮件（内部往来 3）,,,,mail.company.cn,,,,
H004080,2026-07-06 08:39:10,web_visit,访问内部 OA/知识库,,T1071,,docs.company.cn,,,,
H001668,2026-07-06 08:39:57,web_visit,访问内部 OA/知识库,,T1071,,wiki.company.cn,,,,
H004149,2026-07-06 08:42:22,web_visit,访问内部 OA/知识库,,T1071,,kb.company.cn,,,,
H004717,2026-07-06 08:44:54,dns_query,域名解析,,T1071.001,,bilibili.com,,,,
H000438,2026-07-06 08:49:31,email_open,阅读邮件（内部往来 1）,,,,wiki.company.cn,,,,
H006311,2026-07-06 08:55:50,upload,上传附件 1MB,,T1567,,docs.company.cn,3168,,,
H006750,2026-07-06 08:58:38,dns_query,域名解析,,T1071.001,,wiki.company.cn,,,,
H005988,2026-07-06 09:00:00,email_open,阅读邮件（内部往来 1）,,,,kb.company.cn,,,,
H008164,2026-07-06 09:01:41,login,登录办公终端,,T1078,,,,,,
H002894,2026-07-06 09:02:06,web_visit,访问内部 OA/知识库,,T1071,,oa.company.cn,,,,
H008164,2026-07-06 09:04:04,dns_query,域名解析,,T1071.001,,kb.company.cn,,,,
H004775,2026-07-06 09:05:23,dns_query,域名解析,,T1071.001,,docs.company.cn,,,,
H002480,2026-07-06 09:07:34,login,登录办公终端,,T1078,,,,,,
H003923,2026-07-06 09:13:41,email_open,阅读邮件（内部往来 1）,,,,wiki.company.cn,,,,
H002223,2026-07-06 09:14:01,email_open,阅读邮件（内部往来 2）,,,,docs.company.cn,,,,
H006738,2026-07-06 09:14:20,login,登录办公终端,,T1078,,,,,,
H006049,2026-07-06 09:17:47,web_visit,访问内部 OA/知识库,,T1071,,kb.company.cn,,,,
H001824,2026-07-06 09:18:31,login,登录办公终端,,T1078,,,,,,
H009903,2026-07-06 09:20:33,email_open,阅读邮件（内部往来 3）,,,,kb.company.cn,,,,
H003910,2026-07-06 09:22:44,login,登录办公终端,,T1078,,,,,,
H000763,2026-07-06 09:23:06,dns_query,域名解析,,T1071.001,,qq.com,,,,
H008981,2026-07-06 09:24:33,web_visit,访问内部 OA/知识库,,T1071,,oa.company.cn,,,,
H005600,2026-07-06 09:24:34,email_open,阅读邮件（内部往来 2）,,,,wiki.company.cn,,,,
H004775,2026-07-06 09:28:48,login,登录办公终端,,T1078,,,,,,
H003752,2026-07-06 09:30:48,dns_query,域名解析,,T1071.001,,docs.company.cn,,,,
H003043,2026-07-06 09:31:58,email_open,阅读邮件（内部往来 1）,,,,kb.company.cn,,,,
H002907,2026-07-06 09:32:42,email_open,阅读邮件（内部往来 2）,,,,npm.company.cn,,,,
H000564,2026-07-06 09:32:58,web_visit,访问内部 OA/知识库,,T1071,,wiki.company.cn,,,,
H003785,2026-07-06 09:34:07,dns_query,域名解析,,T1071.001,,npm.company.cn,,,,
H003416,2026-07-06 09:39:23,failed_login,密码错误自动重试,,T1110.001,,,,,,
H000564,2026-07-06 09:40:20,email_open,阅读邮件（内部往来 3）,,,,kb.company.cn,,,,
H001651,2026-07-06 09:40:39,upload,上传附件 4MB,,T1567,,docs.company.cn,7502,,,
H004149,2026-07-06 09:42:47,email_open,阅读邮件（内部往来 2）,,,,mail.company.cn,,,,
H006738,2026-07-06 09:45:57,web_visit,访问内部 OA/知识库,,T1071,,docs.company.cn,,,,
H004058,2026-07-06 09:46:45,login,登录办公终端,,T1078,,,,,,
H005600,2026-07-06 09:46:53,web_visit,访问内部 OA/知识库,,T1071,,wiki.company.cn,,,,
H000987,2026-07-06 09:50:27,email_open,阅读邮件（内部往来 1）,,,,kb.company.cn,,,,
H003910,2026-07-06 09:50:40,email_open,阅读邮件（内部往来 3）,,,,npm.company.cn,,,,
H006747,2026-07-06 09:51:33,login,登录办公终端,,T1078,,,,,,
H007129,2026-07-06 09:52:46,web_visit,访问内部 OA/知识库,,T1071,,kb.company.cn,,,,
H000805,2026-07-06 09:53:07,dns_query,域名解析,,T1071.001,,zhihu.com,,,,
H002907,2026-07-06 10:02:48,login,登录办公终端,,T1078,,,,,,
H009903,2026-07-06 10:03:23,web_visit,访问内部 OA/知识库,,T1071,,mail.company.cn,,,,
H002223,2026-07-06 10:04:08,download,下载文档/更新包 3MB,,T1204.002,,,35895,,,
H003416,2026-07-06 10:06:19,login,登录办公终端,,T1078,,,,,,
H006750,2026-07-06 10:08:07,login,登录办公终端,,T1078,,,,,,
H003752,2026-07-06 10:08:16,email_open,阅读邮件（内部往来 1）,,,,mail.company.cn,,,,
H003752,2026-07-06 10:09:54,download,下载文档/更新包 14MB,,T1204.002,,,23332,,,
H009982,2026-07-06 10:10:22,login,登录办公终端,,T1078,,,,东莞市,,
H003785,2026-07-06 10:14:36,web_visit,访问内部 OA/知识库,,T1071,,docs.company.cn,,,,
H006718,2026-07-06 10:16:32,dns_query,域名解析,,T1071.001,,weibo.com,,,,
H006049,2026-07-06 10:19:59,email_open,阅读邮件（内部往来 2）,,,,mail.company.cn,,,,
H006049,2026-07-06 10:24:35,email_open,阅读邮件（内部往来 3）,,,,npm.company.cn,,,,
H006311,2026-07-06 10:25:06,web_visit,访问内部 OA/知识库,,T1071,,kb.company.cn,,,,
H004763,2026-07-06 10:30:01,web_visit,访问内部 OA/知识库,,T1071,,mail.company.cn,,,,
H002894,2026-07-06 10:31:23,login,登录办公终端,,T1078,,,,,,
H008214,2026-07-06 10:42:10,download,下载来源不明安装包,,T1204.002,,img-cdn-helper.cn,10973,,,
H001235,2026-07-06 10:42:24,login,登录办公终端,,T1078,,,,,,
H003923,2026-07-06 10:47:43,dns_query,域名解析,,T1071.001,,oa.company.cn,,,,
H006896,2026-07-06 10:48:11,web_visit,访问内部 OA/知识库,,T1071,,kb.company.cn,,,,
H004717,2026-07-06 10:49:59,email_open,阅读邮件（内部往来 2）,,,,wiki.company.cn,,,,
H007983,2026-07-06 10:50:01,web_visit,访问内部 OA/知识库,,T1071,,mail.company.cn,,,,
H003910,2026-07-06 10:50:24,email_open,阅读邮件（内部往来 2）,,,,wiki.company.cn,,,,
H003043,2026-07-06 10:58:59,login,登录办公终端,,T1078,,,,,,
H000763,2026-07-06 11:01:41,email_open,阅读邮件（内部往来 3）,,,,wiki.company.cn,,,,
H000438,2026-07-06 11:05:32,failed_login,密码错误自动重试,,T1110.001,,,,,,
H000763,2026-07-06 11:08:11,login,登录办公终端,,T1078,,,,,,
H001402,2026-07-06 11:11:08,login,登录办公终端,,T1078,,,,,,
H002907,2026-07-06 11:13:02,email_open,阅读邮件（内部往来 1）,,,,kb.company.cn,,,,
H008981,2026-07-06 11:15:40,email_open,阅读邮件（内部往来 2）,,,,wiki.company.cn,,,,
H006113,2026-07-06 11:15:52,dns_query,域名解析,,T1071.001,,jd.com,,,,
H006311,2026-07-06 11:17:58,dns_query,域名解析,,T1071.001,,jd.com,,,,
H008981,2026-07-06 11:23:58,email_open,阅读邮件（内部往来 1）,,,,kb.company.cn,,,,
H003043,2026-07-06 11:28:48,dns_query,域名解析,,T1071.001,,bilibili.com,,,,
H001402,2026-07-06 11:32:08,email_open,阅读邮件（内部往来 1）,,,,oa.company.cn,,,,
H006718,2026-07-06 11:36:07,email_open,阅读邮件（内部往来 2）,,,,wiki.company.cn,,,,
H007983,2026-07-06 11:38:01,email_open,阅读邮件（内部往来 1）,,,,kb.company.cn,,,,
H006747,2026-07-06 11:41:27,web_visit,访问内部 OA/知识库,,T1071,,docs.company.cn,,,,
H006718,2026-07-06 11:42:51,web_visit,访问内部 OA/知识库,,T1071,,docs.company.cn,,,,
H009691,2026-07-06 11:46:04,dns_query,域名解析,,T1071.001,,mail.company.cn,,,,
H005496,2026-07-06 11:46:15,login,登录办公终端,,T1078,,,,,,
H001269,2026-07-06 11:46:36,email_open,阅读邮件（内部往来 1）,,,,mail.company.cn,,,,
H005614,2026-07-06 11:49:50,email_open,阅读邮件（内部往来 1）,,,,docs.company.cn,,,,
H003725,2026-07-06 11:51:12,web_visit,访问内部 OA/知识库,,T1071,,mail.company.cn,,,,
H001651,2026-07-06 11:54:21,email_open,阅读邮件（内部往来 2）,,,,npm.company.cn,,,,
H001651,2026-07-06 11:55:39,web_visit,访问内部 OA/知识库,,T1071,,mail.company.cn,,,,
H002223,2026-07-06 11:59:35,login,登录办公终端,,T1078,,,,苏州市,,
H004080,2026-07-06 12:10:14,web_visit,访问内部 OA/知识库,,T1071,,wiki.company.cn,,,,
H008057,2026-07-06 12:10:41,failed_login,密码错误自动重试,,T1110.001,,,,,,
H004953,2026-07-06 12:14:49,web_visit,访问内部 OA/知识库,,T1071,,oa.company.cn,,,,
H005220,2026-07-06 12:16:01,failed_login,密码错误自动重试,,T1110.001,,,,,,
H004058,2026-07-06 12:19:15,email_open,阅读邮件（内部往来 1）,,,,npm.company.cn,,,,
H006750,2026-07-06 12:25:29,web_visit,访问内部 OA/知识库,,T1071,,wiki.company.cn,,,,
H005496,2026-07-06 12:29:25,upload,上传附件 2MB,,T1567,,docs.company.cn,4367,,,
H001235,2026-07-06 12:29:33,failed_login,密码错误自动重试,,T1110.001,,,,,,
H008057,2026-07-06 12:31:06,login,登录办公终端,,T1078,,,,,,
H003910,2026-07-06 12:31:25,email_open,阅读邮件（内部往来 1）,,,,kb.company.cn,,,,
H005600,2026-07-06 12:36:54,dns_query,域名解析,,T1071.001,,oa.company.cn,,,,
H006718,2026-07-06 12:39:20,login,登录办公终端,,T1078,,,,,,
H000564,2026-07-06 12:39:57,email_open,阅读邮件（内部往来 1）,,,,kb.company.cn,,,,
H003752,2026-07-06 12:52:10,login,登录办公终端,,T1078,,,,,,
H004149,2026-07-06 12:57:15,download,下载文档/更新包 9MB,,T1204.002,,,36313,,,
H002907,2026-07-06 12:58:14,dns_query,域名解析,,T1071.001,,mail.company.cn,,,,
H001824,2026-07-06 13:01:06,email_open,阅读邮件（内部往来 2）,,,,docs.company.cn,,,,
H001402,2026-07-06 13:10:30,email_open,阅读邮件（内部往来 2）,,,,mail.company.cn,,,,
H008164,2026-07-06 13:19:33,failed_login,密码错误自动重试,,T1110.001,,,,,,
H003910,2026-07-06 13:19:50,dns_query,域名解析,,T1071.001,,jd.com,,,,
H001824,2026-07-06 13:20:19,email_open,阅读邮件（内部往来 1）,,,,wiki.company.cn,,,,
H000805,2026-07-06 13:23:03,email_open,阅读邮件（内部往来 1）,,,,mail.company.cn,,,,
H005614,2026-07-06 13:24:06,web_visit,访问内部 OA/知识库,,T1071,,npm.company.cn,,,,
H000763,2026-07-06 13:36:25,email_open,阅读邮件（内部往来 2）,,,,wiki.company.cn,,,,
H009903,2026-07-06 13:50:06,email_open,阅读邮件（内部往来 1）,,,,wiki.company.cn,,,,
H004717,2026-07-06 13:51:38,download,下载文档/更新包 7MB,,T1204.002,,,23690,,,
H007983,2026-07-06 14:06:43,login,登录办公终端,,T1078,,,,,,
H000564,2026-07-06 14:06:57,login,登录办公终端,,T1078,,,,,,
H004775,2026-07-06 14:07:15,web_visit,访问内部 OA/知识库,,T1071,,docs.company.cn,,,,
H008154,2026-07-06 14:12:23,email_open,阅读邮件（内部往来 1）,,,,mail.company.cn,,,,
H004058,2026-07-06 14:12:32,failed_login,密码错误自动重试,,T1110.001,,,,,,
H009903,2026-07-06 14:12:43,login,登录办公终端,,T1078,,,,天津市,,
H005988,2026-07-06 14:13:25,dns_query,域名解析,,T1071.001,,kb.company.cn,,,,
H000805,2026-07-06 14:15:11,email_open,阅读邮件（内部往来 2）,,,,mail.company.cn,,,,
H006750,2026-07-06 14:22:49,web_visit,访问内部 OA/知识库,,T1071,,oa.company.cn,,,,
H001402,2026-07-06 14:35:08,download,下载文档/更新包 15MB,,T1204.002,,,10646,,,
H008164,2026-07-06 14:35:34,failed_login,密码错误自动重试,,T1110.001,,,,,,
H005600,2026-07-06 14:50:58,email_open,阅读邮件（内部往来 1）,,,,kb.company.cn,,,,
H009903,2026-07-06 14:56:00,web_visit,访问内部 OA/知识库,,T1071,,npm.company.cn,,,,
H006896,2026-07-06 14:58:33,failed_login,密码错误自动重试,,T1110.001,,,,,,
H005496,2026-07-06 15:02:11,dns_query,域名解析,,T1071.001,,zhihu.com,,,,
H004149,2026-07-06 15:03:45,login,登录办公终端,,T1078,,,,,,
H004953,2026-07-06 15:04:02,dns_query,域名解析,,T1071.001,,npm.company.cn,,,,
H006718,2026-07-06 15:08:08,web_visit,访问内部 OA/知识库,,T1071,,docs.company.cn,,,,
H002223,2026-07-06 15:08:43,failed_login,密码错误自动重试,,T1110.001,,,,,,
H002223,2026-07-06 15:10:12,web_visit,访问内部 OA/知识库,,T1071,,wiki.company.cn,,,,
H002894,2026-07-06 15:12:18,email_open,阅读邮件（内部往来 1）,,,,oa.company.cn,,,,
H006049,2026-07-06 15:12:34,login,登录办公终端,,T1078,,,,,,
H009691,2026-07-06 15:14:01,web_visit,访问内部 OA/知识库,,T1071,,npm.company.cn,,,,
H000987,2026-07-06 15:14:39,login,登录办公终端,,T1078,,,,天津市,,
H009816,2026-07-06 15:15:30,web_visit,访问内部 OA/知识库,,T1071,,kb.company.cn,,,,
H000763,2026-07-06 15:16:22,email_open,阅读邮件（内部往来 1）,,,,docs.company.cn,,,,
H007129,2026-07-06 15:18:17,login,登录办公终端,,T1078,,,,,,
H009170,2026-07-06 15:29:40,email_open,阅读邮件（内部往来 1）,,,,wiki.company.cn,,,,
H003910,2026-07-06 15:31:45,web_visit,访问内部 OA/知识库,,T1071,,mail.company.cn,,,,
H000564,2026-07-06 15:33:21,failed_login,密码错误自动重试,,T1110.001,,,,,,
H008981,2026-07-06 15:44:46,login,登录办公终端,,T1078,,,,,,
H006718,2026-07-06 15:53:21,email_open,阅读邮件（内部往来 1）,,,,oa.company.cn,,,,
H009170,2026-07-06 15:56:24,web_visit,访问内部 OA/知识库,,T1071,,docs.company.cn,,,,
H006750,2026-07-06 16:00:33,email_open,阅读邮件（内部往来 1）,,,,mail.company.cn,,,,
H008981,2026-07-06 16:01:24,email_open,阅读邮件（内部往来 3）,,,,wiki.company.cn,,,,
H006747,2026-07-06 16:08:23,upload,上传附件 7MB,,T1567,,docs.company.cn,14521,,,
H001402,2026-07-06 16:14:43,web_visit,访问内部 OA/知识库,,T1071,,oa.company.cn,,,,
H004058,2026-07-06 16:15:04,email_open,阅读邮件（内部往来 2）,,,,mail.company.cn,,,,
H006747,2026-07-06 16:18:43,download,下载文档/更新包 28MB,,T1204.002,,,2669,,,
H000438,2026-07-06 16:20:40,email_open,阅读邮件（内部往来 2）,,,,mail.company.cn,,,,
H001651,2026-07-06 16:21:21,email_open,阅读邮件（内部往来 1）,,,,kb.company.cn,,,,
H008164,2026-07-06 16:22:18,email_open,阅读邮件（内部往来 1）,,,,wiki.company.cn,,,,
H008057,2026-07-06 16:23:59,failed_login,密码错误自动重试,,T1110.001,,,,,,
H005496,2026-07-06 16:33:35,download,下载文档/更新包 25MB,,T1204.002,,,44572,,,
H000805,2026-07-06 16:34:28,web_visit,访问内部 OA/知识库,,T1071,,mail.company.cn,,,,
H002480,2026-07-06 16:34:52,email_open,阅读邮件（内部往来 1）,,,,kb.company.cn,,,,
H001668,2026-07-06 16:39:35,dns_query,域名解析,,T1071.001,,github.com,,,,
H006113,2026-07-06 16:39:44,failed_login,密码错误自动重试,,T1110.001,,,,,,
H006311,2026-07-06 16:41:59,login,登录办公终端,,T1078,,,,,,
H007983,2026-07-06 16:42:54,download,下载文档/更新包 37MB,,T1204.002,,,5065,,,
H003923,2026-07-06 16:44:48,failed_login,密码错误自动重试,,T1110.001,,,,,,
H001668,2026-07-06 16:45:20,email_open,阅读邮件（内部往来 2）,,,,oa.company.cn,,,,
H005496,2026-07-06 16:45:42,email_open,阅读邮件（内部往来 2）,,,,docs.company.cn,,,,
H004058,2026-07-06 16:45:57,dns_query,域名解析,,T1071.001,,bilibili.com,,,,
H006473,2026-07-06 16:49:10,failed_login,密码错误自动重试,,T1110.001,,,,,,
H004058,2026-07-06 16:50:15,email_open,阅读邮件（内部往来 3）,,,,npm.company.cn,,,,
H004080,2026-07-06 16:56:00,dns_query,域名解析,,T1071.001,,kb.company.cn,,,,
H004149,2026-07-06 16:56:12,web_visit,访问内部 OA/知识库,,T1071,,npm.company.cn,,,,
H000438,2026-07-06 16:57:50,login,登录办公终端,,T1078,,,,,,
H001824,2026-07-06 16:57:55,dns_query,域名解析,,T1071.001,,taobao.com,,,,
H006473,2026-07-06 16:59:02,login,登录办公终端,,T1078,,,,苏州市,,
H006311,2026-07-06 17:02:02,failed_login,密码错误自动重试,,T1110.001,,,,,,
H002480,2026-07-06 17:02:21,email_open,阅读邮件（内部往来 2）,,,,wiki.company.cn,,,,
H008057,2026-07-06 17:04:04,web_visit,访问内部 OA/知识库,,T1071,,docs.company.cn,,,,
H008164,2026-07-06 17:05:34,download,下载文档/更新包 43MB,,T1204.002,,,42074,,,
H004080,2026-07-06 17:05:37,login,登录办公终端,,T1078,,,,,,
H008154,2026-07-06 17:08:55,login,登录办公终端,,T1078,,,,,,
H005496,2026-07-06 17:09:15,email_open,阅读邮件（内部往来 1）,,,,oa.company.cn,,,,
H003725,2026-07-06 17:10:02,failed_login,密码错误自动重试,,T1110.001,,,,,,
H008164,2026-07-06 17:10:46,failed_login,密码错误自动重试,,T1110.001,,,,,,
H009170,2026-07-06 17:14:45,login,登录办公终端,,T1078,,,,,,
H001668,2026-07-06 17:16:35,email_open,阅读邮件（内部往来 1）,,,,kb.company.cn,,,,
H005988,2026-07-06 17:23:23,login,登录办公终端,,T1078,,,,,,
H000805,2026-07-06 17:26:19,login,登录办公终端,,T1078,,,,,,
H000438,2026-07-06 17:28:40,web_visit,访问内部 OA/知识库,,T1071,,mail.company.cn,,,,
H003923,2026-07-06 17:29:57,login,登录办公终端,,T1078,,,,,,
H001235,2026-07-06 17:30:29,email_open,阅读邮件（内部往来 1）,,,,kb.company.cn,,,,
H004953,2026-07-06 17:31:29,login,登录办公终端,,T1078,,,,南京市,,
H008057,2026-07-06 17:33:13,email_open,阅读邮件（内部往来 1）,,,,wiki.company.cn,,,,
H005614,2026-07-06 17:33:43,login,登录办公终端,,T1078,,,,西安市,,
H001824,2026-07-06 17:35:20,web_visit,访问内部 OA/知识库,,T1071,,mail.company.cn,,,,
H002480,2026-07-06 17:37:29,download,下载文档/更新包 45MB,,T1204.002,,,10066,,,
H009816,2026-07-06 17:40:29,login,登录办公终端,,T1078,,,,东莞市,,
H003725,2026-07-06 17:41:11,email_open,阅读邮件（内部往来 1）,,,,oa.company.cn,,,,
H005600,2026-07-06 17:42:08,failed_login,密码错误自动重试,,T1110.001,,,,,,
H001668,2026-07-06 17:43:18,login,登录办公终端,,T1078,,,,,,
H000564,2026-07-06 17:43:35,email_open,阅读邮件（内部往来 2）,,,,mail.company.cn,,,,
H003725,2026-07-06 17:43:36,login,登录办公终端,,T1078,,,,,,
H006747,2026-07-06 17:43:42,web_visit,访问内部 OA/知识库,,T1071,,oa.company.cn,,,,
H003043,2026-07-06 17:44:32,persist_create,注册软件更新计划任务,,T1053.005,,,,,,
H009816,2026-07-06 17:47:20,email_open,阅读邮件（内部往来 1）,,,,wiki.company.cn,,,,
H006896,2026-07-06 17:47:26,login,登录办公终端,,T1078,,,,,,
H001235,2026-07-06 17:50:35,failed_login,密码错误自动重试,,T1110.001,,,,,,
H000763,2026-07-06 17:54:35,vpn_connect,出差地 VPN 接入,,T1078,,,,上海市,,
H006896,2026-07-06 17:57:32,failed_login,密码错误自动重试,,T1110.001,,,,,,
H005600,2026-07-06 18:00:14,web_visit,访问内部 OA/知识库,,T1071,,npm.company.cn,,,,
H004953,2026-07-06 18:00:21,web_visit,访问内部 OA/知识库,,T1071,,mail.company.cn,,,,
H000805,2026-07-06 18:01:31,failed_login,密码错误自动重试,,T1110.001,,,,,,
H006113,2026-07-06 18:06:13,login,登录办公终端,,T1078,,,,武汉市,,
H006473,2026-07-06 18:09:27,failed_login,密码错误自动重试,,T1110.001,,,,,,
H004763,2026-07-06 18:10:21,login,登录办公终端,,T1078,,,,,,
H005220,2026-07-06 18:16:02,web_visit,访问内部 OA/知识库,,T1071,,mail.company.cn,,,,
H006049,2026-07-06 18:17:36,email_open,阅读邮件（内部往来 1）,,,,docs.company.cn,,,,
H004564,2026-07-06 18:18:18,login,登录办公终端,,T1078,,,,,,
H008154,2026-07-06 18:33:32,failed_login,密码错误自动重试,,T1110.001,,,,,,
H009170,2026-07-06 18:34:19,dns_query,域名解析,,T1071.001,,qq.com,,,,
H003725,2026-07-06 18:37:38,failed_login,密码错误自动重试,,T1110.001,,,,,,
H004775,2026-07-06 18:38:07,email_open,阅读邮件（内部往来 1）,,,,oa.company.cn,,,,
H009982,2026-07-06 18:41:01,dns_query,域名解析,,T1071.001,,bilibili.com,,,,
H006747,2026-07-06 18:45:33,email_open,阅读邮件（内部往来 1）,,,,wiki.company.cn,,,,
H003043,2026-07-06 18:45:52,web_visit,访问内部 OA/知识库,,T1071,,wiki.company.cn,,,,
H004717,2026-07-06 18:46:29,email_open,阅读邮件（内部往来 1）,,,,docs.company.cn,,,,
H001824,2026-07-06 18:47:08,failed_login,密码错误自动重试,,T1110.001,,,,,,
H004717,2026-07-06 18:49:52,login,登录办公终端,,T1078,,,,,,
H002774,2026-07-06 18:52:21,dns_query,域名解析,,T1071.001,,bilibili.com,,,,
H009903,2026-07-06 18:57:03,email_open,阅读邮件（内部往来 2）,,,,mail.company.cn,,,,
H006049,2026-07-06 18:57:36,dns_query,域名解析,,T1071.001,,kb.company.cn,,,,
H004149,2026-07-06 18:59:17,email_open,阅读邮件（内部往来 1）,,,,mail.company.cn,,,,
H006049,2026-07-06 19:10:17,web_visit,访问内部 OA/知识库,,T1071,,npm.company.cn,,,,
H000564,2026-07-06 19:13:18,dns_query,域名解析,,T1071.001,,jd.com,,,,
H001269,2026-07-06 19:18:02,login,登录办公终端,,T1078,,,,,,
H007129,2026-07-06 19:21:50,failed_login,密码错误自动重试,,T1110.001,,,,,,
H005600,2026-07-06 19:29:53,failed_login,密码错误自动重试,,T1110.001,,,,,,
H007983,2026-07-06 19:31:21,email_open,阅读邮件（内部往来 2）,,,,kb.company.cn,,,,
H008164,2026-07-06 19:41:06,web_visit,访问内部 OA/知识库,,T1071,,mail.company.cn,,,,
H008057,2026-07-06 19:41:22,failed_login,密码错误自动重试,,T1110.001,,,,,,
H004717,2026-07-06 20:03:47,failed_login,密码错误自动重试,,T1110.001,,,,,,
H006747,2026-07-06 20:16:22,email_open,阅读邮件（内部往来 2）,,,,oa.company.cn,,,,
H001235,2026-07-06 20:31:23,email_open,阅读邮件（内部往来 2）,,,,kb.company.cn,,,,
H004717,2026-07-06 20:32:52,web_visit,访问内部 OA/知识库,,T1071,,docs.company.cn,,,,
H004953,2026-07-06 20:34:50,email_open,阅读邮件（内部往来 1）,,,,docs.company.cn,,,,
H009691,2026-07-06 20:35:21,web_visit,访问内部 OA/知识库,,T1071,,npm.company.cn,,,,
H006113,2026-07-06 20:38:06,web_visit,访问内部 OA/知识库,,T1071,,npm.company.cn,,,,
H001235,2026-07-06 20:40:02,dns_query,域名解析,,T1071.001,,bilibili.com,,,,
H007129,2026-07-06 20:47:10,dns_query,域名解析,,T1071.001,,mail.company.cn,,,,
H002223,2026-07-06 20:52:38,email_open,阅读邮件（内部往来 1）,,,,mail.company.cn,,,,
H008164,2026-07-06 21:01:42,email_open,阅读邮件（内部往来 2）,,,,docs.company.cn,,,,
H003785,2026-07-06 21:02:56,login,登录办公终端,,T1078,,,,苏州市,,
H001269,2026-07-06 21:05:41,web_visit,访问内部 OA/知识库,,T1071,,mail.company.cn,,,,
H009691,2026-07-06 21:06:32,login,登录办公终端,,T1078,,,,东莞市,,
H005614,2026-07-06 22:08:55,failed_login,密码错误自动重试,,T1110.001,,,,,,
H002774,2026-07-06 22:51:20,login,登录办公终端,,T1078,,,,,,
H004956,2026-07-07 00:46:01,login,登录办公终端,,T1078,,,,,,
H009903,2026-07-07 02:53:27,download,下载文档/更新包 10MB,,T1204.002,,,23475,,,
H001419,2026-07-07 06:11:43,login,登录办公终端,,T1078,,,,,,
H001721,2026-07-07 06:25:17,web_visit,访问内部 OA/知识库,,T1071,,mail.company.cn,,,,
H001269,2026-07-07 07:01:33,login,登录办公终端,,T1078,,,,,,
H008981,2026-07-07 07:05:16,email_open,阅读邮件（内部往来 1）,,,,docs.company.cn,,,,
H005600,2026-07-07 07:33:31,email_open,阅读邮件（内部往来 1）,,,,oa.company.cn,,,,
H001721,2026-07-07 07:52:38,failed_login,密码错误自动重试,,T1110.001,,,,,,
H002844,2026-07-07 08:00:42,upload,上传附件 14MB,,T1567,,docs.company.cn,11506,,,
H005614,2026-07-07 08:01:40,login,登录办公终端,,T1078,,,,西安市,,
H009170,2026-07-07 08:02:29,login,登录办公终端,,T1078,,,,,,
H004956,2026-07-07 08:03:27,dns_query,域名解析,,T1071.001,,bilibili.com,,,,
H004902,2026-07-07 08:05:16,download,下载文档/更新包 29MB,,T1204.002,,,25598,,,
H002907,2026-07-07 08:17:46,web_visit,访问内部 OA/知识库,,T1071,,docs.company.cn,,,,
H004058,2026-07-07 08:17:59,web_visit,访问内部 OA/知识库,,T1071,,npm.company.cn,,,,
H008931,2026-07-07 08:18:05,email_open,阅读邮件（内部往来 1）,,,,npm.company.cn,,,,
H009170,2026-07-07 08:18:07,email_open,阅读邮件（内部往来 1）,,,,docs.company.cn,,,,
H001419,2026-07-07 08:19:27,failed_login,密码错误自动重试,,T1110.001,,,,,,
H004902,2026-07-07 08:28:01,web_visit,访问内部 OA/知识库,,T1071,,wiki.company.cn,,,,
H009903,2026-07-07 08:32:10,login,登录办公终端,,T1078,,,,天津市,,
H001235,2026-07-07 08:36:08,email_open,阅读邮件（内部往来 1）,,,,npm.company.cn,,,,
H004902,2026-07-07 08:49:43,dns_query,域名解析,,T1071.001,,bilibili.com,,,,
H009500,2026-07-07 08:54:12,email_open,阅读邮件（内部往来 1）,,,,oa.company.cn,,,,
H001177,2026-07-07 08:56:25,login,登录办公终端,,T1078,,,,,,
H002774,2026-07-07 08:59:56,email_open,阅读邮件（内部往来 1）,,,,oa.company.cn,,,,
H002907,2026-07-07 09:04:44,failed_login,密码错误自动重试,,T1110.001,,,,,,
H002479,2026-07-07 09:05:57,upload,上传附件 1MB,,T1567,,docs.company.cn,6918,,,
H000559,2026-07-07 09:09:12,email_open,阅读邮件（内部往来 1）,,,,kb.company.cn,,,,
H004775,2026-07-07 09:09:59,download,下载文档/更新包 4MB,,T1204.002,,,35360,,,
H004564,2026-07-07 09:11:05,login,登录办公终端,,T1078,,,,,,
H008154,2026-07-07 09:13:29,email_open,阅读邮件（内部往来 1）,,,,kb.company.cn,,,,
H008164,2026-07-07 09:14:51,email_open,阅读邮件（内部往来 2）,,,,wiki.company.cn,,,,
H003910,2026-07-07 09:18:57,dns_query,域名解析,,T1071.001,,mail.company.cn,,,,
H005220,2026-07-07 09:23:09,email_open,阅读邮件（内部往来 2）,,,,wiki.company.cn,,,,
H009979,2026-07-07 09:27:11,email_open,阅读邮件（内部往来 3）,,,,kb.company.cn,,,,
H004816,2026-07-07 09:27:43,email_open,阅读邮件（内部往来 1）,,,,kb.company.cn,,,,
H004564,2026-07-07 09:29:23,email_open,阅读邮件（内部往来 2）,,,,wiki.company.cn,,,,
H003923,2026-07-07 09:35:09,login,登录办公终端,,T1078,,,,,,
H008164,2026-07-07 09:35:17,download,下载文档/更新包 18MB,,T1204.002,,,23108,,,
H003923,2026-07-07 09:45:28,web_visit,访问内部 OA/知识库,,T1071,,kb.company.cn,,,,
H000466,2026-07-07 09:46:21,email_open,阅读邮件（内部往来 1）,,,,docs.company.cn,,,,
H002479,2026-07-07 09:50:43,download,下载文档/更新包 17MB,,T1204.002,,,7643,,,
H006049,2026-07-07 09:51:24,web_visit,访问内部 OA/知识库,,T1071,,npm.company.cn,,,,
H006311,2026-07-07 09:53:25,login,登录办公终端,,T1078,,,,,,
H001819,2026-07-07 09:55:15,login,登录办公终端,,T1078,,,,,,
H009500,2026-07-07 09:57:17,failed_login,密码错误自动重试,,T1110.001,,,,,,
H001986,2026-07-07 09:58:20,dns_query,域名解析,,T1071.001,,qq.com,,,,
H001177,2026-07-07 10:03:18,download,下载文档/更新包 40MB,,T1204.002,,,11294,,,
H006718,2026-07-07 10:04:06,web_visit,访问内部 OA/知识库,,T1071,,oa.company.cn,,,,
H002844,2026-07-07 10:06:00,web_visit,访问内部 OA/知识库,,T1071,,kb.company.cn,,,,
H006311,2026-07-07 10:09:00,dns_query,域名解析,,T1071.001,,baidu.com,,,,
H002480,2026-07-07 10:13:08,login,登录办公终端,,T1078,,,,,,
H004956,2026-07-07 10:14:47,web_visit,访问内部 OA/知识库,,T1071,,npm.company.cn,,,,
H004956,2026-07-07 10:19:06,web_visit,访问内部 OA/知识库,,T1071,,wiki.company.cn,,,,
H000527,2026-07-07 10:19:22,web_visit,访问内部 OA/知识库,,T1071,,oa.company.cn,,,,
H005496,2026-07-07 10:20:39,failed_login,密码错误自动重试,,T1110.001,,,,,,
H004362,2026-07-07 10:23:00,download,下载文档/更新包 41MB,,T1204.002,,,41820,,,
H001819,2026-07-07 10:23:45,download,下载文档/更新包 29MB,,T1204.002,,,14909,,,
H002907,2026-07-07 10:24:33,email_open,阅读邮件（内部往来 1）,,,,kb.company.cn,,,,
H004564,2026-07-07 10:24:38,email_open,阅读邮件（内部往来 1）,,,,kb.company.cn,,,,
H009170,2026-07-07 10:30:17,dns_query,域名解析,,T1071.001,,qq.com,,,,
H005220,2026-07-07 10:32:50,login,登录办公终端,,T1078,,,,,,
H009698,2026-07-07 10:36:44,email_open,阅读邮件（内部往来 1）,,,,kb.company.cn,,,,
H009170,2026-07-07 10:39:31,download,下载文档/更新包 38MB,,T1204.002,,,41636,,,
H005600,2026-07-07 10:43:09,dns_query,域名解析,,T1071.001,,bilibili.com,,,,
H000559,2026-07-07 10:44:37,login,登录办公终端,,T1078,,,,,,
H000763,2026-07-07 10:45:43,web_visit,访问内部 OA/知识库,,T1071,,kb.company.cn,,,,
H007030,2026-07-07 10:50:29,login,登录办公终端,,T1078,,,,西安市,,
H008154,2026-07-07 10:52:37,dns_query,域名解析,,T1071.001,,bilibili.com,,,,
H001547,2026-07-07 10:52:46,email_open,阅读邮件（内部往来 2）,,,,kb.company.cn,,,,
H000763,2026-07-07 10:53:41,dns_query,域名解析,,T1071.001,,jd.com,,,,
H003533,2026-07-07 10:54:20,web_visit,访问内部 OA/知识库,,T1071,,wiki.company.cn,,,,
H006718,2026-07-07 11:04:54,login,登录办公终端,,T1078,,,,,,
H003833,2026-07-07 11:09:19,sensitive_access,查询工资单（本职工作）,,T1005,,,,,,
H009698,2026-07-07 11:11:41,dns_query,域名解析,,T1071.001,,zhihu.com,,,,
H006473,2026-07-07 11:12:23,login,登录办公终端,,T1078,,,,苏州市,,
H001721,2026-07-07 11:13:26,web_visit,访问内部 OA/知识库,,T1071,,oa.company.cn,,,,
H000466,2026-07-07 11:17:44,email_open,阅读邮件（内部往来 3）,,,,npm.company.cn,,,,
H004816,2026-07-07 11:21:37,login,登录办公终端,,T1078,,,,,,
H003533,2026-07-07 11:27:01,login,登录办公终端,,T1078,,,,武汉市,,
H001547,2026-07-07 11:29:43,login,登录办公终端,,T1078,,,,南京市,,
H002223,2026-07-07 11:31:53,login,登录办公终端,,T1078,,,,苏州市,,
H001819,2026-07-07 11:32:45,failed_login,密码错误自动重试,,T1110.001,,,,,,
H009535,2026-07-07 11:37:17,web_visit,访问内部 OA/知识库,,T1071,,oa.company.cn,,,,
H004362,2026-07-07 11:37:39,failed_login,密码错误自动重试,,T1110.001,,,,,,
H001819,2026-07-07 11:38:28,email_open,阅读邮件（内部往来 1）,,,,oa.company.cn,,,,
H006373,2026-07-07 11:39:08,dns_query,域名解析,,T1071.001,,weibo.com,,,,
H003910,2026-07-07 11:39:17,upload,上传附件 9MB,,T1567,,docs.company.cn,9857,,,
H002479,2026-07-07 11:43:00,email_open,阅读邮件（内部往来 2）,,,,wiki.company.cn,,,,
H008931,2026-07-07 11:46:14,login,登录办公终端,,T1078,,,,,,
H000527,2026-07-07 11:54:29,web_visit,访问内部 OA/知识库,,T1071,,wiki.company.cn,,,,
H003725,2026-07-07 11:56:13,email_open,阅读邮件（内部往来 1）,,,,mail.company.cn,,,,
H006473,2026-07-07 11:56:53,dns_query,域名解析,,T1071.001,,taobao.com,,,,
H003923,2026-07-07 11:57:26,dns_query,域名解析,,T1071.001,,weibo.com,,,,
H009698,2026-07-07 12:03:17,web_visit,访问内部 OA/知识库,,T1071,,docs.company.cn,,,,
H009979,2026-07-07 12:04:06,email_open,阅读邮件（内部往来 1）,,,,wiki.company.cn,,,,
H002774,2026-07-07 12:14:05,web_visit,访问内部 OA/知识库,,T1071,,mail.company.cn,,,,
H004058,2026-07-07 12:16:13,email_open,阅读邮件（内部往来 1）,,,,oa.company.cn,,,,
H001721,2026-07-07 12:20:53,dns_query,域名解析,,T1071.001,,jd.com,,,,
H006738,2026-07-07 12:23:29,web_visit,访问内部 OA/知识库,,T1071,,npm.company.cn,,,,
H004362,2026-07-07 12:26:15,web_visit,访问内部 OA/知识库,,T1071,,kb.company.cn,,,,
H006738,2026-07-07 12:27:17,login,登录办公终端,,T1078,,,,,,
H001269,2026-07-07 12:28:10,web_visit,访问内部 OA/知识库,,T1071,,kb.company.cn,,,,
H001668,2026-07-07 12:30:44,email_open,阅读邮件（内部往来 1）,,,,oa.company.cn,,,,
H007030,2026-07-07 12:35:20,download,下载文档/更新包 17MB,,T1204.002,,,25574,,,
H004362,2026-07-07 12:36:04,login,登录办公终端,,T1078,,,,,,
H009979,2026-07-07 12:36:04,dns_query,域名解析,,T1071.001,,weibo.com,,,,
H004775,2026-07-07 12:36:36,web_visit,访问内部 OA/知识库,,T1071,,docs.company.cn,,,,
H007030,2026-07-07 12:41:27,email_open,阅读邮件（内部往来 1）,,,,wiki.company.cn,,,,
H006049,2026-07-07 12:44:20,failed_login,密码错误自动重试,,T1110.001,,,,,,
H005220,2026-07-07 12:51:27,email_open,阅读邮件（内部往来 1）,,,,npm.company.cn,,,,
H006419,2026-07-07 12:51:27,web_visit,访问内部 OA/知识库,,T1071,,mail.company.cn,,,,
H002480,2026-07-07 12:59:54,failed_login,密码错误自动重试,,T1110.001,,,,,,
H005496,2026-07-07 13:00:31,upload,外发数据 19MB（含客户名单片段）,exfil,T1567,evasive,share-doc.company.cn,19456,,,
H003725,2026-07-07 13:04:56,email_open,阅读邮件（内部往来 2）,,,,kb.company.cn,,,,
H005496,2026-07-07 13:13:31,cleanup,清除本地外发缓存,cover,T1070.004,evasive,,,,,
H001177,2026-07-07 13:15:06,web_visit,访问内部 OA/知识库,,T1071,,npm.company.cn,,,,
H005496,2026-07-07 13:16:05,web_visit,访问内部 OA/知识库,,T1071,,kb.company.cn,,,,
H005614,2026-07-07 13:23:26,web_visit,访问内部 OA/知识库,,T1071,,oa.company.cn,,,,
H008981,2026-07-07 13:25:17,web_visit,访问内部 OA/知识库,,T1071,,mail.company.cn,,,,
H002223,2026-07-07 13:43:13,email_open,阅读邮件（内部往来 1）,,,,npm.company.cn,,,,
H004816,2026-07-07 13:45:51,web_visit,访问内部 OA/知识库,,T1071,,oa.company.cn,,,,
H006113,2026-07-07 13:49:41,web_visit,访问内部 OA/知识库,,T1071,,docs.company.cn,,,,
H009903,2026-07-07 13:51:25,failed_login,密码错误自动重试,,T1110.001,,,,,,
H004058,2026-07-07 13:52:41,web_visit,访问内部 OA/知识库,,T1071,,oa.company.cn,,,,
H002844,2026-07-07 13:58:53,email_open,阅读邮件（内部往来 1）,,,,kb.company.cn,,,,
H009500,2026-07-07 13:59:13,web_visit,访问内部 OA/知识库,,T1071,,docs.company.cn,,,,
H008164,2026-07-07 14:00:59,web_visit,访问内部 OA/知识库,,T1071,,npm.company.cn,,,,
H009979,2026-07-07 14:27:49,web_visit,访问内部 OA/知识库,,T1071,,npm.company.cn,,,,
H009979,2026-07-07 14:33:33,web_visit,访问内部 OA/知识库,,T1071,,docs.company.cn,,,,
H004058,2026-07-07 14:33:39,login,登录办公终端,,T1078,,,,,,
H001177,2026-07-07 14:43:55,email_open,阅读邮件（内部往来 1）,,,,docs.company.cn,,,,
H006113,2026-07-07 14:53:49,failed_login,密码错误自动重试,,T1110.001,,,,,,
H005600,2026-07-07 15:08:15,login,登录办公终端,,T1078,,,,,,
H001721,2026-07-07 15:09:06,failed_login,密码错误自动重试,,T1110.001,,,,,,
H001721,2026-07-07 15:09:30,login,登录办公终端,,T1078,,,,,,
H008164,2026-07-07 15:12:26,failed_login,密码错误自动重试,,T1110.001,,,,,,
H000763,2026-07-07 15:17:30,login,登录办公终端,,T1078,,,,,,
H004902,2026-07-07 15:21:56,login,登录办公终端,,T1078,,,,,,
H002480,2026-07-07 15:35:30,dns_query,域名解析,,T1071.001,,kb.company.cn,,,,
H004058,2026-07-07 15:36:40,failed_login,密码错误自动重试,,T1110.001,,,,,,
H005496,2026-07-07 15:40:05,upload,上传附件 7MB,,T1567,,docs.company.cn,9019,,,
H004775,2026-07-07 15:41:30,login,登录办公终端,,T1078,,,,,,
H008981,2026-07-07 15:50:05,web_visit,访问内部 OA/知识库,,T1071,,docs.company.cn,,,,
H002479,2026-07-07 15:52:27,login,登录办公终端,,T1078,,,,天津市,,
H006738,2026-07-07 15:52:59,dns_query,域名解析,,T1071.001,,oa.company.cn,,,,
H003725,2026-07-07 15:53:06,login,登录办公终端,,T1078,,,,,,
H006311,2026-07-07 15:53:49,email_open,阅读邮件（内部往来 2）,,,,oa.company.cn,,,,
H003910,2026-07-07 15:56:57,email_open,阅读邮件（内部往来 1）,,,,wiki.company.cn,,,,
H002844,2026-07-07 15:58:20,failed_login,密码错误自动重试,,T1110.001,,,,,,
H007030,2026-07-07 15:59:03,dns_query,域名解析,,T1071.001,,taobao.com,,,,
H001177,2026-07-07 16:01:36,email_open,阅读邮件（内部往来 2）,,,,mail.company.cn,,,,
H009903,2026-07-07 16:03:14,email_open,阅读邮件（内部往来 1）,,,,mail.company.cn,,,,
H004394,2026-07-07 16:06:47,email_open,阅读邮件（内部往来 1）,,,,npm.company.cn,,,,
H006473,2026-07-07 16:07:31,web_visit,访问内部 OA/知识库,,T1071,,npm.company.cn,,,,
H001419,2026-07-07 16:08:02,web_visit,访问内部 OA/知识库,,T1071,,oa.company.cn,,,,
H008931,2026-07-07 16:09:28,failed_login,密码错误自动重试,,T1110.001,,,,,,
H004724,2026-07-07 16:09:31,web_visit,访问内部 OA/知识库,,T1071,,npm.company.cn,,,,
H004394,2026-07-07 16:15:00,dns_query,域名解析,,T1071.001,,oa.company.cn,,,,
H006419,2026-07-07 16:16:38,dns_query,域名解析,,T1071.001,,oa.company.cn,,,,
H004058,2026-07-07 16:21:20,dns_query,域名解析,,T1071.001,,npm.company.cn,,,,
H003910,2026-07-07 16:22:56,login,登录办公终端,,T1078,,,,,,
H001796,2026-07-07 16:23:44,email_open,阅读邮件（内部往来 1）,,,,npm.company.cn,,,,
H006419,2026-07-07 16:26:21,login,登录办公终端,,T1078,,,,南京市,,
H002223,2026-07-07 16:29:27,failed_login,密码错误自动重试,,T1110.001,,,,,,
H001819,2026-07-07 16:30:43,dns_query,域名解析,,T1071.001,,oa.company.cn,,,,
H006738,2026-07-07 16:31:22,email_open,阅读邮件（内部往来 1）,,,,kb.company.cn,,,,
H005496,2026-07-07 16:43:51,login,登录办公终端,,T1078,,,,,,
H003923,2026-07-07 16:44:18,email_open,阅读邮件（内部往来 1）,,,,kb.company.cn,,,,
H009903,2026-07-07 16:46:24,email_open,阅读邮件（内部往来 3）,,,,oa.company.cn,,,,
H000559,2026-07-07 16:49:00,email_open,阅读邮件（内部往来 2）,,,,mail.company.cn,,,,
H000527,2026-07-07 16:51:20,login,登录办公终端,,T1078,,,,,,
H000466,2026-07-07 16:55:41,email_open,阅读邮件（内部往来 2）,,,,npm.company.cn,,,,
H003725,2026-07-07 16:58:31,email_open,阅读邮件（内部往来 3）,,,,kb.company.cn,,,,
H001235,2026-07-07 17:01:55,dns_query,域名解析,,T1071.001,,baidu.com,,,,
H002479,2026-07-07 17:02:25,dns_query,域名解析,,T1071.001,,bilibili.com,,,,
H002907,2026-07-07 17:16:39,login,登录办公终端,,T1078,,,,,,
H004724,2026-07-07 17:17:15,email_open,阅读邮件（内部往来 1）,,,,kb.company.cn,,,,
H006311,2026-07-07 17:18:27,failed_login,密码错误自动重试,,T1110.001,,,,,,
H008931,2026-07-07 17:18:37,email_open,阅读邮件（内部往来 2）,,,,npm.company.cn,,,,
H006113,2026-07-07 17:20:03,download,下载文档/更新包 15MB,,T1204.002,,,37595,,,
H006113,2026-07-07 17:21:33,login,登录办公终端,,T1078,,,,武汉市,,
H004394,2026-07-07 17:21:51,login,登录办公终端,,T1078,,,,,,
H004564,2026-07-07 17:23:12,download,下载文档/更新包 2MB,,T1204.002,,,12392,,,
H003725,2026-07-07 17:23:20,web_visit,访问内部 OA/知识库,,T1071,,mail.company.cn,,,,
H001721,2026-07-07 17:24:12,email_open,阅读邮件（内部往来 1）,,,,kb.company.cn,,,,
H008931,2026-07-07 17:24:12,email_open,阅读邮件（内部往来 3）,,,,npm.company.cn,,,,
H006738,2026-07-07 17:29:23,download,下载文档/更新包 15MB,,T1204.002,,,16755,,,
H002479,2026-07-07 17:31:53,email_open,阅读邮件（内部往来 1）,,,,docs.company.cn,,,,
H009698,2026-07-07 17:32:30,login,登录办公终端,,T1078,,,,,,
H008981,2026-07-07 17:33:41,download,下载文档/更新包 15MB,,T1204.002,,,15433,,,
H009979,2026-07-07 17:34:25,login,登录办公终端,,T1078,,,,,,
H001986,2026-07-07 17:38:21,login,登录办公终端,,T1078,,,,,,
H001269,2026-07-07 17:41:01,web_visit,访问内部 OA/知识库,,T1071,,mail.company.cn,,,,
H006718,2026-07-07 17:46:49,web_visit,访问内部 OA/知识库,,T1071,,wiki.company.cn,,,,
H006049,2026-07-07 17:48:51,login,登录办公终端,,T1078,,,,,,
H001796,2026-07-07 17:52:45,download,下载文档/更新包 41MB,,T1204.002,,,25831,,,
H009170,2026-07-07 17:54:12,email_open,阅读邮件（内部往来 2）,,,,docs.company.cn,,,,
H009979,2026-07-07 17:58:56,email_open,阅读邮件（内部往来 2）,,,,docs.company.cn,,,,
H001235,2026-07-07 18:01:17,email_open,阅读邮件（内部往来 2）,,,,oa.company.cn,,,,
H001269,2026-07-07 18:03:06,dns_query,域名解析,,T1071.001,,weibo.com,,,,
H009500,2026-07-07 18:09:12,login,登录办公终端,,T1078,,,,,,
H009500,2026-07-07 18:10:09,web_visit,访问内部 OA/知识库,,T1071,,npm.company.cn,,,,
H006049,2026-07-07 18:11:45,email_open,阅读邮件（内部往来 1）,,,,oa.company.cn,,,,
H009816,2026-07-07 18:14:51,web_visit,访问内部 OA/知识库,,T1071,,mail.company.cn,,,,
H005600,2026-07-07 18:25:20,failed_login,密码错误自动重试,,T1110.001,,,,,,
H003533,2026-07-07 18:26:33,web_visit,访问内部 OA/知识库,,T1071,,mail.company.cn,,,,
H001269,2026-07-07 18:26:50,email_open,阅读邮件（内部往来 1）,,,,oa.company.cn,,,,
H004724,2026-07-07 18:26:52,failed_login,密码错误自动重试,,T1110.001,,,,,,
H008981,2026-07-07 18:32:55,login,登录办公终端,,T1078,,,,,,
H001547,2026-07-07 18:38:48,email_open,阅读邮件（内部往来 1）,,,,wiki.company.cn,,,,
H008164,2026-07-07 18:49:37,login,登录办公终端,,T1078,,,,,,
H005614,2026-07-07 18:49:57,email_open,阅读邮件（内部往来 1）,,,,mail.company.cn,,,,
H000763,2026-07-07 18:52:15,email_open,阅读邮件（内部往来 1）,,,,kb.company.cn,,,,
H006373,2026-07-07 18:55:23,login,登录办公终端,,T1078,,,,苏州市,,
H006311,2026-07-07 18:56:07,email_open,阅读邮件（内部往来 1）,,,,wiki.company.cn,,,,
H000466,2026-07-07 18:58:31,web_visit,访问内部 OA/知识库,,T1071,,wiki.company.cn,,,,
H009903,2026-07-07 19:06:10,web_visit,访问内部 OA/知识库,,T1071,,kb.company.cn,,,,
H005614,2026-07-07 19:08:04,failed_login,密码错误自动重试,,T1110.001,,,,,,
H002774,2026-07-07 19:08:08,login,登录办公终端,,T1078,,,,,,
H001986,2026-07-07 19:09:19,web_visit,访问内部 OA/知识库,,T1071,,npm.company.cn,,,,
H008981,2026-07-07 19:18:44,dns_query,域名解析,,T1071.001,,oa.company.cn,,,,
H008154,2026-07-07 19:19:40,login,登录办公终端,,T1078,,,,,,
H003725,2026-07-07 19:22:16,web_visit,访问内部 OA/知识库,,T1071,,wiki.company.cn,,,,
H004724,2026-07-07 19:29:34,login,登录办公终端,,T1078,,,,,,
H009535,2026-07-07 19:30:40,login,登录办公终端,,T1078,,,,,,
H008164,2026-07-07 19:33:47,email_open,阅读邮件（内部往来 1）,,,,mail.company.cn,,,,
H005614,2026-07-07 19:34:02,web_visit,访问内部 OA/知识库,,T1071,,kb.company.cn,,,,
H005600,2026-07-07 19:37:23,email_open,阅读邮件（内部往来 3）,,,,docs.company.cn,,,,
H007030,2026-07-07 19:37:27,email_open,阅读邮件（内部往来 2）,,,,kb.company.cn,,,,
H004902,2026-07-07 19:38:59,email_open,阅读邮件（内部往来 1）,,,,wiki.company.cn,,,,
H001235,2026-07-07 19:42:05,login,登录办公终端,,T1078,,,,,,
H005220,2026-07-07 19:44:04,web_visit,访问内部 OA/知识库,,T1071,,npm.company.cn,,,,
H003910,2026-07-07 19:44:44,failed_login,密码错误自动重试,,T1110.001,,,,,,
H005600,2026-07-07 19:46:18,email_open,阅读邮件（内部往来 2）,,,,kb.company.cn,,,,
H000466,2026-07-07 19:48:38,dns_query,域名解析,,T1071.001,,weibo.com,,,,
H002844,2026-07-07 19:50:56,login,登录办公终端,,T1078,,,,苏州市,,
H006473,2026-07-07 19:59:58,web_visit,访问内部 OA/知识库,,T1071,,npm.company.cn,,,,
H001419,2026-07-07 20:04:09,web_visit,访问内部 OA/知识库,,T1071,,kb.company.cn,,,,
H001668,2026-07-07 20:29:13,login,登录办公终端,,T1078,,,,,,
H006049,2026-07-07 20:31:25,email_open,阅读邮件（内部往来 2）,,,,npm.company.cn,,,,
H009816,2026-07-07 20:49:32,login,登录办公终端,,T1078,,,,东莞市,,
H006738,2026-07-07 20:52:13,email_open,阅读邮件（内部往来 2）,,,,docs.company.cn,,,,
H001796,2026-07-07 21:03:52,login,登录办公终端,,T1078,,,,,,
H006311,2026-07-07 21:06:12,failed_login,密码错误自动重试,,T1110.001,,,,,,
H009535,2026-07-07 21:07:55,email_open,阅读邮件（内部往来 1）,,,,mail.company.cn,,,,
H002479,2026-07-07 21:28:23,web_visit,访问内部 OA/知识库,,T1071,,oa.company.cn,,,,
H004775,2026-07-07 21:31:29,email_open,阅读邮件（内部往来 1）,,,,oa.company.cn,,,,
H006311,2026-07-07 21:38:43,failed_login,密码错误自动重试,,T1110.001,,,,,,
H009903,2026-07-07 21:55:02,email_open,阅读邮件（内部往来 2）,,,,oa.company.cn,,,,
H000466,2026-07-07 22:01:07,login,登录办公终端,,T1078,,,,,,
H006113,2026-07-07 22:09:20,web_visit,访问内部 OA/知识库,,T1071,,kb.company.cn,,,,
H001177,2026-07-07 22:21:50,upload,上传附件 15MB,,T1567,,docs.company.cn,4303,,,
H007030,2026-07-07 22:34:22,web_visit,访问内部 OA/知识库,,T1071,,wiki.company.cn,,,,
H008981,2026-07-07 23:33:33,email_open,阅读邮件（内部往来 2）,,,,oa.company.cn,,,,
H006738,2026-07-08 00:30:04,email_open,阅读邮件（内部往来 3）,,,,kb.company.cn,,,,
H005496,2026-07-08 02:43:58,login,登录办公终端,,T1078,,,,,,
H001721,2026-07-08 03:00:48,failed_login,登录尝试失败（连续输错）,,T1110.001,,,,成都市,,
H001721,2026-07-08 03:02:48,failed_login,登录尝试失败（连续输错）,,T1110.001,,,,杭州市,,
H001721,2026-07-08 03:03:48,failed_login,登录尝试失败（连续输错）,,T1110.001,,,,杭州市,,
H001721,2026-07-08 03:06:48,failed_login,登录尝试失败（连续输错）,,T1110.001,,,,北京市,,
H004362,2026-07-08 03:57:02,dns_query,域名解析,,T1071.001,,wiki.company.cn,,,,
H009170,2026-07-08 05:06:44,email_open,阅读邮件（内部往来 1）,,,,mail.company.cn,,,,
H002480,2026-07-08 06:05:18,upload,上传附件 2MB,,T1567,,docs.company.cn,11847,,,
H000805,2026-07-08 06:11:36,download,下载文档/更新包 4MB,,T1204.002,,,17457,,,
H001235,2026-07-08 06:19:33,email_open,阅读邮件（内部往来 4）,,,,oa.company.cn,,,,
H004724,2026-07-08 06:31:30,email_open,阅读邮件（内部往来 1）,,,,wiki.company.cn,,,,
H008931,2026-07-08 06:43:47,web_visit,访问内部 OA/知识库,,T1071,,mail.company.cn,,,,
H004362,2026-07-08 07:04:13,email_open,阅读邮件（内部往来 1）,,,,oa.company.cn,,,,
H004724,2026-07-08 07:11:09,download,下载文档/更新包 25MB,,T1204.002,,,28167,,,
H000763,2026-07-08 07:11:10,login,登录办公终端,,T1078,,,,,,
H003973,2026-07-08 07:32:12,web_visit,访问内部 OA/知识库,,T1071,,oa.company.cn,,,,
H007500,2026-07-08 07:38:29,web_visit,访问内部 OA/知识库,,T1071,,wiki.company.cn,,,,
H009903,2026-07-08 07:39:49,download,下载文档/更新包 13MB,,T1204.002,,,4297,,,
H003752,2026-07-08 08:05:24,email_open,阅读邮件（内部往来 1）,,,,npm.company.cn,,,,
H000564,2026-07-08 08:06:15,failed_login,密码错误自动重试,,T1110.001,,,,,,
H006049,2026-07-08 08:06:38,login,登录办公终端,,T1078,,,,,,
H003893,2026-07-08 08:07:21,login,登录办公终端,,T1078,,,,,,
H001402,2026-07-08 08:07:24,email_open,阅读邮件（内部往来 2）,,,,kb.company.cn,,,,
H003752,2026-07-08 08:08:51,login,登录办公终端,,T1078,,,,,,
H004950,2026-07-08 08:10:00,login,登录办公终端,,T1078,,,,,,
H001402,2026-07-08 08:11:12,email_open,阅读邮件（内部往来 4）,,,,docs.company.cn,,,,
H009170,2026-07-08 08:13:18,email_open,阅读邮件（内部往来 3）,,,,kb.company.cn,,,,
H004362,2026-07-08 08:21:58,web_visit,访问内部 OA/知识库,,T1071,,mail.company.cn,,,,
H007030,2026-07-08 08:22:21,email_open,阅读邮件（内部往来 1）,,,,npm.company.cn,,,,
H000117,2026-07-08 08:24:57,dns_query,域名解析,,T1071.001,,npm.company.cn,,,,
H004956,2026-07-08 08:26:11,email_open,阅读邮件（内部往来 3）,,,,oa.company.cn,,,,
H001177,2026-07-08 08:26:36,email_open,阅读邮件（内部往来 2）,,,,npm.company.cn,,,,
H008931,2026-07-08 08:27:51,email_open,阅读邮件（内部往来 1）,,,,mail.company.cn,,,,
H001177,2026-07-08 08:28:15,dns_query,域名解析,,T1071.001,,baidu.com,,,,
H002479,2026-07-08 08:32:50,email_open,阅读邮件（内部往来 1）,,,,kb.company.cn,,,,
H005767,2026-07-08 08:34:35,login,登录办公终端,,T1078,,,,,,
H001824,2026-07-08 08:35:05,login,登录办公终端,,T1078,,,,,,
H004724,2026-07-08 08:36:16,failed_login,密码错误自动重试,,T1110.001,,,,,,
H004362,2026-07-08 08:37:31,email_open,阅读邮件（内部往来 2）,,,,oa.company.cn,,,,
H004816,2026-07-08 08:40:45,email_open,阅读邮件（内部往来 2）,,,,npm.company.cn,,,,
H003910,2026-07-08 08:59:32,web_visit,访问内部 OA/知识库,,T1071,,mail.company.cn,,,,
H003910,2026-07-08 09:00:32,dns_query,域名解析,,T1071.001,,bilibili.com,,,,
H003752,2026-07-08 09:03:21,email_open,阅读邮件（内部往来 3）,,,,docs.company.cn,,,,
H005600,2026-07-08 09:03:39,dns_query,域名解析,,T1071.001,,kb.company.cn,,,,
H001177,2026-07-08 09:04:49,email_open,阅读邮件（内部往来 1）,,,,kb.company.cn,,,,
H009698,2026-07-08 09:07:15,download,下载文档/更新包 30MB,,T1204.002,,,36434,,,
H004816,2026-07-08 09:07:47,failed_login,密码错误自动重试,,T1110.001,,,,,,
H006738,2026-07-08 09:07:54,web_visit,访问内部 OA/知识库,,T1071,,oa.company.cn,,,,
H009535,2026-07-08 09:12:05,email_open,阅读邮件（内部往来 1）,,,,npm.company.cn,,,,
H005614,2026-07-08 09:13:31,email_open,阅读邮件（内部往来 1）,,,,docs.company.cn,,,,
H007500,2026-07-08 09:17:59,login,登录办公终端,,T1078,,,,,,
H004950,2026-07-08 09:18:18,failed_login,密码错误自动重试,,T1110.001,,,,,,
H004717,2026-07-08 09:20:34,web_visit,访问内部 OA/知识库,,T1071,,mail.company.cn,,,,
H004956,2026-07-08 09:22:56,web_visit,访问内部 OA/知识库,,T1071,,wiki.company.cn,,,,
H005988,2026-07-08 09:23:31,login,登录办公终端,,T1078,,,,,,
H004816,2026-07-08 09:25:26,email_open,阅读邮件（内部往来 3）,,,,kb.company.cn,,,,
H001796,2026-07-08 09:27:21,email_open,阅读邮件（内部往来 1）,,,,oa.company.cn,,,,
H002480,2026-07-08 09:29:17,web_visit,访问内部 OA/知识库,,T1071,,npm.company.cn,,,,
H005767,2026-07-08 09:33:03,email_open,阅读邮件（内部往来 2）,,,,wiki.company.cn,,,,
H005767,2026-07-08 09:34:30,email_open,阅读邮件（内部往来 1）,,,,docs.company.cn,,,,
H009170,2026-07-08 09:35:04,login,登录办公终端,,T1078,,,,,,
H004362,2026-07-08 09:35:48,web_visit,访问内部 OA/知识库,,T1071,,mail.company.cn,,,,
H000466,2026-07-08 09:35:54,email_open,阅读邮件（内部往来 2）,,,,wiki.company.cn,,,,
H000117,2026-07-08 09:37:30,web_visit,访问内部 OA/知识库,,T1071,,kb.company.cn,,,,
H007500,2026-07-08 09:40:49,download,下载文档/更新包 1MB,,T1204.002,,,2898,,,
H009691,2026-07-08 09:41:17,download,下载文档/更新包 19MB,,T1204.002,,,5775,,,
H003416,2026-07-08 09:41:53,dns_query,域名解析,,T1071.001,,weibo.com,,,,
H004816,2026-07-08 09:42:39,email_open,阅读邮件（内部往来 1）,,,,kb.company.cn,,,,
H000438,2026-07-08 09:49:03,login,登录办公终端,,T1078,,,,,,
H001824,2026-07-08 09:52:07,web_visit,访问内部 OA/知识库,,T1071,,kb.company.cn,,,,
H001235,2026-07-08 09:52:24,dns_query,域名解析,,T1071.001,,docs.company.cn,,,,
H004950,2026-07-08 09:57:08,web_visit,访问内部 OA/知识库,,T1071,,wiki.company.cn,,,,
H004362,2026-07-08 10:06:48,failed_login,密码错误自动重试,,T1110.001,,,,,,
H001796,2026-07-08 10:06:57,login,登录办公终端,,T1078,,,,,,
H004724,2026-07-08 10:08:30,web_visit,访问内部 OA/知识库,,T1071,,oa.company.cn,,,,
H000564,2026-07-08 10:08:58,email_open,阅读邮件（内部往来 1）,,,,wiki.company.cn,,,,
H001721,2026-07-08 10:09:30,dns_query,域名解析,,T1071.001,,npm.company.cn,,,,
H006738,2026-07-08 10:09:56,login,登录办公终端,,T1078,,,,,,
H005767,2026-07-08 10:12:23,dns_query,域名解析,,T1071.001,,bilibili.com,,,,
H003533,2026-07-08 10:13:44,email_open,阅读邮件（内部往来 1）,,,,npm.company.cn,,,,
H000438,2026-07-08 10:14:33,web_visit,访问内部 OA/知识库,,T1071,,npm.company.cn,,,,
H000527,2026-07-08 10:15:24,web_visit,访问内部 OA/知识库,,T1071,,kb.company.cn,,,,
H001986,2026-07-08 10:21:45,web_visit,访问内部 OA/知识库,,T1071,,docs.company.cn,,,,
H004717,2026-07-08 10:22:49,email_open,阅读邮件（内部往来 1）,,,,mail.company.cn,,,,
H007458,2026-07-08 10:23:12,login,登录办公终端,,T1078,,,,,,
H007030,2026-07-08 10:24:01,web_visit,访问内部 OA/知识库,,T1071,,docs.company.cn,,,,
H000438,2026-07-08 10:31:32,web_visit,访问内部 OA/知识库,,T1071,,docs.company.cn,,,,
H001668,2026-07-08 10:31:53,email_open,阅读邮件（内部往来 2）,,,,kb.company.cn,,,,
H000117,2026-07-08 10:35:19,login,登录办公终端,,T1078,,,,,,
H007030,2026-07-08 10:39:07,login,登录办公终端,,T1078,,,,西安市,,
H009691,2026-07-08 10:39:33,email_open,阅读邮件（内部往来 3）,,,,docs.company.cn,,,,
H009698,2026-07-08 10:39:45,failed_login,密码错误自动重试,,T1110.001,,,,,,
H001269,2026-07-08 10:40:37,web_visit,访问内部 OA/知识库,,T1071,,kb.company.cn,,,,
H001824,2026-07-08 10:43:17,email_open,阅读邮件（内部往来 1）,,,,oa.company.cn,,,,
H004724,2026-07-08 10:43:52,login,登录办公终端,,T1078,,,,,,
H002480,2026-07-08 10:47:14,failed_login,密码错误自动重试,,T1110.001,,,,,,
H006738,2026-07-08 10:49:10,email_open,阅读邮件（内部往来 2）,,,,oa.company.cn,,,,
H005496,2026-07-08 10:49:40,web_visit,访问内部 OA/知识库,,T1071,,mail.company.cn,,,,
H009170,2026-07-08 10:52:07,email_open,阅读邮件（内部往来 2）,,,,oa.company.cn,,,,
H000466,2026-07-08 11:09:48,dns_query,域名解析,,T1071.001,,github.com,,,,
H001824,2026-07-08 11:11:26,dns_query,域名解析,,T1071.001,,wiki.company.cn,,,,
H006718,2026-07-08 11:12:19,failed_login,密码错误自动重试,,T1110.001,,,,,,
H009903,2026-07-08 11:13:45,web_visit,访问内部 OA/知识库,,T1071,,wiki.company.cn,,,,
H001402,2026-07-08 11:16:36,web_visit,访问内部 OA/知识库,,T1071,,oa.company.cn,,,,
H003725,2026-07-08 11:16:46,failed_login,密码错误自动重试,,T1110.001,,,,,,
H004717,2026-07-08 11:16:54,login,登录办公终端,,T1078,,,,,,
H000805,2026-07-08 11:19:28,login,登录办公终端,,T1078,,,,,,
H001177,2026-07-08 11:23:05,download,下载文档/更新包 2MB,,T1204.002,,,37676,,,
H005988,2026-07-08 11:23:28,web_visit,访问内部 OA/知识库,,T1071,,kb.company.cn,,,,
H002479,2026-07-08 11:24:00,dns_query,域名解析,,T1071.001,,jd.com,,,,
H000466,2026-07-08 11:24:35,login,登录办公终端,,T1078,,,,,,
H002480,2026-07-08 11:25:07,email_open,阅读邮件（内部往来 3）,,,,oa.company.cn,,,,
H005600,2026-07-08 11:25:09,web_visit,访问内部 OA/知识库,,T1071,,wiki.company.cn,,,,
H001796,2026-07-08 11:29:35,dns_query,域名解析,,T1071.001,,zhihu.com,,,,
H001796,2026-07-08 11:30:02,email_open,阅读邮件（内部往来 2）,,,,wiki.company.cn,,,,
H000763,2026-07-08 11:31:57,failed_login,密码错误自动重试,,T1110.001,,,,,,
H004724,2026-07-08 11:32:24,dns_query,域名解析,,T1071.001,,weibo.com,,,,
H003043,2026-07-08 11:33:08,download,下载文档/更新包 36MB,,T1204.002,,,17616,,,
H000466,2026-07-08 11:33:29,email_open,阅读邮件（内部往来 1）,,,,docs.company.cn,,,,
H008214,2026-07-08 11:33:50,dns_query,域名解析,,T1071.001,,baidu.com,,,,
H003043,2026-07-08 11:36:02,email_open,阅读邮件（内部往来 2）,,,,npm.company.cn,,,,
H001668,2026-07-08 11:38:20,download,下载文档/更新包 13MB,,T1204.002,,,8520,,,
H006049,2026-07-08 11:39:39,web_visit,访问内部 OA/知识库,,T1071,,npm.company.cn,,,,
H003416,2026-07-08 11:44:40,email_open,阅读邮件（内部往来 1）,,,,docs.company.cn,,,,
H000466,2026-07-08 11:45:05,web_visit,访问内部 OA/知识库,,T1071,,oa.company.cn,,,,
H004816,2026-07-08 11:45:06,login,登录办公终端,,T1078,,,,,,
H005614,2026-07-08 11:45:12,dns_query,域名解析,,T1071.001,,docs.company.cn,,,,
H003973,2026-07-08 11:45:38,web_visit,访问内部 OA/知识库,,T1071,,kb.company.cn,,,,
H002480,2026-07-08 11:46:43,email_open,阅读邮件（内部往来 1）,,,,wiki.company.cn,,,,
H000805,2026-07-08 11:47:16,email_open,阅读邮件（内部往来 2）,,,,kb.company.cn,,,,
H004902,2026-07-08 11:48:20,email_open,阅读邮件（内部往来 1）,,,,docs.company.cn,,,,
H001177,2026-07-08 11:48:44,failed_login,密码错误自动重试,,T1110.001,,,,,,
H008931,2026-07-08 11:53:08,login,登录办公终端,,T1078,,,,,,
H002480,2026-07-08 11:57:16,email_open,阅读邮件（内部往来 4）,,,,wiki.company.cn,,,,
H004717,2026-07-08 11:58:25,failed_login,密码错误自动重试,,T1110.001,,,,,,
H009691,2026-07-08 11:59:28,email_open,阅读邮件（内部往来 2）,,,,wiki.company.cn,,,,
H004362,2026-07-08 12:02:09,email_open,阅读邮件（内部往来 4）,,,,oa.company.cn,,,,
H007500,2026-07-08 12:03:15,email_open,阅读邮件（内部往来 1）,,,,npm.company.cn,,,,
H003752,2026-07-08 12:03:22,failed_login,密码错误自动重试,,T1110.001,,,,,,
H004362,2026-07-08 12:05:56,email_open,阅读邮件（内部往来 3）,,,,docs.company.cn,,,,
H001986,2026-07-08 12:14:03,email_open,阅读邮件（内部往来 2）,,,,oa.company.cn,,,,
H003910,2026-07-08 12:16:21,email_open,阅读邮件（内部往来 1）,,,,kb.company.cn,,,,
H006718,2026-07-08 12:16:56,login,登录办公终端,,T1078,,,,,,
H003910,2026-07-08 12:18:50,failed_login,密码错误自动重试,,T1110.001,,,,,,
H004950,2026-07-08 12:20:32,failed_login,密码错误自动重试,,T1110.001,,,,,,
H001269,2026-07-08 12:20:58,login,登录办公终端,,T1078,,,,,,
H009691,2026-07-08 12:21:17,email_open,阅读邮件（内部往来 1）,,,,oa.company.cn,,,,
H006738,2026-07-08 12:22:08,email_open,阅读邮件（内部往来 1）,,,,npm.company.cn,,,,
H006049,2026-07-08 12:25:06,web_visit,访问内部 OA/知识库,,T1071,,kb.company.cn,,,,
H001235,2026-07-08 12:25:14,web_visit,访问内部 OA/知识库,,T1071,,mail.company.cn,,,,
H003533,2026-07-08 12:26:58,failed_login,密码错误自动重试,,T1110.001,,,,,,
H001235,2026-07-08 12:27:32,email_open,阅读邮件（内部往来 3）,,,,npm.company.cn,,,,
H005151,2026-07-08 12:28:10,email_open,阅读邮件（内部往来 2）,,,,mail.company.cn,,,,
H003043,2026-07-08 12:28:43,login,登录办公终端,,T1078,,,,,,
H004717,2026-07-08 12:31:17,dns_query,域名解析,,T1071.001,,jd.com,,,,
H003043,2026-07-08 12:32:08,failed_login,密码错误自动重试,,T1110.001,,,,,,
H005600,2026-07-08 12:46:28,login,登录办公终端,,T1078,,,,,,
H004956,2026-07-08 12:52:46,email_open,阅读邮件（内部往来 1）,,,,oa.company.cn,,,,
H003725,2026-07-08 12:56:06,email_open,阅读邮件（内部往来 1）,,,,mail.company.cn,,,,
H003725,2026-07-08 12:58:27,email_open,阅读邮件（内部往来 3）,,,,kb.company.cn,,,,
H000805,2026-07-08 12:59:30,email_open,阅读邮件（内部往来 4）,,,,npm.company.cn,,,,
H005496,2026-07-08 13:01:52,email_open,阅读邮件（内部往来 1）,,,,mail.company.cn,,,,
H004956,2026-07-08 13:08:11,login,登录办公终端,,T1078,,,,,,
H000527,2026-07-08 13:10:14,web_visit,访问内部 OA/知识库,,T1071,,docs.company.cn,,,,
H005988,2026-07-08 13:21:42,email_open,阅读邮件（内部往来 1）,,,,docs.company.cn,,,,
H001668,2026-07-08 13:22:45,web_visit,访问内部 OA/知识库,,T1071,,oa.company.cn,,,,
H001986,2026-07-08 13:29:14,login,登录办公终端,,T1078,,,,,,
H000438,2026-07-08 13:29:17,email_open,阅读邮件（内部往来 1）,,,,npm.company.cn,,,,
H000527,2026-07-08 13:36:50,failed_login,密码错误自动重试,,T1110.001,,,,,,
H002480,2026-07-08 13:41:21,email_open,阅读邮件（内部往来 2）,,,,wiki.company.cn,,,,
H003043,2026-07-08 13:47:24,email_open,阅读邮件（内部往来 1）,,,,mail.company.cn,,,,
H005496,2026-07-08 13:53:58,failed_login,密码错误自动重试,,T1110.001,,,,,,
H003910,2026-07-08 13:56:55,email_open,阅读邮件（内部往来 3）,,,,oa.company.cn,,,,
H001402,2026-07-08 13:57:08,email_open,阅读邮件（内部往来 1）,,,,mail.company.cn,,,,
H007030,2026-07-08 13:58:49,email_open,阅读邮件（内部往来 2）,,,,wiki.company.cn,,,,
H001419,2026-07-08 13:59:31,login,登录办公终端,,T1078,,,,,,
H002479,2026-07-08 14:00:52,web_visit,访问内部 OA/知识库,,T1071,,npm.company.cn,,,,
H002480,2026-07-08 14:01:40,web_visit,访问内部 OA/知识库,,T1071,,docs.company.cn,,,,
H007030,2026-07-08 14:02:35,dns_query,域名解析,,T1071.001,,jd.com,,,,
H000564,2026-07-08 14:03:07,failed_login,密码错误自动重试,,T1110.001,,,,,,
H004362,2026-07-08 14:03:39,login,登录办公终端,,T1078,,,,,,
H001235,2026-07-08 14:08:00,email_open,阅读邮件（内部往来 1）,,,,oa.company.cn,,,,
H002479,2026-07-08 14:09:58,login,登录办公终端,,T1078,,,,天津市,,
H003752,2026-07-08 14:19:36,email_open,阅读邮件（内部往来 2）,,,,oa.company.cn,,,,
H008981,2026-07-08 14:20:59,login,登录办公终端,,T1078,,,,,,
H004956,2026-07-08 14:22:18,email_open,阅读邮件（内部往来 2）,,,,mail.company.cn,,,,
H004953,2026-07-08 14:26:00,email_open,阅读邮件（内部往来 1）,,,,oa.company.cn,,,,
H003043,2026-07-08 14:30:12,email_open,阅读邮件（内部往来 3）,,,,wiki.company.cn,,,,
H001177,2026-07-08 14:44:13,email_open,阅读邮件（内部往来 3）,,,,docs.company.cn,,,,
H003785,2026-07-08 14:49:40,dns_query,域名解析,,T1071.001,,docs.company.cn,,,,
H001235,2026-07-08 14:53:32,login,登录办公终端,,T1078,,,,,,
H006419,2026-07-08 14:56:01,failed_login,密码错误自动重试,,T1110.001,,,,,,
H009698,2026-07-08 14:56:12,failed_login,密码错误自动重试,,T1110.001,,,,,,
H009170,2026-07-08 14:57:10,dns_query,域名解析,,T1071.001,,qq.com,,,,
H001419,2026-07-08 15:02:34,web_visit,访问内部 OA/知识库,,T1071,,docs.company.cn,,,,
H009698,2026-07-08 15:07:38,login,登录办公终端,,T1078,,,,,,
H001721,2026-07-08 15:07:45,email_open,阅读邮件（内部往来 1）,,,,oa.company.cn,,,,
H005988,2026-07-08 15:12:10,smb_connect,访问文件服务器共享目录,,T1021.002,,,,,,FILE-SRV01
H006896,2026-07-08 15:14:53,email_open,阅读邮件（内部往来 1）,,,,wiki.company.cn,,,,
H003973,2026-07-08 15:21:44,login,登录办公终端,,T1078,,,,,,
H000438,2026-07-08 15:23:28,dns_query,域名解析,,T1071.001,,taobao.com,,,,
H004775,2026-07-08 15:27:42,email_open,阅读邮件（内部往来 1）,,,,mail.company.cn,,,,
H001269,2026-07-08 15:29:22,failed_login,密码错误自动重试,,T1110.001,,,,,,
H000763,2026-07-08 15:34:57,failed_login,密码错误自动重试,,T1110.001,,,,,,
H001986,2026-07-08 15:37:12,email_open,阅读邮件（内部往来 1）,,,,oa.company.cn,,,,
H004717,2026-07-08 15:38:34,email_open,阅读邮件（内部往来 2）,,,,mail.company.cn,,,,
H004902,2026-07-08 15:41:01,email_open,阅读邮件（内部往来 2）,,,,kb.company.cn,,,,
H000763,2026-07-08 15:45:32,failed_login,密码错误自动重试,,T1110.001,,,,,,
H001721,2026-07-08 15:54:21,web_visit,访问内部 OA/知识库,,T1071,,docs.company.cn,,,,
H001177,2026-07-08 15:56:35,web_visit,访问内部 OA/知识库,,T1071,,wiki.company.cn,,,,
H004564,2026-07-08 16:00:48,dns_query,域名解析,,T1071.001,,npm.company.cn,,,,
H001668,2026-07-08 16:02:25,email_open,阅读邮件（内部往来 1）,,,,oa.company.cn,,,,
H003910,2026-07-08 16:09:08,login,登录办公终端,,T1078,,,,,,
H000117,2026-07-08 16:09:49,download,下载文档/更新包 3MB,,T1204.002,,,6283,,,
H001668,2026-07-08 16:10:01,web_visit,访问内部 OA/知识库,,T1071,,wiki.company.cn,,,,
H004775,2026-07-08 16:18:30,email_open,阅读邮件（内部往来 2）,,,,kb.company.cn,,,,
H005767,2026-07-08 16:19:21,web_visit,访问内部 OA/知识库,,T1071,,npm.company.cn,,,,
H005151,2026-07-08 16:20:31,email_open,阅读邮件（内部往来 1）,,,,wiki.company.cn,,,,
H000805,2026-07-08 16:22:08,web_visit,访问内部 OA/知识库,,T1071,,npm.company.cn,,,,
H005151,2026-07-08 16:25:37,email_open,阅读邮件（内部往来 4）,,,,kb.company.cn,,,,
H000805,2026-07-08 16:26:39,dns_query,域名解析,,T1071.001,,zhihu.com,,,,
H006718,2026-07-08 16:26:57,dns_query,域名解析,,T1071.001,,zhihu.com,,,,
H004902,2026-07-08 16:28:22,web_visit,访问内部 OA/知识库,,T1071,,wiki.company.cn,,,,
H001402,2026-07-08 16:29:29,upload,上传附件 4MB,,T1567,,docs.company.cn,8085,,,
H003973,2026-07-08 16:31:38,dns_query,域名解析,,T1071.001,,npm.company.cn,,,,
H000527,2026-07-08 16:32:04,upload,上传附件 12MB,,T1567,,docs.company.cn,5826,,,
H008931,2026-07-08 16:37:34,download,下载文档/更新包 29MB,,T1204.002,,,1181,,,
H003725,2026-07-08 16:39:39,login,登录办公终端,,T1078,,,,,,
H005600,2026-07-08 16:40:38,email_open,阅读邮件（内部往来 1）,,,,docs.company.cn,,,,
H003923,2026-07-08 16:40:54,login,登录办公终端,,T1078,,,,,,
H001269,2026-07-08 16:42:58,download,下载文档/更新包 36MB,,T1204.002,,,26681,,,
H006419,2026-07-08 16:44:46,email_open,阅读邮件（内部往来 2）,,,,wiki.company.cn,,,,
H003416,2026-07-08 16:46:44,login,登录办公终端,,T1078,,,,,,
H008871,2026-07-08 16:47:19,download,下载文档/更新包 40MB,,T1204.002,,,7092,,,
H000564,2026-07-08 16:55:49,failed_login,密码错误自动重试,,T1110.001,,,,,,
H001402,2026-07-08 16:59:05,failed_login,密码错误自动重试,,T1110.001,,,,,,
H003910,2026-07-08 17:01:15,web_visit,访问内部 OA/知识库,,T1071,,npm.company.cn,,,,
H004902,2026-07-08 17:03:57,failed_login,密码错误自动重试,,T1110.001,,,,,,
H004953,2026-07-08 17:04:05,dns_query,域名解析,,T1071.001,,qq.com,,,,
H004953,2026-07-08 17:04:21,web_visit,访问内部 OA/知识库,,T1071,,npm.company.cn,,,,
H005151,2026-07-08 17:04:33,failed_login,密码错误自动重试,,T1110.001,,,,,,
H007458,2026-07-08 17:04:42,email_open,阅读邮件（内部往来 2）,,,,kb.company.cn,,,,
H005988,2026-07-08 17:04:47,web_visit,访问内部 OA/知识库,,T1071,,docs.company.cn,,,,
H003893,2026-07-08 17:05:51,web_visit,访问内部 OA/知识库,,T1071,,oa.company.cn,,,,
H006419,2026-07-08 17:10:47,email_open,阅读邮件（内部往来 1）,,,,wiki.company.cn,,,,
H003785,2026-07-08 17:13:05,login,登录办公终端,,T1078,,,,苏州市,,
H003725,2026-07-08 17:13:07,dns_query,域名解析,,T1071.001,,mail.company.cn,,,,
H000805,2026-07-08 17:13:21,email_open,阅读邮件（内部往来 3）,,,,oa.company.cn,,,,
H005600,2026-07-08 17:13:48,email_open,阅读邮件（内部往来 2）,,,,docs.company.cn,,,,
H000564,2026-07-08 17:14:23,login,登录办公终端,,T1078,,,,,,
H004564,2026-07-08 17:16:27,login,登录办公终端,,T1078,,,,,,
H005988,2026-07-08 17:16:51,upload,上传附件 8MB,,T1567,,docs.company.cn,14020,,,
H006896,2026-07-08 17:19:50,login,登录办公终端,,T1078,,,,,,
H007458,2026-07-08 17:24:07,email_open,阅读邮件（内部往来 1）,,,,npm.company.cn,,,,
H001668,2026-07-08 17:26:33,email_open,阅读邮件（内部往来 3）,,,,oa.company.cn,,,,
H003893,2026-07-08 17:29:13,email_open,阅读邮件（内部往来 1）,,,,docs.company.cn,,,,
H004953,2026-07-08 17:32:56,login,登录办公终端,,T1078,,,,南京市,,
H009698,2026-07-08 17:34:06,email_open,阅读邮件（内部往来 1）,,,,oa.company.cn,,,,
H003533,2026-07-08 17:37:08,web_visit,访问内部 OA/知识库,,T1071,,oa.company.cn,,,,
H004953,2026-07-08 17:41:29,email_open,阅读邮件（内部往来 2）,,,,mail.company.cn,,,,
H006113,2026-07-08 17:41:47,failed_login,密码错误自动重试,,T1110.001,,,,,,
H001402,2026-07-08 17:46:25,web_visit,访问内部 OA/知识库,,T1071,,wiki.company.cn,,,,
H004717,2026-07-08 17:46:36,failed_login,密码错误自动重试,,T1110.001,,,,,,
H001668,2026-07-08 17:48:04,email_open,阅读邮件（内部往来 4）,,,,docs.company.cn,,,,
H001177,2026-07-08 17:48:29,login,登录办公终端,,T1078,,,,,,
H005496,2026-07-08 17:49:41,download,下载文档/更新包 33MB,,T1204.002,,,22967,,,
H009170,2026-07-08 17:50:28,upload,上传附件 13MB,,T1567,,docs.company.cn,8055,,,
H000763,2026-07-08 17:52:31,web_visit,访问内部 OA/知识库,,T1071,,kb.company.cn,,,,
H004564,2026-07-08 17:54:28,email_open,阅读邮件（内部往来 2）,,,,docs.company.cn,,,,
H001721,2026-07-08 17:55:08,login,登录办公终端,,T1078,,,,,,
H006896,2026-07-08 17:56:06,web_visit,访问内部 OA/知识库,,T1071,,kb.company.cn,,,,
H004816,2026-07-08 17:57:09,dns_query,域名解析,,T1071.001,,jd.com,,,,
H005614,2026-07-08 17:58:58,download,下载文档/更新包 14MB,,T1204.002,,,22019,,,
H009698,2026-07-08 17:59:41,web_visit,访问内部 OA/知识库,,T1071,,mail.company.cn,,,,
H004724,2026-07-08 18:02:42,failed_login,密码错误自动重试,,T1110.001,,,,,,
H009903,2026-07-08 18:04:03,login,登录办公终端,,T1078,,,,天津市,,
H001235,2026-07-08 18:04:22,email_open,阅读邮件（内部往来 2）,,,,wiki.company.cn,,,,
H004564,2026-07-08 18:04:24,web_visit,访问内部 OA/知识库,,T1071,,kb.company.cn,,,,
H004950,2026-07-08 18:05:09,web_visit,访问内部 OA/知识库,,T1071,,mail.company.cn,,,,
H009535,2026-07-08 18:06:30,web_visit,访问内部 OA/知识库,,T1071,,wiki.company.cn,,,,
H001796,2026-07-08 18:08:43,web_visit,访问内部 OA/知识库,,T1071,,kb.company.cn,,,,
H000564,2026-07-08 18:11:07,dns_query,域名解析,,T1071.001,,jd.com,,,,
H005496,2026-07-08 18:12:09,web_visit,访问内部 OA/知识库,,T1071,,mail.company.cn,,,,
H001668,2026-07-08 18:14:17,login,登录办公终端,,T1078,,,,,,
H008214,2026-07-08 18:14:54,login,登录办公终端,,T1078,,,,东莞市,,
H000117,2026-07-08 18:15:23,email_open,阅读邮件（内部往来 1）,,,,wiki.company.cn,,,,
H006419,2026-07-08 18:15:42,login,登录办公终端,,T1078,,,,南京市,,
H009903,2026-07-08 18:19:54,dns_query,域名解析,,T1071.001,,taobao.com,,,,
H006311,2026-07-08 18:21:31,login,登录办公终端,,T1078,,,,,,
H003752,2026-07-08 18:24:26,dns_query,域名解析,,T1071.001,,bilibili.com,,,,
H002479,2026-07-08 18:27:51,failed_login,密码错误自动重试,,T1110.001,,,,,,
H006718,2026-07-08 18:28:04,failed_login,密码错误自动重试,,T1110.001,,,,,,
H004956,2026-07-08 18:31:59,download,下载文档/更新包 13MB,,T1204.002,,,13014,,,
H006113,2026-07-08 18:36:23,login,登录办公终端,,T1078,,,,武汉市,,
H004717,2026-07-08 18:37:51,web_visit,访问内部 OA/知识库,,T1071,,mail.company.cn,,,,
H001402,2026-07-08 18:39:00,email_open,阅读邮件（内部往来 3）,,,,npm.company.cn,,,,
H001402,2026-07-08 18:40:43,login,登录办公终端,,T1078,,,,,,
H004564,2026-07-08 18:42:29,email_open,阅读邮件（内部往来 1）,,,,kb.company.cn,,,,
H000527,2026-07-08 18:50:41,login,登录办公终端,,T1078,,,,,,
H003785,2026-07-08 18:51:39,email_open,阅读邮件（内部往来 1）,,,,kb.company.cn,,,,
H004902,2026-07-08 18:53:05,login,登录办公终端,,T1078,,,,,,
H008931,2026-07-08 18:53:48,email_open,阅读邮件（内部往来 2）,,,,docs.company.cn,,,,
H003910,2026-07-08 18:58:49,email_open,阅读邮件（内部往来 2）,,,,npm.company.cn,,,,
H009903,2026-07-08 19:08:10,email_open,阅读邮件（内部往来 1）,,,,mail.company.cn,,,,
H001177,2026-07-08 19:11:51,email_open,阅读邮件（内部往来 4）,,,,mail.company.cn,,,,
H004724,2026-07-08 19:14:44,email_open,阅读邮件（内部往来 2）,,,,mail.company.cn,,,,
H005151,2026-07-08 19:16:04,login,登录办公终端,,T1078,,,,,,
H001721,2026-07-08 19:21:51,web_visit,访问内部 OA/知识库,,T1071,,npm.company.cn,,,,
H003725,2026-07-08 19:26:56,email_open,阅读邮件（内部往来 2）,,,,kb.company.cn,,,,
H009535,2026-07-08 19:32:58,login,登录办公终端,,T1078,,,,,,
H005151,2026-07-08 19:40:05,failed_login,密码错误自动重试,,T1110.001,,,,,,
H004950,2026-07-08 19:44:50,email_open,阅读邮件（内部往来 1）,,,,mail.company.cn,,,,
H001824,2026-07-08 19:49:50,web_visit,访问内部 OA/知识库,,T1071,,kb.company.cn,,,,
H004775,2026-07-08 19:52:05,login,登录办公终端,,T1078,,,,,,
H003043,2026-07-08 19:55:03,failed_login,密码错误自动重试,,T1110.001,,,,,,
H002480,2026-07-08 20:01:17,login,登录办公终端,,T1078,,,,,,
H001419,2026-07-08 20:12:40,web_visit,访问内部 OA/知识库,,T1071,,oa.company.cn,,,,
H003785,2026-07-08 20:18:02,email_open,阅读邮件（内部往来 2）,,,,docs.company.cn,,,,
H008981,2026-07-08 20:19:44,email_open,阅读邮件（内部往来 1）,,,,kb.company.cn,,,,
H006718,2026-07-08 20:24:45,failed_login,密码错误自动重试,,T1110.001,,,,,,
H003416,2026-07-08 20:28:43,web_visit,访问内部 OA/知识库,,T1071,,wiki.company.cn,,,,
H005151,2026-07-08 20:34:31,web_visit,访问内部 OA/知识库,,T1071,,oa.company.cn,,,,
H001269,2026-07-08 20:36:24,failed_login,密码错误自动重试,,T1110.001,,,,,,
H005151,2026-07-08 20:52:11,email_open,阅读邮件（内部往来 3）,,,,npm.company.cn,,,,
H009691,2026-07-08 20:53:57,login,登录办公终端,,T1078,,,,东莞市,,
H005151,2026-07-08 20:57:37,dns_query,域名解析,,T1071.001,,qq.com,,,,
H008871,2026-07-08 21:02:40,dns_query,域名解析,,T1071.001,,github.com,,,,
H006113,2026-07-08 21:25:17,email_open,阅读邮件（内部往来 1）,,,,npm.company.cn,,,,
H008871,2026-07-08 21:51:39,login,登录办公终端,,T1078,,,,南京市,,
H003533,2026-07-08 22:39:39,login,登录办公终端,,T1078,,,,武汉市,,
H000466,2026-07-08 22:51:04,email_open,阅读邮件（内部往来 3）,,,,npm.company.cn,,,,
H005614,2026-07-08 22:58:59,login,登录办公终端,,T1078,,,,西安市,,
H000805,2026-07-08 23:24:40,email_open,阅读邮件（内部往来 1）,,,,mail.company.cn,,,,
H008871,2026-07-08 23:46:28,web_visit,访问内部 OA/知识库,,T1071,,wiki.company.cn,,,,
H002223,2026-07-09 02:49:36,email_open,阅读邮件（内部往来 3）,,,,docs.company.cn,,,,
H000564,2026-07-09 04:55:12,email_open,阅读邮件（内部往来 1）,,,,kb.company.cn,,,,
H004146,2026-07-09 05:18:12,web_visit,访问内部 OA/知识库,,T1071,,kb.company.cn,,,,
H004763,2026-07-09 06:07:32,failed_login,密码错误自动重试,,T1110.001,,,,,,
H004953,2026-07-09 06:22:00,web_visit,访问内部 OA/知识库,,T1071,,kb.company.cn,,,,
H004080,2026-07-09 07:02:25,email_open,阅读邮件（内部往来 1）,,,,wiki.company.cn,,,,
H005496,2026-07-09 07:09:09,login,登录办公终端,,T1078,,,,,,
H006419,2026-07-09 07:31:08,failed_login,密码错误自动重试,,T1110.001,,,,,,
H008164,2026-07-09 07:50:57,email_open,阅读邮件（内部往来 2）,,,,wiki.company.cn,,,,
H008154,2026-07-09 07:53:00,email_open,阅读邮件（内部往来 1）,,,,mail.company.cn,,,,
H002774,2026-07-09 07:56:06,email_open,阅读邮件（内部往来 1）,,,,docs.company.cn,,,,
H008057,2026-07-09 08:02:20,email_open,阅读邮件（内部往来 1）,,,,docs.company.cn,,,,
H006049,2026-07-09 08:04:48,email_open,阅读邮件（内部往来 2）,,,,oa.company.cn,,,,
H004394,2026-07-09 08:12:23,email_open,阅读邮件（内部往来 1）,,,,wiki.company.cn,,,,
H005496,2026-07-09 08:15:01,failed_login,密码错误自动重试,,T1110.001,,,,,,
H004763,2026-07-09 08:15:58,dns_query,域名解析,,T1071.001,,weibo.com,,,,
H001824,2026-07-09 08:18:54,login,登录办公终端,,T1078,,,,,,
H003043,2026-07-09 08:24:35,email_open,阅读邮件（内部往来 2）,,,,wiki.company.cn,,,,
H003752,2026-07-09 08:30:10,persist_create,注册软件更新计划任务,,T1053.005,,,,,,
H004394,2026-07-09 08:30:17,download,下载文档/更新包 32MB,,T1204.002,,,18378,,,
H000805,2026-07-09 08:33:32,failed_login,密码错误自动重试,,T1110.001,,,,,,
H004950,2026-07-09 08:37:46,download,下载文档/更新包 25MB,,T1204.002,,,5934,,,
H005600,2026-07-09 08:40:10,email_open,阅读邮件（内部往来 2）,,,,mail.company.cn,,,,
H001796,2026-07-09 08:41:22,dns_query,域名解析,,T1071.001,,jd.com,,,,
H007458,2026-07-09 08:42:58,login,登录办公终端,,T1078,,,,,,
H003893,2026-07-09 08:44:30,login,登录办公终端,,T1078,,,,,,
H001419,2026-07-09 08:46:05,login,登录办公终端,,T1078,,,,,,
H009170,2026-07-09 08:48:48,email_open,阅读邮件（内部往来 2）,,,,mail.company.cn,,,,
H009816,2026-07-09 08:54:44,failed_login,密码错误自动重试,,T1110.001,,,,,,
H008154,2026-07-09 09:00:31,email_open,阅读邮件（内部往来 2）,,,,kb.company.cn,,,,
H001796,2026-07-09 09:01:23,download,下载文档/更新包 26MB,,T1204.002,,,25666,,,
H004724,2026-07-09 09:04:49,email_click,误点了可疑链接（未输入凭据）,,T1566.001,,oa-login.cn,,,,
H001819,2026-07-09 09:07:21,email_open,阅读邮件（内部往来 2）,,,,kb.company.cn,,,,
H005614,2026-07-09 09:09:08,email_open,阅读邮件（内部往来 1）,,,,kb.company.cn,,,,
H004146,2026-07-09 09:10:47,web_visit,访问内部 OA/知识库,,T1071,,oa.company.cn,,,,
H001824,2026-07-09 09:10:48,email_open,阅读邮件（内部往来 1）,,,,oa.company.cn,,,,
H009816,2026-07-09 09:14:06,email_open,阅读邮件（内部往来 2）,,,,wiki.company.cn,,,,
H003923,2026-07-09 09:19:11,download,下载文档/更新包 9MB,,T1204.002,,,22967,,,
H004080,2026-07-09 09:20:06,upload,上传附件 15MB,,T1567,,docs.company.cn,13978,,,
H008164,2026-07-09 09:20:15,login,登录办公终端,,T1078,,,,,,
H001819,2026-07-09 09:22:32,dns_query,域名解析,,T1071.001,,taobao.com,,,,
H006311,2026-07-09 09:22:41,email_open,阅读邮件（内部往来 1）,,,,wiki.company.cn,,,,
H009979,2026-07-09 09:24:01,email_open,阅读邮件（内部往来 2）,,,,kb.company.cn,,,,
H009170,2026-07-09 09:26:21,web_visit,访问内部 OA/知识库,,T1071,,docs.company.cn,,,,
H003923,2026-07-09 09:29:05,email_open,阅读邮件（内部往来 3）,,,,wiki.company.cn,,,,
H003785,2026-07-09 09:29:30,dns_query,域名解析,,T1071.001,,taobao.com,,,,
H001796,2026-07-09 09:33:38,email_open,阅读邮件（内部往来 1）,,,,wiki.company.cn,,,,
H009816,2026-07-09 09:33:58,web_visit,访问内部 OA/知识库,,T1071,,wiki.company.cn,,,,
H004080,2026-07-09 09:40:09,download,下载文档/更新包 22MB,,T1204.002,,,38815,,,
H003893,2026-07-09 09:40:35,email_open,阅读邮件（内部往来 1）,,,,kb.company.cn,,,,
H006311,2026-07-09 09:40:59,failed_login,密码错误自动重试,,T1110.001,,,,,,
H003923,2026-07-09 09:45:46,login,登录办公终端,,T1078,,,,,,
H001269,2026-07-09 09:48:02,upload,上传附件 3MB,,T1567,,docs.company.cn,9225,,,
H007983,2026-07-09 09:52:26,email_open,阅读邮件（内部往来 1）,,,,kb.company.cn,,,,
H000466,2026-07-09 09:52:53,email_open,阅读邮件（内部往来 2）,,,,npm.company.cn,,,,
H003725,2026-07-09 09:55:26,email_open,阅读邮件（内部往来 3）,,,,docs.company.cn,,,,
H004763,2026-07-09 09:55:39,email_open,阅读邮件（内部往来 1）,,,,oa.company.cn,,,,
H008871,2026-07-09 09:56:27,download,下载文档/更新包 12MB,,T1204.002,,,23496,,,
H003725,2026-07-09 09:57:21,failed_login,密码错误自动重试,,T1110.001,,,,,,
H000763,2026-07-09 09:57:34,web_visit,访问内部 OA/知识库,,T1071,,mail.company.cn,,,,
H001419,2026-07-09 09:58:50,download,下载文档/更新包 21MB,,T1204.002,,,3546,,,
H006049,2026-07-09 10:06:36,dns_query,域名解析,,T1071.001,,jd.com,,,,
H001402,2026-07-09 10:07:17,email_open,阅读邮件（内部往来 2）,,,,mail.company.cn,,,,
H002907,2026-07-09 10:08:29,email_open,阅读邮件（内部往来 2）,,,,wiki.company.cn,,,,
H006049,2026-07-09 10:09:47,web_visit,访问内部 OA/知识库,,T1071,,npm.company.cn,,,,
H003752,2026-07-09 10:12:52,web_visit,访问内部 OA/知识库,,T1071,,docs.company.cn,,,,
H008164,2026-07-09 10:16:37,email_open,阅读邮件（内部往来 3）,,,,docs.company.cn,,,,
H000805,2026-07-09 10:18:21,login,登录办公终端,,T1078,,,,,,
H001796,2026-07-09 10:20:09,web_visit,访问内部 OA/知识库,,T1071,,docs.company.cn,,,,
H007512,2026-07-09 10:20:19,web_visit,访问内部 OA/知识库,,T1071,,wiki.company.cn,,,,
H001269,2026-07-09 10:20:33,email_open,阅读邮件（内部往来 1）,,,,oa.company.cn,,,,
H008164,2026-07-09 10:23:31,download,下载文档/更新包 15MB,,T1204.002,,,37527,,,
H006311,2026-07-09 10:25:08,login,登录办公终端,,T1078,,,,,,
H003785,2026-07-09 10:27:11,web_visit,访问内部 OA/知识库,,T1071,,wiki.company.cn,,,,
H000763,2026-07-09 10:31:08,upload,上传附件 8MB,,T1567,,docs.company.cn,2872,,,
H009698,2026-07-09 10:32:10,web_visit,访问内部 OA/知识库,,T1071,,docs.company.cn,,,,
H002907,2026-07-09 10:32:51,download,下载文档/更新包 44MB,,T1204.002,,,22226,,,
H004816,2026-07-09 10:32:52,download,下载文档/更新包 22MB,,T1204.002,,,37923,,,
H000564,2026-07-09 10:37:08,upload,上传附件 4MB,,T1567,,docs.company.cn,13969,,,
H002907,2026-07-09 10:37:17,email_open,阅读邮件（内部往来 3）,,,,kb.company.cn,,,,
H006738,2026-07-09 10:37:26,login,登录办公终端,,T1078,,,,,,
H008057,2026-07-09 10:37:43,login,登录办公终端,,T1078,,,,,,
H003752,2026-07-09 10:41:40,email_open,阅读邮件（内部往来 1）,,,,mail.company.cn,,,,
H004394,2026-07-09 10:44:34,web_visit,访问内部 OA/知识库,,T1071,,mail.company.cn,,,,
H006566,2026-07-09 10:47:00,login,登录办公终端,,T1078,,,,,,
H008154,2026-07-09 10:47:09,failed_login,密码错误自动重试,,T1110.001,,,,,,
H007983,2026-07-09 10:48:25,email_open,阅读邮件（内部往来 2）,,,,docs.company.cn,,,,
H003752,2026-07-09 10:48:29,download,下载文档/更新包 18MB,,T1204.002,,,28194,,,
H007458,2026-07-09 10:51:48,dns_query,域名解析,,T1071.001,,weibo.com,,,,
H000564,2026-07-09 10:54:05,web_visit,访问内部 OA/知识库,,T1071,,wiki.company.cn,,,,
H003043,2026-07-09 10:59:33,web_visit,访问内部 OA/知识库,,T1071,,npm.company.cn,,,,
H001402,2026-07-09 11:01:07,email_open,阅读邮件（内部往来 1）,,,,docs.company.cn,,,,
H008164,2026-07-09 11:03:00,email_open,阅读邮件（内部往来 1）,,,,oa.company.cn,,,,
H002774,2026-07-09 11:05:26,login,登录办公终端,,T1078,,,,,,
H009535,2026-07-09 11:05:38,web_visit,访问内部 OA/知识库,,T1071,,mail.company.cn,,,,
H004953,2026-07-09 11:06:38,login,登录办公终端,,T1078,,,,南京市,,
H006566,2026-07-09 11:09:51,email_open,阅读邮件（内部往来 2）,,,,mail.company.cn,,,,
H004953,2026-07-09 11:11:06,failed_login,密码错误自动重试,,T1110.001,,,,,,
H001419,2026-07-09 11:14:24,email_open,阅读邮件（内部往来 1）,,,,wiki.company.cn,,,,
H007129,2026-07-09 11:15:26,dns_query,域名解析,,T1071.001,,zhihu.com,,,,
H000466,2026-07-09 11:16:30,email_open,阅读邮件（内部往来 3）,,,,wiki.company.cn,,,,
H002774,2026-07-09 11:19:54,email_open,阅读邮件（内部往来 2）,,,,wiki.company.cn,,,,
H009698,2026-07-09 11:20:12,email_open,阅读邮件（内部往来 2）,,,,kb.company.cn,,,,
H001419,2026-07-09 11:24:01,failed_login,密码错误自动重试,,T1110.001,,,,,,
H003043,2026-07-09 11:24:18,email_open,阅读邮件（内部往来 1）,,,,oa.company.cn,,,,
H004080,2026-07-09 11:24:28,login,登录办公终端,,T1078,,,,,,
H005614,2026-07-09 11:28:13,dns_query,域名解析,,T1071.001,,jd.com,,,,
H003923,2026-07-09 11:28:53,email_open,阅读邮件（内部往来 2）,,,,wiki.company.cn,,,,
H001796,2026-07-09 11:29:07,login,登录办公终端,,T1078,,,,,,
H001819,2026-07-09 11:31:34,login,登录办公终端,,T1078,,,,,,
H004717,2026-07-09 11:32:59,email_open,阅读邮件（内部往来 3）,,,,mail.company.cn,,,,
H003043,2026-07-09 11:34:43,failed_login,密码错误自动重试,,T1110.001,,,,,,
H004950,2026-07-09 11:37:47,email_open,阅读邮件（内部往来 1）,,,,mail.company.cn,,,,
H001819,2026-07-09 11:37:53,download,下载文档/更新包 36MB,,T1204.002,,,29743,,,
H009535,2026-07-09 11:38:24,web_visit,访问内部 OA/知识库,,T1071,,mail.company.cn,,,,
H001419,2026-07-09 11:39:19,upload,上传附件 9MB,,T1567,,docs.company.cn,10681,,,
H007512,2026-07-09 11:41:48,failed_login,密码错误自动重试,,T1110.001,,,,,,
H003725,2026-07-09 11:42:17,web_visit,访问内部 OA/知识库,,T1071,,mail.company.cn,,,,
H008871,2026-07-09 11:47:03,email_open,阅读邮件（内部往来 1）,,,,wiki.company.cn,,,,
H005151,2026-07-09 11:50:46,web_visit,访问内部 OA/知识库,,T1071,,oa.company.cn,,,,
H007458,2026-07-09 11:54:17,failed_login,密码错误自动重试,,T1110.001,,,,,,
H008164,2026-07-09 11:58:48,failed_login,密码错误自动重试,,T1110.001,,,,,,
H004724,2026-07-09 12:07:46,web_visit,访问内部 OA/知识库,,T1071,,oa.company.cn,,,,
H009979,2026-07-09 12:08:40,login,登录办公终端,,T1078,,,,,,
H001796,2026-07-09 12:08:41,email_open,阅读邮件（内部往来 2）,,,,mail.company.cn,,,,
H009535,2026-07-09 12:16:16,failed_login,密码错误自动重试,,T1110.001,,,,,,
H001824,2026-07-09 12:22:22,dns_query,域名解析,,T1071.001,,weibo.com,,,,
H009535,2026-07-09 12:24:03,login,登录办公终端,,T1078,,,,,,
H008164,2026-07-09 12:25:17,web_visit,访问内部 OA/知识库,,T1071,,npm.company.cn,,,,
H004080,2026-07-09 12:30:56,web_visit,访问内部 OA/知识库,,T1071,,docs.company.cn,,,,
H009535,2026-07-09 12:33:01,dns_query,域名解析,,T1071.001,,weibo.com,,,,
H005496,2026-07-09 12:33:29,web_visit,访问内部 OA/知识库,,T1071,,oa.company.cn,,,,
H001824,2026-07-09 12:34:32,web_visit,访问内部 OA/知识库,,T1071,,wiki.company.cn,,,,
H000466,2026-07-09 12:39:34,web_visit,访问内部 OA/知识库,,T1071,,docs.company.cn,,,,
H005151,2026-07-09 12:48:42,login,登录办公终端,,T1078,,,,,,
H004080,2026-07-09 12:48:53,email_open,阅读邮件（内部往来 2）,,,,docs.company.cn,,,,
H006566,2026-07-09 13:08:08,web_visit,访问内部 OA/知识库,,T1071,,oa.company.cn,,,,
H008871,2026-07-09 13:11:52,login,登录办公终端,,T1078,,,,南京市,,
H009170,2026-07-09 13:15:59,login,登录办公终端,,T1078,,,,,,
H004717,2026-07-09 13:16:42,email_open,阅读邮件（内部往来 4）,,,,docs.company.cn,,,,
H003785,2026-07-09 13:21:56,login,登录办公终端,,T1078,,,,苏州市,,
H003725,2026-07-09 13:22:16,email_open,阅读邮件（内部往来 2）,,,,oa.company.cn,,,,
H007030,2026-07-09 13:25:28,web_visit,访问内部 OA/知识库,,T1071,,kb.company.cn,,,,
H009535,2026-07-09 13:25:54,failed_login,密码错误自动重试,,T1110.001,,,,,,
H004717,2026-07-09 13:27:52,email_open,阅读邮件（内部往来 1）,,,,wiki.company.cn,,,,
H004146,2026-07-09 13:32:05,dns_query,域名解析,,T1071.001,,npm.company.cn,,,,
H000763,2026-07-09 13:53:04,login,登录办公终端,,T1078,,,,,,
H008057,2026-07-09 14:01:11,failed_login,密码错误自动重试,,T1110.001,,,,,,
H007030,2026-07-09 14:06:06,email_open,阅读邮件（内部往来 2）,,,,npm.company.cn,,,,
H000805,2026-07-09 14:17:39,download,下载文档/更新包 13MB,,T1204.002,,,37290,,,
H007512,2026-07-09 14:20:16,dns_query,域名解析,,T1071.001,,baidu.com,,,,
H006738,2026-07-09 14:23:42,email_open,阅读邮件（内部往来 1）,,,,kb.company.cn,,,,
H006419,2026-07-09 14:26:09,download,下载文档/更新包 18MB,,T1204.002,,,9967,,,
H004717,2026-07-09 14:27:01,login,登录办公终端,,T1078,,,,,,
H004763,2026-07-09 14:27:39,web_visit,访问内部 OA/知识库,,T1071,,npm.company.cn,,,,
H000987,2026-07-09 14:36:45,web_visit,访问内部 OA/知识库,,T1071,,npm.company.cn,,,,
H004080,2026-07-09 14:37:42,web_visit,访问内部 OA/知识库,,T1071,,kb.company.cn,,,,
H004146,2026-07-09 14:38:16,email_open,阅读邮件（内部往来 1）,,,,npm.company.cn,,,,
H009170,2026-07-09 14:40:18,web_visit,访问内部 OA/知识库,,T1071,,oa.company.cn,,,,
H001547,2026-07-09 14:41:58,login,登录办公终端,,T1078,,,,南京市,,
H000564,2026-07-09 14:45:03,login,登录办公终端,,T1078,,,,,,
H007512,2026-07-09 14:48:32,login,登录办公终端,,T1078,,,,,,
H009816,2026-07-09 14:49:22,upload,上传附件 8MB,,T1567,,docs.company.cn,6758,,,
H004724,2026-07-09 14:54:50,login,登录办公终端,,T1078,,,,,,
H000987,2026-07-09 14:56:26,dns_query,域名解析,,T1071.001,,qq.com,,,,
H001419,2026-07-09 14:59:38,failed_login,密码错误自动重试,,T1110.001,,,,,,
H004724,2026-07-09 14:59:51,dns_query,域名解析,,T1071.001,,bilibili.com,,,,
H000763,2026-07-09 15:03:00,dns_query,域名解析,,T1071.001,,jd.com,,,,
H004717,2026-07-09 15:05:32,email_open,阅读邮件（内部往来 2）,,,,wiki.company.cn,,,,
H007030,2026-07-09 15:06:34,login,登录办公终端,,T1078,,,,西安市,,
H003725,2026-07-09 15:07:32,failed_login,密码错误自动重试,,T1110.001,,,,,,
H009816,2026-07-09 15:11:30,email_open,阅读邮件（内部往来 1）,,,,npm.company.cn,,,,
H000564,2026-07-09 15:13:56,web_visit,访问内部 OA/知识库,,T1071,,mail.company.cn,,,,
H008871,2026-07-09 15:14:53,upload,上传附件 6MB,,T1567,,docs.company.cn,7802,,,
H001824,2026-07-09 15:14:55,download,下载文档/更新包 30MB,,T1204.002,,,32394,,,
H001269,2026-07-09 15:15:15,web_visit,访问内部 OA/知识库,,T1071,,kb.company.cn,,,,
H004816,2026-07-09 15:19:21,dns_query,域名解析,,T1071.001,,wiki.company.cn,,,,
H004394,2026-07-09 15:20:49,email_open,阅读邮件（内部往来 2）,,,,wiki.company.cn,,,,
H009816,2026-07-09 15:21:08,dns_query,域名解析,,T1071.001,,mail.company.cn,,,,
H009698,2026-07-09 15:29:04,email_open,阅读邮件（内部往来 1）,,,,docs.company.cn,,,,
H007983,2026-07-09 15:30:07,web_visit,访问内部 OA/知识库,,T1071,,mail.company.cn,,,,
H004763,2026-07-09 15:31:30,email_open,阅读邮件（内部往来 2）,,,,npm.company.cn,,,,
H004950,2026-07-09 15:32:54,failed_login,密码错误自动重试,,T1110.001,,,,,,
H009698,2026-07-09 15:33:33,dns_query,域名解析,,T1071.001,,mail.company.cn,,,,
H000564,2026-07-09 15:36:15,failed_login,密码错误自动重试,,T1110.001,,,,,,
H003893,2026-07-09 15:37:35,web_visit,访问内部 OA/知识库,,T1071,,kb.company.cn,,,,
H001269,2026-07-09 15:38:41,login,登录办公终端,,T1078,,,,,,
H007983,2026-07-09 15:46:15,download,下载文档/更新包 36MB,,T1204.002,,,10952,,,
H003725,2026-07-09 15:47:30,upload,上传附件 9MB,,T1567,,docs.company.cn,1113,,,
H000466,2026-07-09 15:48:48,login,登录办公终端,,T1078,,,,,,
H006311,2026-07-09 15:49:34,web_visit,访问内部 OA/知识库,,T1071,,kb.company.cn,,,,
H005600,2026-07-09 15:52:37,failed_login,密码错误自动重试,,T1110.001,,,,,,
H000805,2026-07-09 15:53:02,failed_login,密码错误自动重试,,T1110.001,,,,,,
H004763,2026-07-09 15:54:43,web_visit,访问内部 OA/知识库,,T1071,,mail.company.cn,,,,
H006049,2026-07-09 15:56:03,login,登录办公终端,,T1078,,,,,,
H003725,2026-07-09 15:56:04,web_visit,访问内部 OA/知识库,,T1071,,wiki.company.cn,,,,
H003785,2026-07-09 15:57:29,email_open,阅读邮件（内部往来 1）,,,,wiki.company.cn,,,,
H003043,2026-07-09 16:00:27,cleanup,清理回收站与临时文件,,T1070.004,,,,,,
H007458,2026-07-09 16:02:49,failed_login,密码错误自动重试,,T1110.001,,,,,,
H007983,2026-07-09 16:09:44,email_open,阅读邮件（内部往来 4）,,,,wiki.company.cn,,,,
H003725,2026-07-09 16:10:09,email_open,阅读邮件（内部往来 1）,,,,wiki.company.cn,,,,
H006566,2026-07-09 16:12:16,email_open,阅读邮件（内部往来 1）,,,,wiki.company.cn,,,,
H003893,2026-07-09 16:14:05,failed_login,密码错误自动重试,,T1110.001,,,,,,
H008871,2026-07-09 16:14:43,web_visit,访问内部 OA/知识库,,T1071,,docs.company.cn,,,,
H006373,2026-07-09 16:17:50,failed_login,密码错误自动重试,,T1110.001,,,,,,
H001824,2026-07-09 16:19:56,web_visit,访问内部 OA/知识库,,T1071,,wiki.company.cn,,,,
H006113,2026-07-09 16:21:25,dns_query,域名解析,,T1071.001,,docs.company.cn,,,,
H002774,2026-07-09 16:22:32,web_visit,访问内部 OA/知识库,,T1071,,wiki.company.cn,,,,
H007512,2026-07-09 16:22:47,email_open,阅读邮件（内部往来 1）,,,,wiki.company.cn,,,,
H003923,2026-07-09 16:23:42,upload,上传附件 13MB,,T1567,,docs.company.cn,1612,,,
H009979,2026-07-09 16:25:21,web_visit,访问内部 OA/知识库,,T1071,,npm.company.cn,,,,
H007030,2026-07-09 16:32:57,email_open,阅读邮件（内部往来 1）,,,,docs.company.cn,,,,
H000466,2026-07-09 16:33:52,email_open,阅读邮件（内部往来 1）,,,,docs.company.cn,,,,
H004394,2026-07-09 16:37:05,login,登录办公终端,,T1078,,,,,,
H007983,2026-07-09 16:37:48,email_open,阅读邮件（内部往来 3）,,,,kb.company.cn,,,,
H006738,2026-07-09 16:39:49,email_open,阅读邮件（内部往来 2）,,,,kb.company.cn,,,,
H004724,2026-07-09 16:41:52,email_open,阅读邮件（内部往来 1）,,,,kb.company.cn,,,,
H004763,2026-07-09 16:45:21,login,登录办公终端,,T1078,,,,,,
H009816,2026-07-09 16:51:28,login,登录办公终端,,T1078,,,,东莞市,,
H001547,2026-07-09 16:54:41,email_open,阅读邮件（内部往来 1）,,,,wiki.company.cn,,,,
H006419,2026-07-09 16:58:34,web_visit,访问内部 OA/知识库,,T1071,,mail.company.cn,,,,
H004146,2026-07-09 16:59:42,email_open,阅读邮件（内部往来 2）,,,,mail.company.cn,,,,
H003923,2026-07-09 17:00:47,email_open,阅读邮件（内部往来 1）,,,,mail.company.cn,,,,
H006738,2026-07-09 17:01:04,download,下载文档/更新包 38MB,,T1204.002,,,4362,,,
H006419,2026-07-09 17:03:17,web_visit,访问内部 OA/知识库,,T1071,,kb.company.cn,,,,
H003725,2026-07-09 17:05:47,login,登录办公终端,,T1078,,,,,,
H008871,2026-07-09 17:07:58,web_visit,访问内部 OA/知识库,,T1071,,wiki.company.cn,,,,
H003893,2026-07-09 17:12:01,download,下载文档/更新包 33MB,,T1204.002,,,44175,,,
H006113,2026-07-09 17:15:38,login,登录办公终端,,T1078,,,,武汉市,,
H007512,2026-07-09 17:19:57,email_open,阅读邮件（内部往来 2）,,,,docs.company.cn,,,,
H005614,2026-07-09 17:20:52,login,登录办公终端,,T1078,,,,西安市,,
H007983,2026-07-09 17:20:54,login,登录办公终端,,T1078,,,,,,
H007129,2026-07-09 17:24:14,email_open,阅读邮件（内部往来 1）,,,,kb.company.cn,,,,
H002223,2026-07-09 17:25:21,web_visit,访问内部 OA/知识库,,T1071,,oa.company.cn,,,,
H007129,2026-07-09 17:30:47,login,登录办公终端,,T1078,,,,,,
H007129,2026-07-09 17:33:47,web_visit,访问内部 OA/知识库,,T1071,,npm.company.cn,,,,
H009535,2026-07-09 17:33:54,email_open,阅读邮件（内部往来 1）,,,,wiki.company.cn,,,,
H006113,2026-07-09 17:35:14,upload,上传附件 15MB,,T1567,,docs.company.cn,6021,,,
H008164,2026-07-09 17:37:43,web_visit,访问内部 OA/知识库,,T1071,,oa.company.cn,,,,
H006738,2026-07-09 17:37:44,web_visit,访问内部 OA/知识库,,T1071,,docs.company.cn,,,,
H004146,2026-07-09 17:39:25,download,下载文档/更新包 37MB,,T1204.002,,,39551,,,
H008154,2026-07-09 17:40:40,login,登录办公终端,,T1078,,,,,,
H004950,2026-07-09 17:41:42,login,登录办公终端,,T1078,,,,,,
H002223,2026-07-09 17:44:55,login,登录办公终端,,T1078,,,,苏州市,,
H005151,2026-07-09 17:45:12,web_visit,访问内部 OA/知识库,,T1071,,oa.company.cn,,,,
H002774,2026-07-09 17:45:41,web_visit,访问内部 OA/知识库,,T1071,,wiki.company.cn,,,,
H002907,2026-07-09 17:46:36,email_open,阅读邮件（内部往来 1）,,,,npm.company.cn,,,,
H003923,2026-07-09 17:52:04,failed_login,密码错误自动重试,,T1110.001,,,,,,
H005496,2026-07-09 17:53:24,failed_login,密码错误自动重试,,T1110.001,,,,,,
H000987,2026-07-09 17:54:21,login,登录办公终端,,T1078,,,,天津市,,
H003725,2026-07-09 17:55:46,failed_login,密码错误自动重试,,T1110.001,,,,,,
H009170,2026-07-09 17:59:06,email_open,阅读邮件（内部往来 1）,,,,kb.company.cn,,,,
H009979,2026-07-09 18:00:09,email_open,阅读邮件（内部往来 1）,,,,docs.company.cn,,,,
H003043,2026-07-09 18:00:16,login,登录办公终端,,T1078,,,,,,
H000466,2026-07-09 18:02:31,email_open,阅读邮件（内部往来 4）,,,,npm.company.cn,,,,
H003752,2026-07-09 18:04:25,login,登录办公终端,,T1078,,,,,,
H002907,2026-07-09 18:08:24,login,登录办公终端,,T1078,,,,,,
H009535,2026-07-09 18:11:00,download,下载文档/更新包 9MB,,T1204.002,,,29100,,,
H001402,2026-07-09 18:13:44,login,登录办公终端,,T1078,,,,,,
H001819,2026-07-09 18:16:15,email_open,阅读邮件（内部往来 1）,,,,oa.company.cn,,,,
H005496,2026-07-09 18:16:46,dns_query,域名解析,,T1071.001,,baidu.com,,,,
H004816,2026-07-09 18:18:12,login,登录办公终端,,T1078,,,,,,
H005600,2026-07-09 18:19:43,login,登录办公终端,,T1078,,,,,,
H001402,2026-07-09 18:29:21,failed_login,密码错误自动重试,,T1110.001,,,,,,
H003893,2026-07-09 18:30:10,web_visit,访问内部 OA/知识库,,T1071,,docs.company.cn,,,,
H003893,2026-07-09 18:31:16,failed_login,密码错误自动重试,,T1110.001,,,,,,
H002223,2026-07-09 18:33:56,dns_query,域名解析,,T1071.001,,github.com,,,,
H004724,2026-07-09 18:38:13,email_open,阅读邮件（内部往来 2）,,,,docs.company.cn,,,,
H007458,2026-07-09 18:41:51,failed_login,密码错误自动重试,,T1110.001,,,,,,
H004394,2026-07-09 18:45:53,email_open,阅读邮件（内部往来 3）,,,,oa.company.cn,,,,
H007030,2026-07-09 18:46:31,failed_login,密码错误自动重试,,T1110.001,,,,,,
H004950,2026-07-09 19:10:08,email_open,阅读邮件（内部往来 2）,,,,docs.company.cn,,,,
H009698,2026-07-09 19:12:13,login,登录办公终端,,T1078,,,,,,
H006373,2026-07-09 19:31:15,failed_login,密码错误自动重试,,T1110.001,,,,,,
H009698,2026-07-09 19:39:24,web_visit,访问内部 OA/知识库,,T1071,,mail.company.cn,,,,
H001547,2026-07-09 19:39:33,web_visit,访问内部 OA/知识库,,T1071,,oa.company.cn,,,,
H004724,2026-07-09 19:45:26,download,下载文档/更新包 2MB,,T1204.002,,,28191,,,
H006419,2026-07-09 19:45:39,login,登录办公终端,,T1078,,,,南京市,,
H001402,2026-07-09 19:45:49,dns_query,域名解析,,T1071.001,,oa.company.cn,,,,
H006049,2026-07-09 19:46:44,email_open,阅读邮件（内部往来 1）,,,,npm.company.cn,,,,
H005151,2026-07-09 19:48:21,download,下载文档/更新包 6MB,,T1204.002,,,18394,,,
H002223,2026-07-09 19:51:04,email_open,阅读邮件（内部往来 1）,,,,mail.company.cn,,,,
H006738,2026-07-09 20:00:23,email_open,阅读邮件（内部往来 3）,,,,wiki.company.cn,,,,
H000805,2026-07-09 20:02:28,web_visit,访问内部 OA/知识库,,T1071,,mail.company.cn,,,,
H006113,2026-07-09 20:04:20,email_open,阅读邮件（内部往来 1）,,,,oa.company.cn,,,,
H008871,2026-07-09 20:05:49,dns_query,域名解析,,T1071.001,,npm.company.cn,,,,
H004146,2026-07-09 20:06:56,login,登录办公终端,,T1078,,,,,,
H006113,2026-07-09 20:17:41,failed_login,密码错误自动重试,,T1110.001,,,,,,
H006373,2026-07-09 20:20:10,login,登录办公终端,,T1078,,,,苏州市,,
H009979,2026-07-09 20:23:26,web_visit,访问内部 OA/知识库,,T1071,,wiki.company.cn,,,,
H004953,2026-07-09 20:42:12,download,下载文档/更新包 45MB,,T1204.002,,,8448,,,
H002844,2026-07-09 20:42:26,login,登录办公终端,,T1078,,,,苏州市,,
H002223,2026-07-09 21:04:36,web_visit,访问内部 OA/知识库,,T1071,,docs.company.cn,,,,
H007030,2026-07-09 21:06:03,web_visit,访问内部 OA/知识库,,T1071,,wiki.company.cn,,,,
H005600,2026-07-09 21:15:23,email_open,阅读邮件（内部往来 1）,,,,mail.company.cn,,,,
H005600,2026-07-09 21:26:00,web_visit,访问内部 OA/知识库,,T1071,,wiki.company.cn,,,,
H003923,2026-07-09 21:35:23,dns_query,域名解析,,T1071.001,,docs.company.cn,,,,
H002844,2026-07-09 21:43:15,web_visit,访问内部 OA/知识库,,T1071,,docs.company.cn,,,,
H004717,2026-07-09 21:47:11,web_visit,访问内部 OA/知识库,,T1071,,mail.company.cn,,,,
H007030,2026-07-09 22:13:31,upload,上传附件 12MB,,T1567,,docs.company.cn,13548,,,
H003893,2026-07-09 22:20:43,email_open,阅读邮件（内部往来 2）,,,,oa.company.cn,,,,
H005614,2026-07-09 22:36:41,email_open,阅读邮件（内部往来 2）,,,,docs.company.cn,,,,
H000763,2026-07-09 22:39:26,email_open,阅读邮件（内部往来 1）,,,,wiki.company.cn,,,,
H002223,2026-07-09 23:26:35,email_open,阅读邮件（内部往来 2）,,,,docs.company.cn,,,,
H006113,2026-07-10 00:20:37,login,登录办公终端,,T1078,,,,武汉市,,
H003785,2026-07-10 00:57:46,email_open,阅读邮件（内部往来 2）,,,,docs.company.cn,,,,
H004080,2026-07-10 05:05:51,login,登录办公终端,,T1078,,,,,,
H002907,2026-07-10 05:29:38,web_visit,访问内部 OA/知识库,,T1071,,oa.company.cn,,,,
H009691,2026-07-10 06:33:56,login,登录办公终端,,T1078,,,,东莞市,,
H006311,2026-07-10 07:00:07,web_visit,访问内部 OA/知识库,,T1071,,kb.company.cn,,,,
H004080,2026-07-10 07:02:53,dns_query,域名解析,,T1071.001,,weibo.com,,,,
H003416,2026-07-10 07:06:21,email_open,阅读邮件（内部往来 2）,,,,mail.company.cn,,,,
H008057,2026-07-10 07:08:08,web_visit,访问内部 OA/知识库,,T1071,,docs.company.cn,,,,
H001177,2026-07-10 07:12:05,dns_query,域名解析,,T1071.001,,npm.company.cn,,,,
H001419,2026-07-10 07:34:46,email_open,阅读邮件（内部往来 1）,,,,docs.company.cn,,,,
H004724,2026-07-10 07:42:30,email_open,阅读邮件（内部往来 1）,,,,mail.company.cn,,,,
H005988,2026-07-10 07:59:16,web_visit,访问内部 OA/知识库,,T1071,,wiki.company.cn,,,,
H008214,2026-07-10 08:00:22,login,登录办公终端,,T1078,,,,东莞市,,
H004362,2026-07-10 08:03:47,failed_login,密码错误自动重试,,T1110.001,,,,,,
H000438,2026-07-10 08:07:19,email_open,阅读邮件（内部往来 1）,,,,npm.company.cn,,,,
H000527,2026-07-10 08:14:19,web_visit,访问内部 OA/知识库,,T1071,,mail.company.cn,,,,
H006750,2026-07-10 08:16:06,email_open,阅读邮件（内部往来 1）,,,,oa.company.cn,,,,
H001419,2026-07-10 08:17:14,web_visit,访问内部 OA/知识库,,T1071,,kb.company.cn,,,,
H003416,2026-07-10 08:23:00,failed_login,密码错误自动重试,,T1110.001,,,,,,
H001651,2026-07-10 08:25:29,web_visit,访问内部 OA/知识库,,T1071,,npm.company.cn,,,,
H002479,2026-07-10 08:26:17,dns_query,域名解析,,T1071.001,,zhihu.com,,,,
H008154,2026-07-10 08:28:08,email_open,阅读邮件（内部往来 1）,,,,npm.company.cn,,,,
H006738,2026-07-10 08:29:16,web_visit,访问内部 OA/知识库,,T1071,,wiki.company.cn,,,,
H007500,2026-07-10 08:30:18,login,登录办公终端,,T1078,,,,,,
H001668,2026-07-10 08:31:38,email_open,阅读邮件（内部往来 1）,,,,npm.company.cn,,,,
H006750,2026-07-10 08:50:25,download,下载文档/更新包 31MB,,T1204.002,,,24665,,,
H002479,2026-07-10 08:54:02,web_visit,访问内部 OA/知识库,,T1071,,oa.company.cn,,,,
H004394,2026-07-10 08:56:28,login,登录办公终端,,T1078,,,,,,
H008931,2026-07-10 08:56:47,web_visit,访问内部 OA/知识库,,T1071,,wiki.company.cn,,,,
H009816,2026-07-10 08:58:33,login,登录办公终端,,T1078,,,,东莞市,,
H006311,2026-07-10 09:02:40,email_open,阅读邮件（内部往来 2）,,,,oa.company.cn,,,,
H003043,2026-07-10 09:02:59,web_visit,访问内部 OA/知识库,,T1071,,docs.company.cn,,,,
H009698,2026-07-10 09:03:24,failed_login,密码错误自动重试,,T1110.001,,,,,,
H005600,2026-07-10 09:04:53,login,登录办公终端,,T1078,,,,,,
H005220,2026-07-10 09:06:46,web_visit,访问内部 OA/知识库,,T1071,,oa.company.cn,,,,
H009691,2026-07-10 09:10:00,email_open,阅读邮件（内部往来 1）,,,,oa.company.cn,,,,
H002540,2026-07-10 09:10:48,login,登录办公终端,,T1078,,,,,,
H005988,2026-07-10 09:13:25,upload,上传附件 8MB,,T1567,,docs.company.cn,5726,,,
H001419,2026-07-10 09:14:04,web_visit,访问内部 OA/知识库,,T1071,,npm.company.cn,,,,
H000438,2026-07-10 09:14:27,email_open,阅读邮件（内部往来 2）,,,,oa.company.cn,,,,
H005767,2026-07-10 09:15:53,dns_query,域名解析,,T1071.001,,docs.company.cn,,,,
H004146,2026-07-10 09:23:33,email_open,阅读邮件（内部往来 2）,,,,kb.company.cn,,,,
H005767,2026-07-10 09:23:36,web_visit,访问内部 OA/知识库,,T1071,,mail.company.cn,,,,
H008871,2026-07-10 09:25:37,failed_login,密码错误自动重试,,T1110.001,,,,,,
H001721,2026-07-10 09:26:57,web_visit,访问内部 OA/知识库,,T1071,,npm.company.cn,,,,
H001547,2026-07-10 09:28:07,email_open,阅读邮件（内部往来 2）,,,,docs.company.cn,,,,
H007458,2026-07-10 09:31:00,dns_query,域名解析,,T1071.001,,zhihu.com,,,,
H007458,2026-07-10 09:32:00,login,登录办公终端,,T1078,,,,,,
H004724,2026-07-10 09:34:25,web_visit,访问内部 OA/知识库,,T1071,,oa.company.cn,,,,
H001402,2026-07-10 09:36:02,login,登录办公终端,,T1078,,,,,,
H001177,2026-07-10 09:36:06,login,登录办公终端,,T1078,,,,,,
H000117,2026-07-10 09:36:26,web_visit,访问内部 OA/知识库,,T1071,,npm.company.cn,,,,
H001419,2026-07-10 09:46:08,dns_query,域名解析,,T1071.001,,kb.company.cn,,,,
H001796,2026-07-10 09:49:05,login,登录办公终端,,T1078,,,,,,
H006566,2026-07-10 09:50:40,email_open,阅读邮件（内部往来 1）,,,,npm.company.cn,,,,
H002844,2026-07-10 09:51:26,dns_query,域名解析,,T1071.001,,weibo.com,,,,
H009982,2026-07-10 09:53:41,login,登录办公终端,,T1078,,,,东莞市,,
H003910,2026-07-10 09:54:00,login,登录办公终端,,T1078,,,,,,
H006566,2026-07-10 09:54:40,download,下载文档/更新包 37MB,,T1204.002,,,19096,,,
H009979,2026-07-10 09:55:54,email_open,阅读邮件（内部往来 3）,,,,oa.company.cn,,,,
H009698,2026-07-10 09:57:02,email_open,阅读邮件（内部往来 1）,,,,wiki.company.cn,,,,
H004950,2026-07-10 09:57:53,login,登录办公终端,,T1078,,,,,,
H006049,2026-07-10 10:04:00,login,登录办公终端,,T1078,,,,,,
H003416,2026-07-10 10:04:12,download,下载文档/更新包 6MB,,T1204.002,,,13252,,,
H004724,2026-07-10 10:05:00,web_visit,访问内部 OA/知识库,,T1071,,npm.company.cn,,,,
H007030,2026-07-10 10:05:00,web_visit,访问内部 OA/知识库,,T1071,,docs.company.cn,,,,
H003923,2026-07-10 10:06:58,failed_login,密码错误自动重试,,T1110.001,,,,,,
H003923,2026-07-10 10:08:56,web_visit,访问内部 OA/知识库,,T1071,,oa.company.cn,,,,
H000527,2026-07-10 10:15:37,login,登录办公终端,,T1078,,,,,,
H001547,2026-07-10 10:16:52,email_open,阅读邮件（内部往来 1）,,,,npm.company.cn,,,,
H004058,2026-07-10 10:17:23,email_open,阅读邮件（内部往来 2）,,,,kb.company.cn,,,,
H009979,2026-07-10 10:18:00,failed_login,密码错误自动重试,,T1110.001,,,,,,
H006738,2026-07-10 10:22:30,login,登录办公终端,,T1078,,,,,,
H000438,2026-07-10 10:25:06,failed_login,密码错误自动重试,,T1110.001,,,,,,
H003923,2026-07-10 10:26:10,download,下载文档/更新包 25MB,,T1204.002,,,36772,,,
H004146,2026-07-10 10:26:41,email_open,阅读邮件（内部往来 1）,,,,kb.company.cn,,,,
H009979,2026-07-10 10:28:32,email_open,阅读邮件（内部往来 1）,,,,wiki.company.cn,,,,
H002844,2026-07-10 10:32:33,email_open,阅读邮件（内部往来 1）,,,,oa.company.cn,,,,
H004146,2026-07-10 10:37:00,dns_query,域名解析,,T1071.001,,docs.company.cn,,,,
H006311,2026-07-10 10:38:28,email_open,阅读邮件（内部往来 1）,,,,npm.company.cn,,,,
H001668,2026-07-10 10:41:09,login,登录办公终端,,T1078,,,,,,
H004360,2026-07-10 10:41:10,download,下载文档/更新包 12MB,,T1204.002,,,37092,,,
H000987,2026-07-10 10:42:54,login,登录办公终端,,T1078,,,,天津市,,
H004724,2026-07-10 10:43:33,email_open,阅读邮件（内部往来 3）,,,,docs.company.cn,,,,
H003043,2026-07-10 10:44:46,web_visit,访问内部 OA/知识库,,T1071,,oa.company.cn,,,,
H004950,2026-07-10 10:49:02,web_visit,访问内部 OA/知识库,,T1071,,npm.company.cn,,,,
H003973,2026-07-10 10:54:06,web_visit,访问内部 OA/知识库,,T1071,,npm.company.cn,,,,
H004362,2026-07-10 10:54:50,dns_query,域名解析,,T1071.001,,wiki.company.cn,,,,
H001419,2026-07-10 10:57:00,login,登录办公终端,,T1078,,,,,,
H003973,2026-07-10 11:03:24,login,登录办公终端,,T1078,,,,,,
H008057,2026-07-10 11:05:11,login,登录办公终端,,T1078,,,,,,
H003923,2026-07-10 11:06:12,email_open,阅读邮件（内部往来 2）,,,,oa.company.cn,,,,
H004146,2026-07-10 11:07:15,web_visit,访问内部 OA/知识库,,T1071,,kb.company.cn,,,,
H002907,2026-07-10 11:07:57,login,登录办公终端,,T1078,,,,,,
H001547,2026-07-10 11:08:12,dns_query,域名解析,,T1071.001,,kb.company.cn,,,,
H008154,2026-07-10 11:12:00,email_open,阅读邮件（内部往来 2）,,,,mail.company.cn,,,,
H006750,2026-07-10 11:16:28,web_visit,访问内部 OA/知识库,,T1071,,kb.company.cn,,,,
H003923,2026-07-10 11:18:44,login,登录办公终端,,T1078,,,,,,
H004394,2026-07-10 11:25:57,web_visit,访问内部 OA/知识库,,T1071,,mail.company.cn,,,,
H008214,2026-07-10 11:27:16,download,下载文档/更新包 13MB,,T1204.002,,,11836,,,
H000438,2026-07-10 11:28:36,web_visit,访问内部 OA/知识库,,T1071,,oa.company.cn,,,,
H004950,2026-07-10 11:28:57,web_visit,访问内部 OA/知识库,,T1071,,npm.company.cn,,,,
H005600,2026-07-10 11:36:46,dns_query,域名解析,,T1071.001,,taobao.com,,,,
H002540,2026-07-10 11:39:01,dns_query,域名解析,,T1071.001,,mail.company.cn,,,,
H001796,2026-07-10 11:41:13,dns_query,域名解析,,T1071.001,,taobao.com,,,,
H001721,2026-07-10 11:42:25,email_open,阅读邮件（内部往来 1）,,,,oa.company.cn,,,,
H004080,2026-07-10 11:54:14,download,下载文档/更新包 22MB,,T1204.002,,,20704,,,
H003043,2026-07-10 11:54:42,login,登录办公终端,,T1078,,,,,,
H002540,2026-07-10 11:56:37,email_open,阅读邮件（内部往来 1）,,,,npm.company.cn,,,,
H009979,2026-07-10 11:56:56,failed_login,密码错误自动重试,,T1110.001,,,,,,
H000527,2026-07-10 11:57:32,email_open,阅读邮件（内部往来 2）,,,,kb.company.cn,,,,
H004724,2026-07-10 11:59:02,login,登录办公终端,,T1078,,,,,,
H009816,2026-07-10 12:00:53,web_visit,访问内部 OA/知识库,,T1071,,wiki.company.cn,,,,
H000117,2026-07-10 12:02:13,dns_query,域名解析,,T1071.001,,bilibili.com,,,,
H008931,2026-07-10 12:05:37,download,下载文档/更新包 33MB,,T1204.002,,,38542,,,
H004362,2026-07-10 12:10:25,login,登录办公终端,,T1078,,,,,,
H000805,2026-07-10 12:20:46,login,登录办公终端,,T1078,,,,,,
H000527,2026-07-10 12:23:38,failed_login,密码错误自动重试,,T1110.001,,,,,,
H003043,2026-07-10 12:24:17,email_open,阅读邮件（内部往来 1）,,,,mail.company.cn,,,,
H004564,2026-07-10 12:30:07,email_open,阅读邮件（内部往来 2）,,,,docs.company.cn,,,,
H003416,2026-07-10 12:35:49,email_open,阅读邮件（内部往来 1）,,,,docs.company.cn,,,,
H004953,2026-07-10 12:37:05,failed_login,密码错误自动重试,,T1110.001,,,,,,
H002540,2026-07-10 12:39:13,download,下载文档/更新包 5MB,,T1204.002,,,13898,,,
H004717,2026-07-10 12:39:52,login,登录办公终端,,T1078,,,,,,
H004953,2026-07-10 12:43:29,failed_login,密码错误自动重试,,T1110.001,,,,,,
H004724,2026-07-10 12:44:51,dns_query,域名解析,,T1071.001,,qq.com,,,,
H006750,2026-07-10 12:45:17,login,登录办公终端,,T1078,,,,,,
H004564,2026-07-10 12:48:47,login,登录办公终端,,T1078,,,,,,
H009698,2026-07-10 12:50:28,login,登录办公终端,,T1078,,,,,,
H007512,2026-07-10 12:51:50,web_visit,访问内部 OA/知识库,,T1071,,kb.company.cn,,,,
H005600,2026-07-10 12:52:19,web_visit,访问内部 OA/知识库,,T1071,,oa.company.cn,,,,
H004146,2026-07-10 12:56:05,email_open,阅读邮件（内部往来 3）,,,,kb.company.cn,,,,
H005988,2026-07-10 13:00:50,web_visit,访问内部 OA/知识库,,T1071,,kb.company.cn,,,,
H005496,2026-07-10 13:00:57,upload,外发数据 14MB（含客户名单片段）,exfil,T1567,evasive,share-doc.company.cn,14336,,,
H000763,2026-07-10 13:03:21,dns_query,域名解析,,T1071.001,,baidu.com,,,,
H004564,2026-07-10 13:04:26,email_open,阅读邮件（内部往来 1）,,,,docs.company.cn,,,,
H009982,2026-07-10 13:06:42,upload,上传附件 14MB,,T1567,,docs.company.cn,5050,,,
H008871,2026-07-10 13:10:44,login,登录办公终端,,T1078,,,,南京市,,
H009816,2026-07-10 13:12:12,failed_login,密码错误自动重试,,T1110.001,,,,,,
H000763,2026-07-10 13:12:15,login,登录办公终端,,T1078,,,,,,
H001651,2026-07-10 13:16:01,failed_login,密码错误自动重试,,T1110.001,,,,,,
H008214,2026-07-10 13:18:23,failed_login,密码错误自动重试,,T1110.001,,,,,,
H001819,2026-07-10 13:21:04,login,登录办公终端,,T1078,,,,,,
H005614,2026-07-10 13:27:22,failed_login,密码错误自动重试,,T1110.001,,,,,,
H007500,2026-07-10 13:27:53,web_visit,访问内部 OA/知识库,,T1071,,mail.company.cn,,,,
H001819,2026-07-10 13:33:26,email_open,阅读邮件（内部往来 1）,,,,kb.company.cn,,,,
H002540,2026-07-10 13:35:36,email_open,阅读邮件（内部往来 2）,,,,wiki.company.cn,,,,
H007030,2026-07-10 13:41:59,email_open,阅读邮件（内部往来 1）,,,,kb.company.cn,,,,
H001177,2026-07-10 13:50:36,email_open,阅读邮件（内部往来 2）,,,,mail.company.cn,,,,
H009979,2026-07-10 13:50:57,failed_login,密码错误自动重试,,T1110.001,,,,,,
H006373,2026-07-10 13:53:08,web_visit,访问内部 OA/知识库,,T1071,,docs.company.cn,,,,
H004146,2026-07-10 13:55:30,failed_login,密码错误自动重试,,T1110.001,,,,,,
H009170,2026-07-10 13:55:41,email_open,阅读邮件（内部往来 1）,,,,oa.company.cn,,,,
H004724,2026-07-10 13:56:17,email_open,阅读邮件（内部往来 2）,,,,wiki.company.cn,,,,
H005767,2026-07-10 13:59:20,web_visit,访问内部 OA/知识库,,T1071,,npm.company.cn,,,,
H001651,2026-07-10 14:02:00,login,登录办公终端,,T1078,,,,,,
H001402,2026-07-10 14:07:31,web_visit,访问内部 OA/知识库,,T1071,,kb.company.cn,,,,
H009170,2026-07-10 14:17:24,login,登录办公终端,,T1078,,,,,,
H004717,2026-07-10 14:17:36,email_open,阅读邮件（内部往来 2）,,,,npm.company.cn,,,,
H006566,2026-07-10 14:18:39,failed_login,密码错误自动重试,,T1110.001,,,,,,
H006113,2026-07-10 14:19:24,failed_login,密码错误自动重试,,T1110.001,,,,,,
H003923,2026-07-10 14:22:17,dns_query,域名解析,,T1071.001,,qq.com,,,,
H007030,2026-07-10 14:24:40,failed_login,密码错误自动重试,,T1110.001,,,,,,
H007030,2026-07-10 14:29:08,login,登录办公终端,,T1078,,,,西安市,,
H008154,2026-07-10 14:29:28,failed_login,密码错误自动重试,,T1110.001,,,,,,
H001796,2026-07-10 14:41:41,email_open,阅读邮件（内部往来 1）,,,,npm.company.cn,,,,
H001419,2026-07-10 14:42:22,email_open,阅读邮件（内部往来 2）,,,,docs.company.cn,,,,
H006049,2026-07-10 14:42:54,dns_query,域名解析,,T1071.001,,bilibili.com,,,,
H009698,2026-07-10 14:45:05,download,下载文档/更新包 14MB,,T1204.002,,,16555,,,
H004816,2026-07-10 14:45:54,sensitive_access,查询项目文档（本职工作）,,T1005,,,,,,
H006049,2026-07-10 14:46:59,web_visit,访问内部 OA/知识库,,T1071,,mail.company.cn,,,,
H003923,2026-07-10 14:50:52,email_open,阅读邮件（内部往来 1）,,,,docs.company.cn,,,,
H008057,2026-07-10 14:51:14,email_open,阅读邮件（内部往来 1）,,,,kb.company.cn,,,,
H007500,2026-07-10 14:53:42,web_visit,访问内部 OA/知识库,,T1071,,oa.company.cn,,,,
H009979,2026-07-10 14:55:35,login,登录办公终端,,T1078,,,,,,
H001796,2026-07-10 15:00:33,email_open,阅读邮件（内部往来 3）,,,,npm.company.cn,,,,
H009903,2026-07-10 15:02:55,email_open,阅读邮件（内部往来 1）,,,,kb.company.cn,,,,
H000117,2026-07-10 15:07:36,web_visit,访问内部 OA/知识库,,T1071,,kb.company.cn,,,,
H008057,2026-07-10 15:11:12,failed_login,密码错误自动重试,,T1110.001,,,,,,
H001651,2026-07-10 15:11:16,dns_query,域名解析,,T1071.001,,kb.company.cn,,,,
H004146,2026-07-10 15:16:29,failed_login,密码错误自动重试,,T1110.001,,,,,,
H006473,2026-07-10 15:22:03,dns_query,域名解析,,T1071.001,,baidu.com,,,,
H006311,2026-07-10 15:31:33,cleanup,清理回收站与临时文件,,T1070.004,,,,,,
H003785,2026-07-10 15:34:17,email_open,阅读邮件（内部往来 1）,,,,kb.company.cn,,,,
H004146,2026-07-10 15:34:40,failed_login,密码错误自动重试,,T1110.001,,,,,,
H004724,2026-07-10 15:34:45,email_open,阅读邮件（内部往来 4）,,,,mail.company.cn,,,,
H008214,2026-07-10 15:38:54,dns_query,域名解析,,T1071.001,,weibo.com,,,,
H005614,2026-07-10 15:39:31,login,登录办公终端,,T1078,,,,西安市,,
H001651,2026-07-10 15:41:52,failed_login,密码错误自动重试,,T1110.001,,,,,,
H004717,2026-07-10 15:42:35,email_open,阅读邮件（内部往来 1）,,,,docs.company.cn,,,,
H000987,2026-07-10 15:48:48,dns_query,域名解析,,T1071.001,,mail.company.cn,,,,
H008871,2026-07-10 15:49:25,email_open,阅读邮件（内部往来 1）,,,,wiki.company.cn,,,,
H001721,2026-07-10 15:50:36,download,下载文档/更新包 21MB,,T1204.002,,,38969,,,
H009979,2026-07-10 15:56:34,email_open,阅读邮件（内部往来 2）,,,,docs.company.cn,,,,
H004058,2026-07-10 15:57:36,login,登录办公终端,,T1078,,,,,,
H005988,2026-07-10 15:59:56,email_open,阅读邮件（内部往来 2）,,,,mail.company.cn,,,,
H005614,2026-07-10 16:02:58,web_visit,访问内部 OA/知识库,,T1071,,mail.company.cn,,,,
H004394,2026-07-10 16:07:51,email_open,阅读邮件（内部往来 1）,,,,oa.company.cn,,,,
H007500,2026-07-10 16:08:13,email_open,阅读邮件（内部往来 2）,,,,docs.company.cn,,,,
H006738,2026-07-10 16:09:30,email_open,阅读邮件（内部往来 1）,,,,oa.company.cn,,,,
H004080,2026-07-10 16:10:00,mfa_denied,新设备 MFA 验证失败一次后成功,,T1621,,,,,,
H007458,2026-07-10 16:11:50,email_open,阅读邮件（内部往来 1）,,,,npm.company.cn,,,,
H007030,2026-07-10 16:13:20,failed_login,密码错误自动重试,,T1110.001,,,,,,
H001402,2026-07-10 16:14:35,download,下载文档/更新包 12MB,,T1204.002,,,30896,,,
H009982,2026-07-10 16:19:04,email_open,阅读邮件（内部往来 2）,,,,docs.company.cn,,,,
H002844,2026-07-10 16:24:11,login,登录办公终端,,T1078,,,,苏州市,,
H004953,2026-07-10 16:27:36,login,登录办公终端,,T1078,,,,南京市,,
H001819,2026-07-10 16:30:48,email_open,阅读邮件（内部往来 2）,,,,wiki.company.cn,,,,
H001796,2026-07-10 16:33:24,email_open,阅读邮件（内部往来 2）,,,,wiki.company.cn,,,,
H000527,2026-07-10 16:33:35,upload,上传附件 5MB,,T1567,,docs.company.cn,14198,,,
H002907,2026-07-10 16:39:45,email_open,阅读邮件（内部往来 1）,,,,kb.company.cn,,,,
H000438,2026-07-10 16:40:14,login,登录办公终端,,T1078,,,,,,
H003416,2026-07-10 16:43:12,login,登录办公终端,,T1078,,,,,,
H008154,2026-07-10 16:43:28,login,登录办公终端,,T1078,,,,,,
H007030,2026-07-10 16:47:00,failed_login,密码错误自动重试,,T1110.001,,,,,,
H008931,2026-07-10 16:48:56,login,登录办公终端,,T1078,,,,,,
H002540,2026-07-10 16:49:08,web_visit,访问内部 OA/知识库,,T1071,,npm.company.cn,,,,
H004360,2026-07-10 16:57:49,failed_login,密码错误自动重试,,T1110.001,,,,,,
H003785,2026-07-10 17:00:03,login,登录办公终端,,T1078,,,,苏州市,,
H001177,2026-07-10 17:00:33,email_open,阅读邮件（内部往来 1）,,,,mail.company.cn,,,,
H005600,2026-07-10 17:01:12,email_open,阅读邮件（内部往来 1）,,,,npm.company.cn,,,,
H000763,2026-07-10 17:03:52,email_open,阅读邮件（内部往来 1）,,,,mail.company.cn,,,,
H006049,2026-07-10 17:07:14,web_visit,访问内部 OA/知识库,,T1071,,kb.company.cn,,,,
H006373,2026-07-10 17:09:24,web_visit,访问内部 OA/知识库,,T1071,,docs.company.cn,,,,
H003043,2026-07-10 17:10:27,failed_login,密码错误自动重试,,T1110.001,,,,,,
H009698,2026-07-10 17:10:57,failed_login,密码错误自动重试,,T1110.001,,,,,,
H007512,2026-07-10 17:13:09,dns_query,域名解析,,T1071.001,,qq.com,,,,
H006311,2026-07-10 17:13:55,login,登录办公终端,,T1078,,,,,,
H006113,2026-07-10 17:13:57,dns_query,域名解析,,T1071.001,,npm.company.cn,,,,
H007458,2026-07-10 17:17:56,web_visit,访问内部 OA/知识库,,T1071,,npm.company.cn,,,,
H003785,2026-07-10 17:21:13,web_visit,访问内部 OA/知识库,,T1071,,oa.company.cn,,,,
H007512,2026-07-10 17:21:57,login,登录办公终端,,T1078,,,,,,
H006373,2026-07-10 17:23:28,login,登录办公终端,,T1078,,,,苏州市,,
H006473,2026-07-10 17:23:58,web_visit,访问内部 OA/知识库,,T1071,,oa.company.cn,,,,
H003416,2026-07-10 17:24:04,web_visit,访问内部 OA/知识库,,T1071,,mail.company.cn,,,,
H004950,2026-07-10 17:27:14,dns_query,域名解析,,T1071.001,,github.com,,,,
H000987,2026-07-10 17:29:08,download,下载文档/更新包 29MB,,T1204.002,,,12888,,,
H004362,2026-07-10 17:31:14,download,下载文档/更新包 4MB,,T1204.002,,,25697,,,
H009691,2026-07-10 17:31:35,failed_login,密码错误自动重试,,T1110.001,,,,,,
H006373,2026-07-10 17:31:52,dns_query,域名解析,,T1071.001,,mail.company.cn,,,,
H004717,2026-07-10 17:37:50,web_visit,访问内部 OA/知识库,,T1071,,oa.company.cn,,,,
H007500,2026-07-10 17:38:27,email_open,阅读邮件（内部往来 1）,,,,docs.company.cn,,,,
H005220,2026-07-10 17:42:22,login,登录办公终端,,T1078,,,,,,
H000527,2026-07-10 17:44:55,email_open,阅读邮件（内部往来 1）,,,,docs.company.cn,,,,
H006750,2026-07-10 17:45:07,web_visit,访问内部 OA/知识库,,T1071,,wiki.company.cn,,,,
H003923,2026-07-10 17:45:19,email_open,阅读邮件（内部往来 3）,,,,npm.company.cn,,,,
H005767,2026-07-10 17:45:53,login,登录办公终端,,T1078,,,,,,
H000763,2026-07-10 17:50:44,download,下载文档/更新包 10MB,,T1204.002,,,17469,,,
H006566,2026-07-10 17:51:52,login,登录办公终端,,T1078,,,,,,
H007458,2026-07-10 17:55:40,email_open,阅读邮件（内部往来 2）,,,,wiki.company.cn,,,,
H003416,2026-07-10 17:56:15,failed_login,密码错误自动重试,,T1110.001,,,,,,
H003043,2026-07-10 17:57:00,email_open,阅读邮件（内部往来 2）,,,,docs.company.cn,,,,
H006049,2026-07-10 17:57:28,download,下载文档/更新包 15MB,,T1204.002,,,29764,,,
H004080,2026-07-10 17:59:30,email_open,阅读邮件（内部往来 1）,,,,docs.company.cn,,,,
H007030,2026-07-10 18:00:28,email_open,阅读邮件（内部往来 2）,,,,wiki.company.cn,,,,
H000987,2026-07-10 18:02:50,failed_login,密码错误自动重试,,T1110.001,,,,,,
H004763,2026-07-10 18:03:34,failed_login,密码错误自动重试,,T1110.001,,,,,,
H009170,2026-07-10 18:05:36,failed_login,密码错误自动重试,,T1110.001,,,,,,
H001721,2026-07-10 18:10:18,dns_query,域名解析,,T1071.001,,npm.company.cn,,,,
H001402,2026-07-10 18:10:49,email_open,阅读邮件（内部往来 2）,,,,mail.company.cn,,,,
H009979,2026-07-10 18:12:19,dns_query,域名解析,,T1071.001,,docs.company.cn,,,,
H002540,2026-07-10 18:14:09,web_visit,访问内部 OA/知识库,,T1071,,docs.company.cn,,,,
H005220,2026-07-10 18:15:22,web_visit,访问内部 OA/知识库,,T1071,,npm.company.cn,,,,
H002844,2026-07-10 18:16:08,email_open,阅读邮件（内部往来 2）,,,,mail.company.cn,,,,
H004763,2026-07-10 18:16:28,web_visit,访问内部 OA/知识库,,T1071,,mail.company.cn,,,,
H004146,2026-07-10 18:17:11,login,登录办公终端,,T1078,,,,,,
H009816,2026-07-10 18:20:03,email_open,阅读邮件（内部往来 1）,,,,docs.company.cn,,,,
H003910,2026-07-10 18:25:04,email_open,阅读邮件（内部往来 1）,,,,mail.company.cn,,,,
H001402,2026-07-10 18:28:26,email_open,阅读邮件（内部往来 1）,,,,wiki.company.cn,,,,
H001177,2026-07-10 18:29:12,download,下载文档/更新包 31MB,,T1204.002,,,12292,,,
H008154,2026-07-10 18:32:20,web_visit,访问内部 OA/知识库,,T1071,,kb.company.cn,,,,
H009982,2026-07-10 18:36:19,email_open,阅读邮件（内部往来 1）,,,,npm.company.cn,,,,
H004763,2026-07-10 18:36:20,login,登录办公终端,,T1078,,,,,,
H001547,2026-07-10 18:36:48,login,登录办公终端,,T1078,,,,南京市,,
H006049,2026-07-10 18:39:17,email_open,阅读邮件（内部往来 1）,,,,kb.company.cn,,,,
H009170,2026-07-10 18:40:36,email_open,阅读邮件（内部往来 3）,,,,npm.company.cn,,,,
H009903,2026-07-10 18:41:44,login,登录办公终端,,T1078,,,,天津市,,
H004724,2026-07-10 18:44:08,download,下载文档/更新包 37MB,,T1204.002,,,5601,,,
H004564,2026-07-10 18:45:31,web_visit,访问内部 OA/知识库,,T1071,,oa.company.cn,,,,
H007458,2026-07-10 18:47:49,email_open,阅读邮件（内部往来 3）,,,,docs.company.cn,,,,
H003923,2026-07-10 18:52:58,web_visit,访问内部 OA/知识库,,T1071,,mail.company.cn,,,,
H001819,2026-07-10 18:55:55,failed_login,密码错误自动重试,,T1110.001,,,,,,
H005220,2026-07-10 18:57:52,email_open,阅读邮件（内部往来 1）,,,,mail.company.cn,,,,
H007500,2026-07-10 19:01:35,failed_login,密码错误自动重试,,T1110.001,,,,,,
H008154,2026-07-10 19:05:40,failed_login,密码错误自动重试,,T1110.001,,,,,,
H004953,2026-07-10 19:06:41,dns_query,域名解析,,T1071.001,,qq.com,,,,
H005600,2026-07-10 19:10:07,failed_login,密码错误自动重试,,T1110.001,,,,,,
H001651,2026-07-10 19:13:27,email_open,阅读邮件（内部往来 1）,,,,kb.company.cn,,,,
H007512,2026-07-10 19:17:56,web_visit,访问内部 OA/知识库,,T1071,,oa.company.cn,,,,
H008931,2026-07-10 19:23:49,dns_query,域名解析,,T1071.001,,github.com,,,,
H004058,2026-07-10 19:25:09,failed_login,密码错误自动重试,,T1110.001,,,,,,
H006311,2026-07-10 19:25:49,web_visit,访问内部 OA/知识库,,T1071,,oa.company.cn,,,,
H004564,2026-07-10 19:27:06,download,下载文档/更新包 14MB,,T1204.002,,,11024,,,
H004950,2026-07-10 19:32:17,email_open,阅读邮件（内部往来 1）,,,,wiki.company.cn,,,,
H006473,2026-07-10 19:33:49,login,登录办公终端,,T1078,,,,苏州市,,
H000117,2026-07-10 19:36:07,login,登录办公终端,,T1078,,,,,,
H006473,2026-07-10 19:37:09,email_open,阅读邮件（内部往来 1）,,,,docs.company.cn,,,,
H009170,2026-07-10 19:38:30,email_open,阅读邮件（内部往来 2）,,,,kb.company.cn,,,,
H009903,2026-07-10 19:46:34,dns_query,域名解析,,T1071.001,,baidu.com,,,,
H001819,2026-07-10 19:47:36,web_visit,访问内部 OA/知识库,,T1071,,mail.company.cn,,,,
H004950,2026-07-10 19:50:13,email_open,阅读邮件（内部往来 2）,,,,mail.company.cn,,,,
H005988,2026-07-10 19:58:45,login,登录办公终端,,T1078,,,,,,
H000438,2026-07-10 19:59:46,dns_query,域名解析,,T1071.001,,docs.company.cn,,,,
H001651,2026-07-10 20:02:19,failed_login,密码错误自动重试,,T1110.001,,,,,,
H004360,2026-07-10 20:04:44,login,登录办公终端,,T1078,,,,苏州市,,
H006113,2026-07-10 20:10:26,failed_login,密码错误自动重试,,T1110.001,,,,,,
H000987,2026-07-10 20:15:32,failed_login,密码错误自动重试,,T1110.001,,,,,,
H002844,2026-07-10 20:16:37,download,下载文档/更新包 36MB,,T1204.002,,,43804,,,
H009698,2026-07-10 20:33:09,web_visit,访问内部 OA/知识库,,T1071,,mail.company.cn,,,,
H000805,2026-07-10 20:35:33,email_open,阅读邮件（内部往来 1）,,,,wiki.company.cn,,,,
H000763,2026-07-10 20:41:07,failed_login,密码错误自动重试,,T1110.001,,,,,,
H006113,2026-07-10 20:43:11,web_visit,访问内部 OA/知识库,,T1071,,docs.company.cn,,,,
H000987,2026-07-10 20:45:43,failed_login,密码错误自动重试,,T1110.001,,,,,,
H009903,2026-07-10 20:53:48,web_visit,访问内部 OA/知识库,,T1071,,mail.company.cn,,,,
H004058,2026-07-10 20:56:56,email_open,阅读邮件（内部往来 1）,,,,kb.company.cn,,,,
H004146,2026-07-10 21:00:43,upload,外传数据 82MB（疑似误用）,,T1567,,yunpan-free.net,83968,,,
H004146,2026-07-10 21:04:43,upload,外传数据 39MB（疑似误用）,,T1567,,yunpan-free.net,39936,,,
H004146,2026-07-10 21:15:43,upload,外传数据 31MB（疑似误用）,,T1567,,mail-personal.cn,31744,,,
H001721,2026-07-10 21:16:41,login,登录办公终端,,T1078,,,,,,
H004146,2026-07-10 21:20:43,upload,外传数据 59MB（疑似误用）,,T1567,,box-share.cc,60416,,,
H002479,2026-07-10 21:23:49,email_open,阅读邮件（内部往来 2）,,,,oa.company.cn,,,,
H002479,2026-07-10 21:26:04,login,登录办公终端,,T1078,,,,天津市,,
H002479,2026-07-10 21:37:44,email_open,阅读邮件（内部往来 3）,,,,oa.company.cn,,,,
H001819,2026-07-10 21:38:03,failed_login,密码错误自动重试,,T1110.001,,,,,,
H002479,2026-07-10 21:39:03,email_open,阅读邮件（内部往来 1）,,,,oa.company.cn,,,,
H001796,2026-07-10 21:52:03,web_visit,访问内部 OA/知识库,,T1071,,npm.company.cn,,,,
H005614,2026-07-10 21:53:33,download,下载文档/更新包 7MB,,T1204.002,,,14769,,,
H007030,2026-07-10 22:11:20,web_visit,访问内部 OA/知识库,,T1071,,npm.company.cn,,,,
H001668,2026-07-10 22:20:01,dns_query,域名解析,,T1071.001,,kb.company.cn,,,,
H009982,2026-07-10 22:30:46,download,下载文档/更新包 29MB,,T1204.002,,,8624,,,
H009698,2026-07-10 22:36:52,dns_query,域名解析,,T1071.001,,kb.company.cn,,,,
H006113,2026-07-10 22:46:46,email_open,阅读邮件（内部往来 1）,,,,kb.company.cn,,,,
H005988,2026-07-10 22:55:00,email_open,阅读邮件（内部往来 1）,,,,wiki.company.cn,,,,
H000438,2026-07-11 00:15:16,web_visit,访问内部 OA/知识库,,T1071,,docs.company.cn,,,,
H003533,2026-07-11 00:47:30,web_visit,访问内部 OA/知识库,,T1071,,docs.company.cn,,,,
H004816,2026-07-11 06:14:11,email_open,阅读邮件（内部往来 2）,,,,docs.company.cn,,,,
H008931,2026-07-11 06:56:11,dns_query,域名解析,,T1071.001,,oa.company.cn,,,,
H005496,2026-07-11 07:11:58,email_open,阅读邮件（内部往来 1）,,,,kb.company.cn,,,,
H009500,2026-07-11 07:17:51,web_visit,访问内部 OA/知识库,,T1071,,kb.company.cn,,,,
H009816,2026-07-11 07:23:13,dns_query,域名解析,,T1071.001,,baidu.com,,,,
H009500,2026-07-11 07:25:58,web_visit,访问内部 OA/知识库,,T1071,,npm.company.cn,,,,
H002774,2026-07-11 08:00:55,web_visit,访问内部 OA/知识库,,T1071,,docs.company.cn,,,,
H003725,2026-07-11 08:03:28,email_open,阅读邮件（内部往来 2）,,,,npm.company.cn,,,,
H002480,2026-07-11 08:07:45,email_open,阅读邮件（内部往来 1）,,,,docs.company.cn,,,,
H009170,2026-07-11 08:09:08,login,登录办公终端,,T1078,,,,,,
H006049,2026-07-11 08:09:29,login,登录办公终端,,T1078,,,,,,
H008981,2026-07-11 08:11:44,login,登录办公终端,,T1078,,,,,,
H001419,2026-07-11 08:12:44,web_visit,访问内部 OA/知识库,,T1071,,oa.company.cn,,,,
H004149,2026-07-11 08:13:20,email_open,阅读邮件（内部往来 4）,,,,oa.company.cn,,,,
H004564,2026-07-11 08:13:59,web_visit,访问内部 OA/知识库,,T1071,,kb.company.cn,,,,
H000117,2026-07-11 08:14:15,dns_query,域名解析,,T1071.001,,docs.company.cn,,,,
H005496,2026-07-11 08:16:03,dns_query,域名解析,,T1071.001,,npm.company.cn,,,,
H004564,2026-07-11 08:19:20,email_open,阅读邮件（内部往来 1）,,,,kb.company.cn,,,,
H005220,2026-07-11 08:19:39,web_visit,访问内部 OA/知识库,,T1071,,oa.company.cn,,,,
H002223,2026-07-11 08:22:25,download,下载文档/更新包 13MB,,T1204.002,,,25465,,,
H005220,2026-07-11 08:24:35,email_open,阅读邮件（内部往来 2）,,,,wiki.company.cn,,,,
H004362,2026-07-11 08:26:48,login,登录办公终端,,T1078,,,,,,
H008931,2026-07-11 08:26:57,login,登录办公终端,,T1078,,,,,,
H004080,2026-07-11 08:31:29,email_open,阅读邮件（内部往来 1）,,,,oa.company.cn,,,,
H006419,2026-07-11 08:39:47,web_visit,访问内部 OA/知识库,,T1071,,wiki.company.cn,,,,
H008871,2026-07-11 08:44:30,rule_create,设置邮件自动归档规则,,T1114.002,,,,,,
H001269,2026-07-11 08:48:35,failed_login,密码错误自动重试,,T1110.001,,,,,,
H001177,2026-07-11 08:49:09,email_open,阅读邮件（内部往来 1）,,,,oa.company.cn,,,,
H006566,2026-07-11 08:53:08,web_visit,访问内部 OA/知识库,,T1071,,npm.company.cn,,,,
H009816,2026-07-11 08:56:08,login,登录办公终端,,T1078,,,,东莞市,,
H004763,2026-07-11 08:58:24,failed_login,密码错误自动重试,,T1110.001,,,,,,
H008981,2026-07-11 09:01:08,download,下载文档/更新包 23MB,,T1204.002,,,41725,,,
H003533,2026-07-11 09:02:10,web_visit,访问内部 OA/知识库,,T1071,,npm.company.cn,,,,
H006311,2026-07-11 09:03:43,download,下载文档/更新包 29MB,,T1204.002,,,32399,,,
H009816,2026-07-11 09:05:07,web_visit,访问内部 OA/知识库,,T1071,,oa.company.cn,,,,
H004058,2026-07-11 09:06:19,email_open,阅读邮件（内部往来 3）,,,,kb.company.cn,,,,
H002907,2026-07-11 09:08:33,email_open,阅读邮件（内部往来 2）,,,,npm.company.cn,,,,
H004763,2026-07-11 09:13:07,email_open,阅读邮件（内部往来 2）,,,,mail.company.cn,,,,
H005220,2026-07-11 09:13:15,email_open,阅读邮件（内部往来 1）,,,,wiki.company.cn,,,,
H004956,2026-07-11 09:14:15,email_open,阅读邮件（内部往来 1）,,,,mail.company.cn,,,,
H001419,2026-07-11 09:15:23,dns_query,域名解析,,T1071.001,,bilibili.com,,,,
H004775,2026-07-11 09:15:52,login,登录办公终端,,T1078,,,,,,
H001796,2026-07-11 09:16:14,upload,上传附件 11MB,,T1567,,docs.company.cn,4677,,,
H006566,2026-07-11 09:16:23,cleanup,清理回收站与临时文件,,T1070.004,,,,,,
H004058,2026-07-11 09:16:27,email_open,阅读邮件（内部往来 2）,,,,npm.company.cn,,,,
H000466,2026-07-11 09:22:00,dns_query,域名解析,,T1071.001,,mail.company.cn,,,,
H001269,2026-07-11 09:24:54,failed_login,密码错误自动重试,,T1110.001,,,,,,
H009979,2026-07-11 09:25:15,email_open,阅读邮件（内部往来 2）,,,,docs.company.cn,,,,
H004146,2026-07-11 09:26:22,login,登录办公终端,,T1078,,,,,,
H005988,2026-07-11 09:30:12,login,登录办公终端,,T1078,,,,,,
H009979,2026-07-11 09:33:21,email_open,阅读邮件（内部往来 1）,,,,oa.company.cn,,,,
H000438,2026-07-11 09:34:49,email_open,阅读邮件（内部往来 1）,,,,kb.company.cn,,,,
H002907,2026-07-11 09:36:18,dns_query,域名解析,,T1071.001,,taobao.com,,,,
H004149,2026-07-11 09:36:50,login,登录办公终端,,T1078,,,,,,
H008214,2026-07-11 09:37:15,login,登录办公终端,,T1078,,,,东莞市,,
H003833,2026-07-11 09:37:28,login,登录办公终端,,T1078,,,,,,
H003752,2026-07-11 09:38:33,login,登录办公终端,,T1078,,,,,,
H003833,2026-07-11 09:39:08,dns_query,域名解析,,T1071.001,,qq.com,,,,
H001986,2026-07-11 09:42:49,web_visit,访问内部 OA/知识库,,T1071,,kb.company.cn,,,,
H008057,2026-07-11 09:45:04,email_open,阅读邮件（内部往来 2）,,,,docs.company.cn,,,,
H006049,2026-07-11 09:46:11,email_open,阅读邮件（内部往来 2）,,,,mail.company.cn,,,,
H003973,2026-07-11 09:47:29,email_open,阅读邮件（内部往来 1）,,,,wiki.company.cn,,,,
H000466,2026-07-11 09:49:15,download,下载文档/更新包 25MB,,T1204.002,,,36286,,,
H000559,2026-07-11 09:55:34,login,登录办公终端,,T1078,,,,,,
H005496,2026-07-11 09:56:20,web_visit,访问内部 OA/知识库,,T1071,,oa.company.cn,,,,
H000559,2026-07-11 09:59:44,web_visit,访问内部 OA/知识库,,T1071,,npm.company.cn,,,,
H003725,2026-07-11 10:01:09,email_open,阅读邮件（内部往来 4）,,,,kb.company.cn,,,,
H007512,2026-07-11 10:04:09,dns_query,域名解析,,T1071.001,,qq.com,,,,
H001402,2026-07-11 10:12:10,web_visit,访问内部 OA/知识库,,T1071,,docs.company.cn,,,,
H008981,2026-07-11 10:18:32,email_open,阅读邮件（内部往来 1）,,,,oa.company.cn,,,,
H004724,2026-07-11 10:20:34,download,下载文档/更新包 1MB,,T1204.002,,,28552,,,
H004149,2026-07-11 10:22:23,email_open,阅读邮件（内部往来 1）,,,,mail.company.cn,,,,
H005767,2026-07-11 10:25:29,email_open,阅读邮件（内部往来 1）,,,,mail.company.cn,,,,
H005767,2026-07-11 10:29:13,dns_query,域名解析,,T1071.001,,bilibili.com,,,,
H003923,2026-07-11 10:30:35,login,登录办公终端,,T1078,,,,,,
H004360,2026-07-11 10:32:44,login,登录办公终端,,T1078,,,,苏州市,,
H009698,2026-07-11 10:33:00,web_visit,访问内部 OA/知识库,,T1071,,kb.company.cn,,,,
H004953,2026-07-11 10:33:55,login,登录办公终端,,T1078,,,,南京市,,
H003833,2026-07-11 10:34:39,email_open,阅读邮件（内部往来 1）,,,,npm.company.cn,,,,
H004149,2026-07-11 10:37:04,email_open,阅读邮件（内部往来 2）,,,,kb.company.cn,,,,
H008154,2026-07-11 10:37:28,failed_login,密码错误自动重试,,T1110.001,,,,,,
H006049,2026-07-11 10:38:31,web_visit,访问内部 OA/知识库,,T1071,,npm.company.cn,,,,
H001419,2026-07-11 10:41:10,download,下载文档/更新包 44MB,,T1204.002,,,38344,,,
H001269,2026-07-11 10:43:40,email_open,阅读邮件（内部往来 1）,,,,mail.company.cn,,,,
H006113,2026-07-11 10:44:22,login,登录办公终端,,T1078,,,,武汉市,,
H009979,2026-07-11 10:46:44,email_open,阅读邮件（内部往来 3）,,,,kb.company.cn,,,,
H005767,2026-07-11 10:47:58,email_open,阅读邮件（内部往来 2）,,,,mail.company.cn,,,,
H000117,2026-07-11 10:48:35,login,登录办公终端,,T1078,,,,,,
H009979,2026-07-11 10:50:11,login,登录办公终端,,T1078,,,,,,
H000763,2026-07-11 10:50:22,login,登录办公终端,,T1078,,,,,,
H001235,2026-07-11 10:50:47,login,登录办公终端,,T1078,,,,,,
H003043,2026-07-11 10:51:04,email_open,阅读邮件（内部往来 2）,,,,oa.company.cn,,,,
H002774,2026-07-11 10:55:49,download,下载文档/更新包 12MB,,T1204.002,,,2051,,,
H009170,2026-07-11 10:58:51,failed_login,密码错误自动重试,,T1110.001,,,,,,
H005496,2026-07-11 11:01:26,upload,上传附件 12MB,,T1567,,docs.company.cn,7340,,,
H006311,2026-07-11 11:01:29,failed_login,密码错误自动重试,,T1110.001,,,,,,
H008214,2026-07-11 11:01:49,email_open,阅读邮件（内部往来 1）,,,,oa.company.cn,,,,
H005614,2026-07-11 11:04:31,login,登录办公终端,,T1078,,,,西安市,,
H000559,2026-07-11 11:06:00,failed_login,密码错误自动重试,,T1110.001,,,,,,
H000438,2026-07-11 11:07:13,email_open,阅读邮件（内部往来 2）,,,,wiki.company.cn,,,,
H009979,2026-07-11 11:11:36,dns_query,域名解析,,T1071.001,,oa.company.cn,,,,
H001177,2026-07-11 11:15:33,web_visit,访问内部 OA/知识库,,T1071,,wiki.company.cn,,,,
H001986,2026-07-11 11:16:30,web_visit,访问内部 OA/知识库,,T1071,,docs.company.cn,,,,
H001269,2026-07-11 11:18:40,email_open,阅读邮件（内部往来 2）,,,,mail.company.cn,,,,
H004564,2026-07-11 11:20:24,failed_login,密码错误自动重试,,T1110.001,,,,,,
H000987,2026-07-11 11:22:20,login,登录办公终端,,T1078,,,,天津市,,
H005988,2026-07-11 11:23:17,failed_login,密码错误自动重试,,T1110.001,,,,,,
H003725,2026-07-11 11:25:08,failed_login,密码错误自动重试,,T1110.001,,,,,,
H008154,2026-07-11 11:29:08,email_open,阅读邮件（内部往来 2）,,,,npm.company.cn,,,,
H006311,2026-07-11 11:29:15,email_open,阅读邮件（内部往来 2）,,,,npm.company.cn,,,,
H007458,2026-07-11 11:30:54,login,登录办公终端,,T1078,,,,,,
H002907,2026-07-11 11:33:16,login,登录办公终端,,T1078,,,,,,
H009698,2026-07-11 11:34:45,login,登录办公终端,,T1078,,,,,,
H004816,2026-07-11 11:46:09,download,下载文档/更新包 12MB,,T1204.002,,,44133,,,
H003725,2026-07-11 11:51:15,download,下载文档/更新包 32MB,,T1204.002,,,41125,,,
H006473,2026-07-11 11:53:41,failed_login,密码错误自动重试,,T1110.001,,,,,,
H004080,2026-07-11 11:55:36,dns_query,域名解析,,T1071.001,,wiki.company.cn,,,,
H008981,2026-07-11 11:57:28,email_open,阅读邮件（内部往来 2）,,,,docs.company.cn,,,,
H002223,2026-07-11 12:00:53,login,登录办公终端,,T1078,,,,苏州市,,
H003833,2026-07-11 12:03:45,email_open,阅读邮件（内部往来 3）,,,,kb.company.cn,,,,
H009500,2026-07-11 12:05:23,email_open,阅读邮件（内部往来 1）,,,,mail.company.cn,,,,
H003043,2026-07-11 12:08:58,web_visit,访问内部 OA/知识库,,T1071,,docs.company.cn,,,,
H004956,2026-07-11 12:10:22,failed_login,密码错误自动重试,,T1110.001,,,,,,
H004816,2026-07-11 12:12:49,email_open,阅读邮件（内部往来 1）,,,,wiki.company.cn,,,,
H000117,2026-07-11 12:13:02,email_open,阅读邮件（内部往来 1）,,,,oa.company.cn,,,,
H004763,2026-07-11 12:15:22,email_open,阅读邮件（内部往来 1）,,,,wiki.company.cn,,,,
H006738,2026-07-11 12:17:02,email_open,阅读邮件（内部往来 1）,,,,kb.company.cn,,,,
H000466,2026-07-11 12:18:24,web_visit,访问内部 OA/知识库,,T1071,,npm.company.cn,,,,
H005988,2026-07-11 12:19:45,email_open,阅读邮件（内部往来 1）,,,,oa.company.cn,,,,
H003833,2026-07-11 12:20:52,failed_login,密码错误自动重试,,T1110.001,,,,,,
H003533,2026-07-11 12:21:40,download,下载文档/更新包 26MB,,T1204.002,,,35996,,,
H003043,2026-07-11 12:22:24,web_visit,访问内部 OA/知识库,,T1071,,npm.company.cn,,,,
H006373,2026-07-11 12:25:10,email_open,阅读邮件（内部往来 1）,,,,docs.company.cn,,,,
H006738,2026-07-11 12:25:48,dns_query,域名解析,,T1071.001,,taobao.com,,,,
H001796,2026-07-11 12:35:28,email_open,阅读邮件（内部往来 1）,,,,oa.company.cn,,,,
H006566,2026-07-11 12:35:29,download,下载文档/更新包 2MB,,T1204.002,,,3878,,,
H000559,2026-07-11 12:40:14,email_open,阅读邮件（内部往来 1）,,,,npm.company.cn,,,,
H000987,2026-07-11 12:42:21,web_visit,访问内部 OA/知识库,,T1071,,docs.company.cn,,,,
H000438,2026-07-11 12:43:09,login,登录办公终端,,T1078,,,,,,
H008214,2026-07-11 12:47:53,email_open,阅读邮件（内部往来 2）,,,,mail.company.cn,,,,
H000466,2026-07-11 12:51:23,email_open,阅读邮件（内部往来 1）,,,,npm.company.cn,,,,
H003833,2026-07-11 12:51:41,web_visit,访问内部 OA/知识库,,T1071,,wiki.company.cn,,,,
H004956,2026-07-11 13:04:19,email_open,阅读邮件（内部往来 2）,,,,oa.company.cn,,,,
H004362,2026-07-11 13:04:22,dns_query,域名解析,,T1071.001,,docs.company.cn,,,,
H009816,2026-07-11 13:05:35,download,下载文档/更新包 42MB,,T1204.002,,,40504,,,
H006113,2026-07-11 13:07:51,download,下载文档/更新包 38MB,,T1204.002,,,26199,,,
H008057,2026-07-11 13:15:19,failed_login,密码错误自动重试,,T1110.001,,,,,,
H000987,2026-07-11 13:17:40,web_visit,访问内部 OA/知识库,,T1071,,mail.company.cn,,,,
H002844,2026-07-11 13:33:01,login,登录办公终端,,T1078,,,,苏州市,,
H004775,2026-07-11 13:33:18,dns_query,域名解析,,T1071.001,,github.com,,,,
H006311,2026-07-11 13:35:09,login,登录办公终端,,T1078,,,,,,
H008057,2026-07-11 13:44:23,web_visit,访问内部 OA/知识库,,T1071,,npm.company.cn,,,,
H009979,2026-07-11 13:57:08,download,下载文档/更新包 45MB,,T1204.002,,,22436,,,
H004724,2026-07-11 14:01:07,email_open,阅读邮件（内部往来 4）,,,,docs.company.cn,,,,
H001235,2026-07-11 14:02:04,web_visit,访问内部 OA/知识库,,T1071,,oa.company.cn,,,,
H003043,2026-07-11 14:07:35,failed_login,密码错误自动重试,,T1110.001,,,,,,
H007512,2026-07-11 14:10:16,download,下载文档/更新包 6MB,,T1204.002,,,31348,,,
H003923,2026-07-11 14:13:28,email_open,阅读邮件（内部往来 2）,,,,mail.company.cn,,,,
H007458,2026-07-11 14:14:57,failed_login,密码错误自动重试,,T1110.001,,,,,,
H009500,2026-07-11 14:20:08,email_open,阅读邮件（内部往来 2）,,,,kb.company.cn,,,,
H004816,2026-07-11 14:27:40,login,登录办公终端,,T1078,,,,,,
H001668,2026-07-11 14:29:16,email_open,阅读邮件（内部往来 1）,,,,oa.company.cn,,,,
H004956,2026-07-11 14:29:24,login,登录办公终端,,T1078,,,,,,
H000527,2026-07-11 14:39:37,email_open,阅读邮件（内部往来 1）,,,,docs.company.cn,,,,
H007512,2026-07-11 14:41:08,web_visit,访问内部 OA/知识库,,T1071,,mail.company.cn,,,,
H001177,2026-07-11 14:41:14,web_visit,访问内部 OA/知识库,,T1071,,oa.company.cn,,,,
H004080,2026-07-11 14:45:26,login,登录办公终端,,T1078,,,,,,
H001177,2026-07-11 14:46:03,email_open,阅读邮件（内部往来 2）,,,,docs.company.cn,,,,
H008931,2026-07-11 14:48:58,web_visit,访问内部 OA/知识库,,T1071,,wiki.company.cn,,,,
H003043,2026-07-11 14:49:59,login,登录办公终端,,T1078,,,,,,
H006373,2026-07-11 14:50:23,failed_login,密码错误自动重试,,T1110.001,,,,,,
H000559,2026-07-11 14:50:43,email_open,阅读邮件（内部往来 2）,,,,mail.company.cn,,,,
H003973,2026-07-11 14:51:52,email_open,阅读邮件（内部往来 2）,,,,kb.company.cn,,,,
H001402,2026-07-11 14:53:00,web_visit,访问内部 OA/知识库,,T1071,,kb.company.cn,,,,
H003725,2026-07-11 14:54:43,failed_login,密码错误自动重试,,T1110.001,,,,,,
H007129,2026-07-11 14:55:38,web_visit,访问内部 OA/知识库,,T1071,,kb.company.cn,,,,
H007512,2026-07-11 15:01:07,web_visit,访问内部 OA/知识库,,T1071,,npm.company.cn,,,,
H005767,2026-07-11 15:06:29,login,登录办公终端,,T1078,,,,,,
H002907,2026-07-11 15:08:08,email_open,阅读邮件（内部往来 1）,,,,mail.company.cn,,,,
H002480,2026-07-11 15:11:50,login,登录办公终端,,T1078,,,,,,
H003725,2026-07-11 15:13:54,email_open,阅读邮件（内部往来 1）,,,,wiki.company.cn,,,,
H008981,2026-07-11 15:19:00,email_open,阅读邮件（内部往来 4）,,,,kb.company.cn,,,,
H003533,2026-07-11 15:19:09,login,登录办公终端,,T1078,,,,武汉市,,
H004146,2026-07-11 15:19:29,download,下载文档/更新包 10MB,,T1204.002,,,37168,,,
H006566,2026-07-11 15:22:20,email_open,阅读邮件（内部往来 1）,,,,mail.company.cn,,,,
H001986,2026-07-11 15:23:57,login,登录办公终端,,T1078,,,,,,
H007030,2026-07-11 15:25:12,login,登录办公终端,,T1078,,,,西安市,,
H004149,2026-07-11 15:26:16,upload,上传附件 9MB,,T1567,,docs.company.cn,13571,,,
H000987,2026-07-11 15:33:31,dns_query,域名解析,,T1071.001,,docs.company.cn,,,,
H005614,2026-07-11 15:38:04,dns_query,域名解析,,T1071.001,,bilibili.com,,,,
H006738,2026-07-11 15:38:17,web_visit,访问内部 OA/知识库,,T1071,,npm.company.cn,,,,
H004564,2026-07-11 15:45:27,login,登录办公终端,,T1078,,,,,,
H008154,2026-07-11 15:47:15,upload,上传附件 4MB,,T1567,,docs.company.cn,10609,,,
H005614,2026-07-11 15:49:16,failed_login,密码错误自动重试,,T1110.001,,,,,,
H007129,2026-07-11 15:51:17,login,登录办公终端,,T1078,,,,,,
H001419,2026-07-11 15:53:12,email_open,阅读邮件（内部往来 2）,,,,oa.company.cn,,,,
H003043,2026-07-11 15:54:47,failed_login,密码错误自动重试,,T1110.001,,,,,,
H001269,2026-07-11 15:57:01,web_visit,访问内部 OA/知识库,,T1071,,kb.company.cn,,,,
H004724,2026-07-11 15:57:26,email_open,阅读邮件（内部往来 2）,,,,npm.company.cn,,,,
H007458,2026-07-11 16:01:27,email_open,阅读邮件（内部往来 1）,,,,wiki.company.cn,,,,
H005220,2026-07-11 16:02:04,download,下载文档/更新包 1MB,,T1204.002,,,23162,,,
H001402,2026-07-11 16:03:22,email_open,阅读邮件（内部往来 1）,,,,wiki.company.cn,,,,
H006473,2026-07-11 16:03:37,email_open,阅读邮件（内部往来 1）,,,,oa.company.cn,,,,
H008057,2026-07-11 16:04:44,login,登录办公终端,,T1078,,,,,,
H001402,2026-07-11 16:05:37,failed_login,密码错误自动重试,,T1110.001,,,,,,
H008871,2026-07-11 16:06:44,dns_query,域名解析,,T1071.001,,qq.com,,,,
H008154,2026-07-11 16:07:43,email_open,阅读邮件（内部往来 3）,,,,mail.company.cn,,,,
H003833,2026-07-11 16:09:32,email_open,阅读邮件（内部往来 2）,,,,mail.company.cn,,,,
H000527,2026-07-11 16:10:35,web_visit,访问内部 OA/知识库,,T1071,,kb.company.cn,,,,
H000805,2026-07-11 16:11:54,email_open,阅读邮件（内部往来 2）,,,,npm.company.cn,,,,
H008931,2026-07-11 16:12:10,failed_login,密码错误自动重试,,T1110.001,,,,,,
H001796,2026-07-11 16:13:02,login,登录办公终端,,T1078,,,,,,
H006566,2026-07-11 16:13:07,login,登录办公终端,,T1078,,,,,,
H009816,2026-07-11 16:17:00,email_open,阅读邮件（内部往来 2）,,,,docs.company.cn,,,,
H005988,2026-07-11 16:18:17,failed_login,密码错误自动重试,,T1110.001,,,,,,
H007512,2026-07-11 16:20:31,email_open,阅读邮件（内部往来 1）,,,,oa.company.cn,,,,
H005614,2026-07-11 16:21:40,upload,上传附件 10MB,,T1567,,docs.company.cn,14318,,,
H008154,2026-07-11 16:22:18,email_open,阅读邮件（内部往来 1）,,,,docs.company.cn,,,,
H007030,2026-07-11 16:23:51,dns_query,域名解析,,T1071.001,,github.com,,,,
H006113,2026-07-11 16:24:59,email_open,阅读邮件（内部往来 1）,,,,docs.company.cn,,,,
H001796,2026-07-11 16:26:56,web_visit,访问内部 OA/知识库,,T1071,,npm.company.cn,,,,
H003973,2026-07-11 16:28:36,login,登录办公终端,,T1078,,,,,,
H002774,2026-07-11 16:29:58,login,登录办公终端,,T1078,,,,,,
H006718,2026-07-11 16:32:09,login,登录办公终端,,T1078,,,,,,
H009698,2026-07-11 16:33:33,web_visit,访问内部 OA/知识库,,T1071,,mail.company.cn,,,,
H002223,2026-07-11 16:35:16,web_visit,访问内部 OA/知识库,,T1071,,oa.company.cn,,,,
H006419,2026-07-11 16:35:46,login,登录办公终端,,T1078,,,,南京市,,
H004080,2026-07-11 16:36:55,email_open,阅读邮件（内部往来 2）,,,,kb.company.cn,,,,
H000763,2026-07-11 16:40:38,email_open,阅读邮件（内部往来 1）,,,,mail.company.cn,,,,
H000763,2026-07-11 16:41:45,web_visit,访问内部 OA/知识库,,T1071,,wiki.company.cn,,,,
H005614,2026-07-11 16:42:37,web_visit,访问内部 OA/知识库,,T1071,,wiki.company.cn,,,,
H002479,2026-07-11 16:43:33,web_visit,访问内部 OA/知识库,,T1071,,mail.company.cn,,,,
H007458,2026-07-11 16:43:45,failed_login,密码错误自动重试,,T1110.001,,,,,,
H004775,2026-07-11 16:44:21,email_open,阅读邮件（内部往来 1）,,,,oa.company.cn,,,,
H006373,2026-07-11 16:44:30,failed_login,密码错误自动重试,,T1110.001,,,,,,
H005767,2026-07-11 16:45:15,web_visit,访问内部 OA/知识库,,T1071,,docs.company.cn,,,,
H002480,2026-07-11 16:46:44,email_open,阅读邮件（内部往来 2）,,,,docs.company.cn,,,,
H001269,2026-07-11 16:48:25,email_open,阅读邮件（内部往来 3）,,,,mail.company.cn,,,,
H006738,2026-07-11 16:49:57,login,登录办公终端,,T1078,,,,,,
H003533,2026-07-11 16:50:19,dns_query,域名解析,,T1071.001,,github.com,,,,
H002774,2026-07-11 16:51:08,web_visit,访问内部 OA/知识库,,T1071,,oa.company.cn,,,,
H000763,2026-07-11 16:51:51,web_visit,访问内部 OA/知识库,,T1071,,kb.company.cn,,,,
H004080,2026-07-11 16:52:53,download,下载文档/更新包 32MB,,T1204.002,,,10265,,,
H005614,2026-07-11 16:53:44,web_visit,访问内部 OA/知识库,,T1071,,kb.company.cn,,,,
H004146,2026-07-11 16:54:07,dns_query,域名解析,,T1071.001,,weibo.com,,,,
H006311,2026-07-11 16:59:47,web_visit,访问内部 OA/知识库,,T1071,,npm.company.cn,,,,
H008057,2026-07-11 16:59:58,email_open,阅读邮件（内部往来 1）,,,,wiki.company.cn,,,,
H008214,2026-07-11 17:01:23,failed_login,密码错误自动重试,,T1110.001,,,,,,
H004058,2026-07-11 17:01:40,dns_query,域名解析,,T1071.001,,bilibili.com,,,,
H004816,2026-07-11 17:03:49,email_open,阅读邮件（内部往来 3）,,,,wiki.company.cn,,,,
H004724,2026-07-11 17:04:02,dns_query,域名解析,,T1071.001,,npm.company.cn,,,,
H002844,2026-07-11 17:05:49,web_visit,访问内部 OA/知识库,,T1071,,npm.company.cn,,,,
H006113,2026-07-11 17:08:04,dns_query,域名解析,,T1071.001,,docs.company.cn,,,,
H004149,2026-07-11 17:10:47,failed_login,密码错误自动重试,,T1110.001,,,,,,
H006049,2026-07-11 17:11:14,email_open,阅读邮件（内部往来 1）,,,,oa.company.cn,,,,
H004724,2026-07-11 17:16:50,email_open,阅读邮件（内部往来 1）,,,,oa.company.cn,,,,
H001419,2026-07-11 17:22:09,failed_login,密码错误自动重试,,T1110.001,,,,,,
H000805,2026-07-11 17:23:17,login,登录办公终端,,T1078,,,,,,
H004362,2026-07-11 17:26:07,failed_login,密码错误自动重试,,T1110.001,,,,,,
H000527,2026-07-11 17:28:02,web_visit,访问内部 OA/知识库,,T1071,,kb.company.cn,,,,
H007129,2026-07-11 17:28:31,web_visit,访问内部 OA/知识库,,T1071,,kb.company.cn,,,,
H001668,2026-07-11 17:31:28,login,登录办公终端,,T1078,,,,,,
H002479,2026-07-11 17:32:22,email_open,阅读邮件（内部往来 3）,,,,npm.company.cn,,,,
H000805,2026-07-11 17:32:55,dns_query,域名解析,,T1071.001,,taobao.com,,,,
H004724,2026-07-11 17:32:58,email_open,阅读邮件（内部往来 3）,,,,npm.company.cn,,,,
H003043,2026-07-11 17:34:39,email_open,阅读邮件（内部往来 1）,,,,wiki.company.cn,,,,
H006049,2026-07-11 17:41:59,web_visit,访问内部 OA/知识库,,T1071,,npm.company.cn,,,,
H007458,2026-07-11 17:45:10,download,下载文档/更新包 32MB,,T1204.002,,,39095,,,
H001177,2026-07-11 17:45:58,download,下载文档/更新包 13MB,,T1204.002,,,28209,,,
H004564,2026-07-11 17:49:12,web_visit,访问内部 OA/知识库,,T1071,,wiki.company.cn,,,,
H003043,2026-07-11 17:54:51,email_open,阅读邮件（内部往来 3）,,,,oa.company.cn,,,,
H002223,2026-07-11 17:56:24,web_visit,访问内部 OA/知识库,,T1071,,npm.company.cn,,,,
H005220,2026-07-11 17:56:43,login,登录办公终端,,T1078,,,,,,
H004149,2026-07-11 18:03:51,email_open,阅读邮件（内部往来 3）,,,,kb.company.cn,,,,
H001269,2026-07-11 18:04:07,failed_login,密码错误自动重试,,T1110.001,,,,,,
H006473,2026-07-11 18:05:49,login,登录办公终端,,T1078,,,,苏州市,,
H004058,2026-07-11 18:07:37,email_open,阅读邮件（内部往来 1）,,,,kb.company.cn,,,,
H008981,2026-07-11 18:10:46,email_open,阅读邮件（内部往来 3）,,,,mail.company.cn,,,,
H006419,2026-07-11 18:12:39,web_visit,访问内部 OA/知识库,,T1071,,mail.company.cn,,,,
H008871,2026-07-11 18:16:41,web_visit,访问内部 OA/知识库,,T1071,,npm.company.cn,,,,
H008057,2026-07-11 18:19:52,dns_query,域名解析,,T1071.001,,jd.com,,,,
H009979,2026-07-11 18:23:13,failed_login,密码错误自动重试,,T1110.001,,,,,,
H007030,2026-07-11 18:23:48,email_open,阅读邮件（内部往来 1）,,,,kb.company.cn,,,,
H009500,2026-07-11 18:23:59,email_open,阅读邮件（内部往来 3）,,,,mail.company.cn,,,,
H009698,2026-07-11 18:28:25,failed_login,密码错误自动重试,,T1110.001,,,,,,
H006113,2026-07-11 18:29:13,web_visit,访问内部 OA/知识库,,T1071,,mail.company.cn,,,,
H004763,2026-07-11 18:30:06,login,登录办公终端,,T1078,,,,,,
H001177,2026-07-11 18:31:33,login,登录办公终端,,T1078,,,,,,
H007030,2026-07-11 18:32:25,web_visit,访问内部 OA/知识库,,T1071,,kb.company.cn,,,,
H003923,2026-07-11 18:36:51,email_open,阅读邮件（内部往来 1）,,,,mail.company.cn,,,,
H000805,2026-07-11 18:37:06,web_visit,访问内部 OA/知识库,,T1071,,oa.company.cn,,,,
H006473,2026-07-11 18:38:42,dns_query,域名解析,,T1071.001,,npm.company.cn,,,,
H009500,2026-07-11 18:39:08,login,登录办公终端,,T1078,,,,,,
H004058,2026-07-11 18:41:24,web_visit,访问内部 OA/知识库,,T1071,,oa.company.cn,,,,
H001235,2026-07-11 18:42:19,download,下载文档/更新包 32MB,,T1204.002,,,39749,,,
H001402,2026-07-11 18:43:50,dns_query,域名解析,,T1071.001,,mail.company.cn,,,,
H004149,2026-07-11 18:44:46,download,下载文档/更新包 39MB,,T1204.002,,,1668,,,
H004724,2026-07-11 18:45:41,login,登录办公终端,,T1078,,,,,,
H002480,2026-07-11 18:46:46,web_visit,访问内部 OA/知识库,,T1071,,mail.company.cn,,,,
H003833,2026-07-11 18:47:49,web_visit,访问内部 OA/知识库,,T1071,,docs.company.cn,,,,
H008154,2026-07-11 18:53:01,login,登录办公终端,,T1078,,,,,,
H000987,2026-07-11 18:55:35,email_open,阅读邮件（内部往来 1）,,,,docs.company.cn,,,,
H005496,2026-07-11 19:00:40,failed_login,密码错误自动重试,,T1110.001,,,,,,
H007129,2026-07-11 19:02:34,failed_login,密码错误自动重试,,T1110.001,,,,,,
H003752,2026-07-11 19:08:34,email_open,阅读邮件（内部往来 1）,,,,kb.company.cn,,,,
H000438,2026-07-11 19:09:22,dns_query,域名解析,,T1071.001,,kb.company.cn,,,,
H000117,2026-07-11 19:11:27,failed_login,密码错误自动重试,,T1110.001,,,,,,
H004149,2026-07-11 19:20:20,failed_login,密码错误自动重试,,T1110.001,,,,,,
H001419,2026-07-11 19:25:18,login,登录办公终端,,T1078,,,,,,
H006419,2026-07-11 19:26:17,email_open,阅读邮件（内部往来 1）,,,,oa.company.cn,,,,
H008214,2026-07-11 19:28:47,web_visit,访问内部 OA/知识库,,T1071,,kb.company.cn,,,,
H006718,2026-07-11 19:29:38,dns_query,域名解析,,T1071.001,,oa.company.cn,,,,
H006566,2026-07-11 19:33:37,web_visit,访问内部 OA/知识库,,T1071,,wiki.company.cn,,,,
H006311,2026-07-11 19:34:53,web_visit,访问内部 OA/知识库,,T1071,,mail.company.cn,,,,
H005496,2026-07-11 19:40:49,login,登录办公终端,,T1078,,,,,,
H008871,2026-07-11 19:41:51,web_visit,访问内部 OA/知识库,,T1071,,docs.company.cn,,,,
H001402,2026-07-11 19:44:07,login,登录办公终端,,T1078,,,,,,
H009903,2026-07-11 19:46:54,login,登录办公终端,,T1078,,,,天津市,,
H007458,2026-07-11 19:47:08,failed_login,密码错误自动重试,,T1110.001,,,,,,
H008871,2026-07-11 19:47:46,login,登录办公终端,,T1078,,,,南京市,,
H007458,2026-07-11 19:49:33,web_visit,访问内部 OA/知识库,,T1071,,mail.company.cn,,,,
H004058,2026-07-11 19:50:34,email_open,阅读邮件（内部往来 4）,,,,kb.company.cn,,,,
H007030,2026-07-11 19:51:48,email_open,阅读邮件（内部往来 2）,,,,wiki.company.cn,,,,
H006311,2026-07-11 19:52:53,email_open,阅读邮件（内部往来 1）,,,,docs.company.cn,,,,
H000466,2026-07-11 19:57:49,login,登录办公终端,,T1078,,,,,,
H001419,2026-07-11 19:59:27,email_open,阅读邮件（内部往来 1）,,,,npm.company.cn,,,,
H009903,2026-07-11 20:02:13,dns_query,域名解析,,T1071.001,,wiki.company.cn,,,,
H003725,2026-07-11 20:12:21,login,登录办公终端,,T1078,,,,,,
H002479,2026-07-11 20:13:13,email_open,阅读邮件（内部往来 1）,,,,wiki.company.cn,,,,
H004080,2026-07-11 20:20:08,email_open,阅读邮件（内部往来 3）,,,,wiki.company.cn,,,,
H002223,2026-07-11 20:21:41,email_open,阅读邮件（内部往来 1）,,,,oa.company.cn,,,,
H009903,2026-07-11 20:32:26,email_open,阅读邮件（内部往来 2）,,,,kb.company.cn,,,,
H000117,2026-07-11 20:33:08,web_visit,访问内部 OA/知识库,,T1071,,npm.company.cn,,,,
H001269,2026-07-11 20:38:53,login,登录办公终端,,T1078,,,,,,
H009816,2026-07-11 20:41:12,email_open,阅读邮件（内部往来 1）,,,,oa.company.cn,,,,
H000527,2026-07-11 20:44:04,login,登录办公终端,,T1078,,,,,,
H003725,2026-07-11 20:49:30,email_open,阅读邮件（内部往来 3）,,,,npm.company.cn,,,,
H001796,2026-07-11 20:49:49,failed_login,密码错误自动重试,,T1110.001,,,,,,
H002479,2026-07-11 20:51:03,email_open,阅读邮件（内部往来 2）,,,,kb.company.cn,,,,
H009170,2026-07-11 20:51:04,login,异地登录（出差未报备）,,T1078,,,,东莞市,,
H009903,2026-07-11 21:02:07,email_open,阅读邮件（内部往来 1）,,,,wiki.company.cn,,,,
H004149,2026-07-11 21:11:21,web_visit,访问内部 OA/知识库,,T1071,,wiki.company.cn,,,,
H007512,2026-07-11 21:13:13,login,登录办公终端,,T1078,,,,,,
H006373,2026-07-11 21:28:07,login,登录办公终端,,T1078,,,,苏州市,,
H004058,2026-07-11 21:28:38,login,登录办公终端,,T1078,,,,,,
H003725,2026-07-11 21:39:05,dns_query,域名解析,,T1071.001,,docs.company.cn,,,,
H004362,2026-07-11 21:43:15,failed_login,密码错误自动重试,,T1110.001,,,,,,
H000805,2026-07-11 21:58:23,email_open,阅读邮件（内部往来 1）,,,,docs.company.cn,,,,
H005614,2026-07-11 22:14:40,failed_login,密码错误自动重试,,T1110.001,,,,,,
H006373,2026-07-11 22:21:49,failed_login,密码错误自动重试,,T1110.001,,,,,,
H004058,2026-07-11 22:37:21,failed_login,密码错误自动重试,,T1110.001,,,,,,
H004956,2026-07-11 22:50:01,dns_query,域名解析,,T1071.001,,docs.company.cn,,,,
H006419,2026-07-11 23:07:57,dns_query,域名解析,,T1071.001,,oa.company.cn,,,,
H003533,2026-07-11 23:38:10,email_open,阅读邮件（内部往来 1）,,,,wiki.company.cn,,,,
H002479,2026-07-11 23:47:16,login,登录办公终端,,T1078,,,,天津市,,
H001235,2026-07-12 00:47:10,email_open,阅读邮件（内部往来 2）,,,,wiki.company.cn,,,,
H000466,2026-07-12 02:00:01,failed_login,登录尝试失败（连续输错）,,T1110.001,,,,深圳市,,
H008981,2026-07-12 02:00:41,failed_login,登录尝试失败（连续输错）,,T1110.001,,,,上海市,,
H000466,2026-07-12 02:01:01,failed_login,登录尝试失败（连续输错）,,T1110.001,,,,深圳市,,
H008981,2026-07-12 02:01:41,failed_login,登录尝试失败（连续输错）,,T1110.001,,,,深圳市,,
H001721,2026-07-12 02:01:45,login,登录办公终端,,T1078,,,,,,
H000466,2026-07-12 02:02:01,failed_login,登录尝试失败（连续输错）,,T1110.001,,,,深圳市,,
H002540,2026-07-12 02:15:53,failed_login,密码错误自动重试,,T1110.001,,,,,,
H006566,2026-07-12 02:19:46,email_open,阅读邮件（内部往来 1）,,,,oa.company.cn,,,,
H003893,2026-07-12 02:22:44,email_open,阅读邮件（内部往来 2）,,,,kb.company.cn,,,,
H001796,2026-07-12 05:12:25,failed_login,密码错误自动重试,,T1110.001,,,,,,
H004902,2026-07-12 06:17:21,dns_query,域名解析,,T1071.001,,npm.company.cn,,,,
H002540,2026-07-12 06:42:28,failed_login,密码错误自动重试,,T1110.001,,,,,,
H002540,2026-07-12 06:51:41,email_open,阅读邮件（内部往来 3）,,,,mail.company.cn,,,,
H007500,2026-07-12 06:53:44,web_visit,访问内部 OA/知识库,,T1071,,oa.company.cn,,,,
H003416,2026-07-12 07:14:14,email_open,阅读邮件（内部往来 1）,,,,docs.company.cn,,,,
H004362,2026-07-12 07:18:52,login,登录办公终端,,T1078,,,,,,
H004902,2026-07-12 07:50:13,web_visit,访问内部 OA/知识库,,T1071,,mail.company.cn,,,,
H008154,2026-07-12 08:12:36,email_open,阅读邮件（内部往来 3）,,,,wiki.company.cn,,,,
H006049,2026-07-12 08:14:30,email_open,阅读邮件（内部往来 2）,,,,npm.company.cn,,,,
H003910,2026-07-12 08:15:13,email_open,阅读邮件（内部往来 2）,,,,mail.company.cn,,,,
H006738,2026-07-12 08:15:16,email_open,阅读邮件（内部往来 2）,,,,docs.company.cn,,,,
H003910,2026-07-12 08:16:32,failed_login,密码错误自动重试,,T1110.001,,,,,,
H001177,2026-07-12 08:18:00,email_open,阅读邮件（内部往来 4）,,,,npm.company.cn,,,,
H005220,2026-07-12 08:32:59,failed_login,密码错误自动重试,,T1110.001,,,,,,
H001824,2026-07-12 08:42:45,web_visit,访问内部 OA/知识库,,T1071,,oa.company.cn,,,,
H006049,2026-07-12 08:46:32,login,登录办公终端,,T1078,,,,,,
H004950,2026-07-12 08:46:34,email_open,阅读邮件（内部往来 3）,,,,docs.company.cn,,,,
H003973,2026-07-12 08:57:21,email_open,阅读邮件（内部往来 2）,,,,oa.company.cn,,,,
H005496,2026-07-12 09:04:58,login,异地登录（出差未报备）,,T1078,,,,西安市,,
H002844,2026-07-12 09:07:16,email_open,阅读邮件（内部往来 1）,,,,oa.company.cn,,,,
H001235,2026-07-12 09:08:06,web_visit,访问内部 OA/知识库,,T1071,,npm.company.cn,,,,
H005220,2026-07-12 09:12:56,login,登录办公终端,,T1078,,,,,,
H001177,2026-07-12 09:18:45,web_visit,访问内部 OA/知识库,,T1071,,npm.company.cn,,,,
H004360,2026-07-12 09:19:48,login,登录办公终端,,T1078,,,,苏州市,,
H005496,2026-07-12 09:23:25,dns_query,域名解析,,T1071.001,,taobao.com,,,,
H003910,2026-07-12 09:27:17,email_open,阅读邮件（内部往来 4）,,,,docs.company.cn,,,,
H009535,2026-07-12 09:29:33,login,登录办公终端,,T1078,,,,,,
H003973,2026-07-12 09:33:43,login,登录办公终端,,T1078,,,,,,
H006113,2026-07-12 09:55:00,failed_login,密码错误自动重试,,T1110.001,,,,,,
H006718,2026-07-12 09:57:35,failed_login,密码错误自动重试,,T1110.001,,,,,,
H003910,2026-07-12 10:03:56,dns_query,域名解析,,T1071.001,,qq.com,,,,
H001547,2026-07-12 10:05:59,failed_login,密码错误自动重试,,T1110.001,,,,,,
H008154,2026-07-12 10:08:58,email_open,阅读邮件（内部往来 1）,,,,mail.company.cn,,,,
H004950,2026-07-12 10:10:12,email_open,阅读邮件（内部往来 2）,,,,docs.company.cn,,,,
H004394,2026-07-12 10:14:21,dns_query,域名解析,,T1071.001,,docs.company.cn,,,,
H006718,2026-07-12 10:15:28,login,登录办公终端,,T1078,,,,,,
H004564,2026-07-12 10:15:39,email_open,阅读邮件（内部往来 4）,,,,oa.company.cn,,,,
H005767,2026-07-12 10:18:04,upload,上传附件 9MB,,T1567,,docs.company.cn,13119,,,
H000763,2026-07-12 10:21:56,email_open,阅读邮件（内部往来 2）,,,,wiki.company.cn,,,,
H009698,2026-07-12 10:22:58,web_visit,访问内部 OA/知识库,,T1071,,oa.company.cn,,,,
H004564,2026-07-12 10:26:29,email_open,阅读邮件（内部往来 1）,,,,wiki.company.cn,,,,
H003416,2026-07-12 10:26:55,failed_login,密码错误自动重试,,T1110.001,,,,,,
H001419,2026-07-12 10:27:04,web_visit,访问内部 OA/知识库,,T1071,,npm.company.cn,,,,
H001796,2026-07-12 10:29:50,email_open,阅读邮件（内部往来 1）,,,,oa.company.cn,,,,
H001235,2026-07-12 10:32:49,login,登录办公终端,,T1078,,,,,,
H005614,2026-07-12 10:34:54,web_visit,访问内部 OA/知识库,,T1071,,kb.company.cn,,,,
H007030,2026-07-12 10:40:25,login,登录办公终端,,T1078,,,,西安市,,
H003910,2026-07-12 10:41:13,email_open,阅读邮件（内部往来 3）,,,,mail.company.cn,,,,
H003416,2026-07-12 10:43:04,login,登录办公终端,,T1078,,,,,,
H004763,2026-07-12 10:47:26,login,登录办公终端,,T1078,,,,,,
H002540,2026-07-12 11:01:36,email_open,阅读邮件（内部往来 2）,,,,wiki.company.cn,,,,
H004902,2026-07-12 11:02:22,login,登录办公终端,,T1078,,,,,,
H006738,2026-07-12 11:02:46,web_visit,访问内部 OA/知识库,,T1071,,docs.company.cn,,,,
H008981,2026-07-12 11:05:59,email_open,阅读邮件（内部往来 2）,,,,npm.company.cn,,,,
H000763,2026-07-12 11:07:27,email_open,阅读邮件（内部往来 1）,,,,kb.company.cn,,,,
H001235,2026-07-12 11:28:48,email_open,阅读邮件（内部往来 3）,,,,mail.company.cn,,,,
H008981,2026-07-12 11:30:29,login,登录办公终端,,T1078,,,,,,
H005496,2026-07-12 11:33:35,smb_connect,访问文件服务器共享目录,,T1021.002,,,,,,FILE-SRV01
H006113,2026-07-12 11:34:05,login,登录办公终端,,T1078,,,,武汉市,,
H006473,2026-07-12 11:36:19,web_visit,访问内部 OA/知识库,,T1071,,docs.company.cn,,,,
H006718,2026-07-12 11:36:52,email_open,阅读邮件（内部往来 3）,,,,mail.company.cn,,,,
H009698,2026-07-12 11:37:48,login,登录办公终端,,T1078,,,,,,
H003416,2026-07-12 11:37:49,dns_query,域名解析,,T1071.001,,mail.company.cn,,,,
H006718,2026-07-12 11:45:50,email_open,阅读邮件（内部往来 1）,,,,wiki.company.cn,,,,
H004950,2026-07-12 11:47:28,login,登录办公终端,,T1078,,,,,,
H008154,2026-07-12 11:48:53,web_visit,访问内部 OA/知识库,,T1071,,docs.company.cn,,,,
H002774,2026-07-12 11:49:48,dns_query,域名解析,,T1071.001,,wiki.company.cn,,,,
H001419,2026-07-12 11:51:46,email_open,阅读邮件（内部往来 2）,,,,wiki.company.cn,,,,
H005767,2026-07-12 11:53:09,login,登录办公终端,,T1078,,,,,,
H001419,2026-07-12 11:58:39,login,登录办公终端,,T1078,,,,,,
H004394,2026-07-12 12:08:41,web_visit,访问内部 OA/知识库,,T1071,,npm.company.cn,,,,
H005767,2026-07-12 12:12:14,dns_query,域名解析,,T1071.001,,github.com,,,,
H001402,2026-07-12 12:15:50,email_open,阅读邮件（内部往来 1）,,,,mail.company.cn,,,,
H003910,2026-07-12 12:16:25,email_open,阅读邮件（内部往来 1）,,,,npm.company.cn,,,,
H006747,2026-07-12 12:20:20,email_open,阅读邮件（内部往来 1）,,,,docs.company.cn,,,,
H005614,2026-07-12 12:22:27,email_open,阅读邮件（内部往来 1）,,,,npm.company.cn,,,,
H006566,2026-07-12 12:28:37,dns_query,域名解析,,T1071.001,,docs.company.cn,,,,
H003725,2026-07-12 12:32:02,email_open,阅读邮件（内部往来 1）,,,,mail.company.cn,,,,
H001177,2026-07-12 12:36:22,email_open,阅读邮件（内部往来 1）,,,,oa.company.cn,,,,
H008981,2026-07-12 12:55:01,dns_query,域名解析,,T1071.001,,weibo.com,,,,
H003893,2026-07-12 13:00:05,login,登录办公终端,,T1078,,,,,,
H007500,2026-07-12 13:00:57,email_open,阅读邮件（内部往来 1）,,,,wiki.company.cn,,,,
H005220,2026-07-12 13:02:44,dns_query,域名解析,,T1071.001,,weibo.com,,,,
H005151,2026-07-12 13:10:13,web_visit,访问内部 OA/知识库,,T1071,,kb.company.cn,,,,
H005496,2026-07-12 13:14:37,email_open,阅读邮件（内部往来 2）,,,,mail.company.cn,,,,
H008154,2026-07-12 13:15:45,email_open,阅读邮件（内部往来 2）,,,,npm.company.cn,,,,
H001177,2026-07-12 13:21:35,email_open,阅读邮件（内部往来 2）,,,,oa.company.cn,,,,
H005614,2026-07-12 13:24:26,failed_login,密码错误自动重试,,T1110.001,,,,,,
H002774,2026-07-12 13:26:01,email_open,阅读邮件（内部往来 2）,,,,npm.company.cn,,,,
H004362,2026-07-12 13:28:59,web_visit,访问内部 OA/知识库,,T1071,,oa.company.cn,,,,
H004950,2026-07-12 13:35:45,email_open,阅读邮件（内部往来 1）,,,,kb.company.cn,,,,
H005220,2026-07-12 13:36:01,web_visit,访问内部 OA/知识库,,T1071,,mail.company.cn,,,,
H004360,2026-07-12 13:36:37,email_open,阅读邮件（内部往来 2）,,,,docs.company.cn,,,,
H003725,2026-07-12 13:37:47,login,登录办公终端,,T1078,,,,,,
H004360,2026-07-12 13:41:36,email_open,阅读邮件（内部往来 1）,,,,wiki.company.cn,,,,
H004763,2026-07-12 13:41:40,email_open,阅读邮件（内部往来 2）,,,,kb.company.cn,,,,
H004564,2026-07-12 13:47:11,failed_login,密码错误自动重试,,T1110.001,,,,,,
H006473,2026-07-12 13:55:10,email_open,阅读邮件（内部往来 1）,,,,npm.company.cn,,,,
H003416,2026-07-12 13:55:59,failed_login,密码错误自动重试,,T1110.001,,,,,,
H001547,2026-07-12 13:59:44,email_open,阅读邮件（内部往来 1）,,,,wiki.company.cn,,,,
H001177,2026-07-12 14:02:07,web_visit,访问内部 OA/知识库,,T1071,,kb.company.cn,,,,
H006718,2026-07-12 14:06:58,dns_query,域名解析,,T1071.001,,taobao.com,,,,
H004362,2026-07-12 14:09:18,failed_login,密码错误自动重试,,T1110.001,,,,,,
H003910,2026-07-12 14:13:29,web_visit,访问内部 OA/知识库,,T1071,,wiki.company.cn,,,,
H006718,2026-07-12 14:13:45,email_open,阅读邮件（内部往来 2）,,,,docs.company.cn,,,,
H001402,2026-07-12 14:15:44,failed_login,密码错误自动重试,,T1110.001,,,,,,
H001235,2026-07-12 14:17:11,failed_login,密码错误自动重试,,T1110.001,,,,,,
H005496,2026-07-12 14:20:46,login,登录办公终端,,T1078,,,,,,
H001796,2026-07-12 14:22:09,login,登录办公终端,,T1078,,,,,,
H006113,2026-07-12 14:23:23,dns_query,域名解析,,T1071.001,,zhihu.com,,,,
H006049,2026-07-12 14:23:34,dns_query,域名解析,,T1071.001,,kb.company.cn,,,,
H006566,2026-07-12 14:31:07,web_visit,访问内部 OA/知识库,,T1071,,npm.company.cn,,,,
H007030,2026-07-12 14:32:30,web_visit,访问内部 OA/知识库,,T1071,,kb.company.cn,,,,
H001402,2026-07-12 14:32:58,login,登录办公终端,,T1078,,,,,,
H004564,2026-07-12 14:36:34,failed_login,密码错误自动重试,,T1110.001,,,,,,
H004564,2026-07-12 14:40:43,email_open,阅读邮件（内部往来 3）,,,,oa.company.cn,,,,
H007500,2026-07-12 14:41:02,login,登录办公终端,,T1078,,,,,,
H006738,2026-07-12 14:42:26,failed_login,密码错误自动重试,,T1110.001,,,,,,
H009903,2026-07-12 14:52:29,failed_login,密码错误自动重试,,T1110.001,,,,,,
H001547,2026-07-12 15:00:42,email_open,阅读邮件（内部往来 3）,,,,npm.company.cn,,,,
H004953,2026-07-12 15:00:42,dns_query,域名解析,,T1071.001,,bilibili.com,,,,
H001269,2026-07-12 15:02:06,web_visit,访问内部 OA/知识库,,T1071,,oa.company.cn,,,,
H001177,2026-07-12 15:11:37,login,登录办公终端,,T1078,,,,,,
H000763,2026-07-12 15:12:07,dns_query,域名解析,,T1071.001,,zhihu.com,,,,
H006738,2026-07-12 15:12:46,email_open,阅读邮件（内部往来 1）,,,,docs.company.cn,,,,
H009535,2026-07-12 15:14:00,web_visit,访问内部 OA/知识库,,T1071,,npm.company.cn,,,,
H004953,2026-07-12 15:14:19,login,登录办公终端,,T1078,,,,南京市,,
H001721,2026-07-12 15:17:17,email_open,阅读邮件（内部往来 2）,,,,kb.company.cn,,,,
H004717,2026-07-12 15:18:03,data_stage,打包资料压缩包 25MB（内部协作）,,T1074.001,,,25600,,,
H002774,2026-07-12 15:18:25,login,登录办公终端,,T1078,,,,,,
H006473,2026-07-12 15:20:03,login,登录办公终端,,T1078,,,,苏州市,,
H009903,2026-07-12 15:21:40,failed_login,密码错误自动重试,,T1110.001,,,,,,
H001269,2026-07-12 15:28:29,failed_login,密码错误自动重试,,T1110.001,,,,,,
H001177,2026-07-12 15:30:59,email_open,阅读邮件（内部往来 3）,,,,mail.company.cn,,,,
H006566,2026-07-12 15:31:22,login,登录办公终端,,T1078,,,,,,
H008981,2026-07-12 15:41:57,email_open,阅读邮件（内部往来 1）,,,,docs.company.cn,,,,
H007030,2026-07-12 15:46:29,email_open,阅读邮件（内部往来 1）,,,,mail.company.cn,,,,
H005151,2026-07-12 15:47:14,web_visit,访问内部 OA/知识库,,T1071,,kb.company.cn,,,,
H004360,2026-07-12 15:50:36,web_visit,访问内部 OA/知识库,,T1071,,oa.company.cn,,,,
H004564,2026-07-12 15:51:56,login,登录办公终端,,T1078,,,,,,
H006113,2026-07-12 15:52:18,email_open,阅读邮件（内部往来 1）,,,,wiki.company.cn,,,,
H004362,2026-07-12 15:55:38,email_open,阅读邮件（内部往来 1）,,,,npm.company.cn,,,,
H006566,2026-07-12 15:58:36,email_open,阅读邮件（内部往来 2）,,,,kb.company.cn,,,,
H004394,2026-07-12 16:01:37,email_open,阅读邮件（内部往来 2）,,,,oa.company.cn,,,,
H009698,2026-07-12 16:01:57,upload,上传附件 2MB,,T1567,,docs.company.cn,1175,,,
H004394,2026-07-12 16:02:39,login,登录办公终端,,T1078,,,,,,
H001269,2026-07-12 16:05:45,download,下载文档/更新包 11MB,,T1204.002,,,12963,,,
H004564,2026-07-12 16:09:15,failed_login,密码错误自动重试,,T1110.001,,,,,,
H002774,2026-07-12 16:09:37,email_open,阅读邮件（内部往来 1）,,,,mail.company.cn,,,,
H001547,2026-07-12 16:09:44,login,登录办公终端,,T1078,,,,南京市,,
H002844,2026-07-12 16:17:07,dns_query,域名解析,,T1071.001,,taobao.com,,,,
H006718,2026-07-12 16:18:41,web_visit,访问内部 OA/知识库,,T1071,,docs.company.cn,,,,
H005614,2026-07-12 16:20:17,login,登录办公终端,,T1078,,,,西安市,,
H001419,2026-07-12 16:23:56,email_open,阅读邮件（内部往来 1）,,,,oa.company.cn,,,,
H001824,2026-07-12 16:27:05,web_visit,访问内部 OA/知识库,,T1071,,kb.company.cn,,,,
H003910,2026-07-12 16:31:53,login,登录办公终端,,T1078,,,,,,
H003416,2026-07-12 16:32:21,upload,上传附件 14MB,,T1567,,docs.company.cn,2437,,,
H007030,2026-07-12 16:35:41,web_visit,访问内部 OA/知识库,,T1071,,docs.company.cn,,,,
H005767,2026-07-12 16:37:24,web_visit,访问内部 OA/知识库,,T1071,,oa.company.cn,,,,
H004564,2026-07-12 16:38:44,email_open,收到钓鱼邮件（伪造寄件人）,deliver,,,hr-notice-svc.cn,,,,
H006049,2026-07-12 16:45:47,email_open,阅读邮件（内部往来 1）,,,,wiki.company.cn,,,,
H001402,2026-07-12 16:48:29,dns_query,域名解析,,T1071.001,,wiki.company.cn,,,,
H006747,2026-07-12 16:50:48,web_visit,访问内部 OA/知识库,,T1071,,mail.company.cn,,,,
H006373,2026-07-12 16:51:17,cleanup,清理回收站与临时文件,,T1070.004,,,,,,
H005220,2026-07-12 16:52:27,email_open,阅读邮件（内部往来 1）,,,,npm.company.cn,,,,
H006747,2026-07-12 16:57:42,login,登录办公终端,,T1078,,,,,,
H006718,2026-07-12 16:59:17,web_visit,访问内部 OA/知识库,,T1071,,wiki.company.cn,,,,
H006473,2026-07-12 17:01:53,web_visit,访问内部 OA/知识库,,T1071,,oa.company.cn,,,,
H004763,2026-07-12 17:06:12,email_open,阅读邮件（内部往来 1）,,,,oa.company.cn,,,,
H008154,2026-07-12 17:10:07,login,登录办公终端,,T1078,,,,,,
H004950,2026-07-12 17:11:02,web_visit,访问内部 OA/知识库,,T1071,,mail.company.cn,,,,
H000763,2026-07-12 17:11:11,login,登录办公终端,,T1078,,,,,,
H002540,2026-07-12 17:11:24,web_visit,访问内部 OA/知识库,,T1071,,oa.company.cn,,,,
H009535,2026-07-12 17:16:13,failed_login,密码错误自动重试,,T1110.001,,,,,,
H001796,2026-07-12 17:18:43,dns_query,域名解析,,T1071.001,,npm.company.cn,,,,
H001235,2026-07-12 17:19:32,email_open,阅读邮件（内部往来 1）,,,,docs.company.cn,,,,
H001721,2026-07-12 17:20:28,email_open,阅读邮件（内部往来 3）,,,,docs.company.cn,,,,
H004717,2026-07-12 17:23:46,login,登录办公终端,,T1078,,,,,,
H001824,2026-07-12 17:25:05,email_open,阅读邮件（内部往来 1）,,,,oa.company.cn,,,,
H006738,2026-07-12 17:29:57,failed_login,密码错误自动重试,,T1110.001,,,,,,
H004564,2026-07-12 17:30:31,email_open,阅读邮件（内部往来 2）,,,,docs.company.cn,,,,
H001721,2026-07-12 17:31:58,email_open,阅读邮件（内部往来 1）,,,,npm.company.cn,,,,
H004717,2026-07-12 17:34:34,web_visit,访问内部 OA/知识库,,T1071,,mail.company.cn,,,,
H005767,2026-07-12 17:35:57,email_open,阅读邮件（内部往来 1）,,,,docs.company.cn,,,,
H004953,2026-07-12 17:38:07,web_visit,访问内部 OA/知识库,,T1071,,oa.company.cn,,,,
H006049,2026-07-12 17:38:22,email_open,阅读邮件（内部往来 3）,,,,kb.company.cn,,,,
H006113,2026-07-12 17:47:54,download,下载文档/更新包 4MB,,T1204.002,,,5012,,,
H004394,2026-07-12 17:49:41,failed_login,密码错误自动重试,,T1110.001,,,,,,
H001547,2026-07-12 17:50:55,email_open,阅读邮件（内部往来 2）,,,,oa.company.cn,,,,
H004717,2026-07-12 17:51:42,dns_query,域名解析,,T1071.001,,baidu.com,,,,
H004394,2026-07-12 18:01:50,upload,上传附件 6MB,,T1567,,docs.company.cn,4439,,,
H005151,2026-07-12 18:02:20,dns_query,域名解析,,T1071.001,,baidu.com,,,,
H009903,2026-07-12 18:02:50,dns_query,域名解析,,T1071.001,,mail.company.cn,,,,
H002540,2026-07-12 18:04:25,login,登录办公终端,,T1078,,,,,,
H004394,2026-07-12 18:07:50,email_open,阅读邮件（内部往来 1）,,,,mail.company.cn,,,,
H002540,2026-07-12 18:10:32,email_open,阅读邮件（内部往来 1）,,,,kb.company.cn,,,,
H006718,2026-07-12 18:11:58,email_open,阅读邮件（内部往来 4）,,,,oa.company.cn,,,,
H005767,2026-07-12 18:14:26,download,下载文档/更新包 29MB,,T1204.002,,,42991,,,
H001824,2026-07-12 18:15:19,login,登录办公终端,,T1078,,,,,,
H002844,2026-07-12 18:17:37,login,登录办公终端,,T1078,,,,苏州市,,
H003893,2026-07-12 18:24:10,web_visit,访问内部 OA/知识库,,T1071,,docs.company.cn,,,,
H003725,2026-07-12 18:24:39,failed_login,密码错误自动重试,,T1110.001,,,,,,
H001419,2026-07-12 18:28:56,failed_login,密码错误自动重试,,T1110.001,,,,,,
H009535,2026-07-12 18:29:00,email_open,阅读邮件（内部往来 1）,,,,oa.company.cn,,,,
H004902,2026-07-12 18:29:34,email_open,阅读邮件（内部往来 1）,,,,docs.company.cn,,,,
H004394,2026-07-12 18:29:46,failed_login,密码错误自动重试,,T1110.001,,,,,,
H001402,2026-07-12 18:35:50,upload,数据云备份（合规）,,T1567,,backup.company.cn,351232,,,
H001721,2026-07-12 18:40:02,web_visit,访问内部 OA/知识库,,T1071,,mail.company.cn,,,,
H005220,2026-07-12 18:43:56,failed_login,密码错误自动重试,,T1110.001,,,,,,
H003973,2026-07-12 18:45:06,email_open,阅读邮件（内部往来 1）,,,,npm.company.cn,,,,
H009903,2026-07-12 18:46:52,download,下载文档/更新包 11MB,,T1204.002,,,39131,,,
H003893,2026-07-12 18:49:56,email_open,阅读邮件（内部往来 1）,,,,oa.company.cn,,,,
H006738,2026-07-12 18:58:19,login,登录办公终端,,T1078,,,,,,
H005151,2026-07-12 18:59:09,login,登录办公终端,,T1078,,,,,,
H004953,2026-07-12 19:07:52,email_open,阅读邮件（内部往来 1）,,,,npm.company.cn,,,,
H002844,2026-07-12 19:17:45,web_visit,访问内部 OA/知识库,,T1071,,oa.company.cn,,,,
H009903,2026-07-12 19:18:36,login,登录办公终端,,T1078,,,,天津市,,
H001269,2026-07-12 19:20:38,login,登录办公终端,,T1078,,,,,,
H001419,2026-07-12 19:21:01,failed_login,密码错误自动重试,,T1110.001,,,,,,
H004953,2026-07-12 19:23:42,failed_login,密码错误自动重试,,T1110.001,,,,,,
H006738,2026-07-12 19:27:22,email_open,阅读邮件（内部往来 3）,,,,mail.company.cn,,,,
H002844,2026-07-12 19:31:22,email_open,阅读邮件（内部往来 2）,,,,npm.company.cn,,,,
H004950,2026-07-12 19:31:22,dns_query,域名解析,,T1071.001,,mail.company.cn,,,,
H003910,2026-07-12 19:36:20,failed_login,密码错误自动重试,,T1110.001,,,,,,
H005614,2026-07-12 19:41:53,web_visit,访问内部 OA/知识库,,T1071,,wiki.company.cn,,,,
H007030,2026-07-12 19:42:30,dns_query,域名解析,,T1071.001,,docs.company.cn,,,,
H009903,2026-07-12 19:47:14,web_visit,访问内部 OA/知识库,,T1071,,mail.company.cn,,,,
H007030,2026-07-12 19:57:13,failed_login,密码错误自动重试,,T1110.001,,,,,,
H001419,2026-07-12 20:27:30,dns_query,域名解析,,T1071.001,,zhihu.com,,,,
H002540,2026-07-12 20:52:41,email_open,阅读邮件（内部往来 4）,,,,docs.company.cn,,,,
H007030,2026-07-12 20:56:02,failed_login,密码错误自动重试,,T1110.001,,,,,,
H004763,2026-07-12 21:32:54,email_open,阅读邮件（内部往来 3）,,,,npm.company.cn,,,,
H006738,2026-07-12 22:17:16,web_visit,访问内部 OA/知识库,,T1071,,mail.company.cn,,,,
H009535,2026-07-12 22:28:56,web_visit,访问内部 OA/知识库,,T1071,,wiki.company.cn,,,,
H005496,2026-07-12 22:36:57,email_open,阅读邮件（内部往来 1）,,,,oa.company.cn,,,,
H004564,2026-07-12 22:38:44,email_click,点击钓鱼链接并输入凭据,exploit,T1566.001,evasive,hr-notice-svc.cn,,,,
H004564,2026-07-12 22:44:44,mfa_denied,异常 MFA 尝试被拒（异地设备）,exploit,T1621,evasive,,,,,
H009500,2026-07-13 00:15:34,login,登录办公终端,,T1078,,,,,,
H001668,2026-07-13 00:25:29,failed_login,密码错误自动重试,,T1110.001,,,,,,
H001819,2026-07-13 06:10:09,email_open,阅读邮件（内部往来 1）,,,,npm.company.cn,,,,
H009979,2026-07-13 06:18:34,download,下载文档/更新包 8MB,,T1204.002,,,16592,,,
H007458,2026-07-13 06:58:57,login,登录办公终端,,T1078,,,,,,
H006419,2026-07-13 07:04:57,email_open,阅读邮件（内部往来 1）,,,,npm.company.cn,,,,
H001668,2026-07-13 07:17:37,login,登录办公终端,,T1078,,,,,,
H002223,2026-07-13 07:17:58,failed_login,密码错误自动重试,,T1110.001,,,,,,
H002774,2026-07-13 07:24:52,email_open,阅读邮件（内部往来 1）,,,,kb.company.cn,,,,
H004775,2026-07-13 07:38:30,email_open,阅读邮件（内部往来 1）,,,,npm.company.cn,,,,
H001402,2026-07-13 07:54:37,web_visit,访问内部 OA/知识库,,T1071,,npm.company.cn,,,,
H004950,2026-07-13 08:02:28,web_visit,访问内部 OA/知识库,,T1071,,npm.company.cn,,,,
H006473,2026-07-13 08:02:44,login,登录办公终端,,T1078,,,,苏州市,,
H004360,2026-07-13 08:04:42,email_open,阅读邮件（内部往来 2）,,,,npm.company.cn,,,,
H004564,2026-07-13 08:04:45,failed_login,密码错误自动重试,,T1110.001,,,,,,
H004775,2026-07-13 08:12:43,download,下载文档/更新包 16MB,,T1204.002,,,18059,,,
H001668,2026-07-13 08:13:57,dns_query,域名解析,,T1071.001,,jd.com,,,,
H006049,2026-07-13 08:16:50,login,登录办公终端,,T1078,,,,,,
H001721,2026-07-13 08:17:15,web_visit,访问内部 OA/知识库,,T1071,,docs.company.cn,,,,
H001796,2026-07-13 08:30:36,download,下载文档/更新包 18MB,,T1204.002,,,3906,,,
H004362,2026-07-13 08:31:04,dns_query,域名解析,,T1071.001,,taobao.com,,,,
H004564,2026-07-13 08:45:00,download,下载文档/更新包 18MB,,T1204.002,,,1805,,,
H004775,2026-07-13 08:45:15,web_visit,访问内部 OA/知识库,,T1071,,wiki.company.cn,,,,
H001796,2026-07-13 08:48:12,web_visit,访问内部 OA/知识库,,T1071,,oa.company.cn,,,,
H005988,2026-07-13 08:48:13,email_open,阅读邮件（内部往来 1）,,,,mail.company.cn,,,,
H005988,2026-07-13 08:50:13,email_open,阅读邮件（内部往来 2）,,,,docs.company.cn,,,,
H006113,2026-07-13 08:50:57,web_visit,访问内部 OA/知识库,,T1071,,docs.company.cn,,,,
H004956,2026-07-13 08:51:01,email_open,阅读邮件（内部往来 1）,,,,wiki.company.cn,,,,
H008164,2026-07-13 08:51:32,dns_query,域名解析,,T1071.001,,taobao.com,,,,
H005988,2026-07-13 08:56:26,dns_query,域名解析,,T1071.001,,oa.company.cn,,,,
H005496,2026-07-13 08:58:06,web_visit,访问内部 OA/知识库,,T1071,,kb.company.cn,,,,
H009816,2026-07-13 09:03:19,failed_login,密码错误自动重试,,T1110.001,,,,,,
H001819,2026-07-13 09:03:45,failed_login,密码错误自动重试,,T1110.001,,,,,,
H000527,2026-07-13 09:06:34,email_open,阅读邮件（内部往来 1）,,,,wiki.company.cn,,,,
H004775,2026-07-13 09:09:26,login,登录办公终端,,T1078,,,,,,
H001721,2026-07-13 09:11:36,email_open,阅读邮件（内部往来 1）,,,,oa.company.cn,,,,
H009535,2026-07-13 09:13:34,email_open,阅读邮件（内部往来 1）,,,,wiki.company.cn,,,,
H009816,2026-07-13 09:15:10,login,登录办公终端,,T1078,,,,东莞市,,
H006896,2026-07-13 09:15:53,login,登录办公终端,,T1078,,,,,,
H000117,2026-07-13 09:17:49,web_visit,访问内部 OA/知识库,,T1071,,npm.company.cn,,,,
H001796,2026-07-13 09:20:15,email_open,阅读邮件（内部往来 1）,,,,wiki.company.cn,,,,
H008164,2026-07-13 09:23:14,failed_login,密码错误自动重试,,T1110.001,,,,,,
H000805,2026-07-13 09:25:43,download,下载文档/更新包 2MB,,T1204.002,,,35814,,,
H001668,2026-07-13 09:27:25,failed_login,密码错误自动重试,,T1110.001,,,,,,
H004950,2026-07-13 09:28:32,failed_login,密码错误自动重试,,T1110.001,,,,,,
H004394,2026-07-13 09:35:43,email_open,阅读邮件（内部往来 2）,,,,kb.company.cn,,,,
H008931,2026-07-13 09:36:26,email_open,阅读邮件（内部往来 4）,,,,npm.company.cn,,,,
H004362,2026-07-13 09:37:03,login,登录办公终端,,T1078,,,,,,
H003416,2026-07-13 09:38:23,login,登录办公终端,,T1078,,,,,,
H000559,2026-07-13 09:38:58,login,登录办公终端,,T1078,,,,,,
H003910,2026-07-13 09:40:32,web_visit,访问内部 OA/知识库,,T1071,,docs.company.cn,,,,
H004956,2026-07-13 09:42:26,email_open,阅读邮件（内部往来 2）,,,,kb.company.cn,,,,
H001986,2026-07-13 09:43:19,login,登录办公终端,,T1078,,,,,,
H004394,2026-07-13 09:45:25,download,下载文档/更新包 26MB,,T1204.002,,,34155,,,
H004763,2026-07-13 09:46:32,email_open,阅读邮件（内部往来 1）,,,,oa.company.cn,,,,
H000805,2026-07-13 09:47:49,failed_login,密码错误自动重试,,T1110.001,,,,,,
H001177,2026-07-13 09:48:52,email_open,阅读邮件（内部往来 3）,,,,kb.company.cn,,,,
H006718,2026-07-13 09:48:58,email_open,阅读邮件（内部往来 1）,,,,npm.company.cn,,,,
H006113,2026-07-13 09:49:59,login,登录办公终端,,T1078,,,,武汉市,,
H001402,2026-07-13 09:52:17,dns_query,域名解析,,T1071.001,,github.com,,,,
H006896,2026-07-13 09:53:46,email_open,阅读邮件（内部往来 3）,,,,kb.company.cn,,,,
H004956,2026-07-13 09:55:11,web_visit,访问内部 OA/知识库,,T1071,,npm.company.cn,,,,
H004950,2026-07-13 09:55:30,download,下载文档/更新包 22MB,,T1204.002,,,8706,,,
H004360,2026-07-13 09:55:32,login,登录办公终端,,T1078,,,,苏州市,,
H004953,2026-07-13 09:58:56,web_visit,访问内部 OA/知识库,,T1071,,wiki.company.cn,,,,
H001721,2026-07-13 10:01:04,download,下载文档/更新包 18MB,,T1204.002,,,5611,,,
H008931,2026-07-13 10:07:30,download,下载文档/更新包 25MB,,T1204.002,,,40229,,,
H007458,2026-07-13 10:07:34,download,下载文档/更新包 11MB,,T1204.002,,,9869,,,
H001796,2026-07-13 10:08:39,dns_query,域名解析,,T1071.001,,zhihu.com,,,,
H004902,2026-07-13 10:10:50,email_open,阅读邮件（内部往来 1）,,,,kb.company.cn,,,,
H004564,2026-07-13 10:13:47,web_visit,访问内部 OA/知识库,,T1071,,docs.company.cn,,,,
H003416,2026-07-13 10:16:40,web_visit,访问内部 OA/知识库,,T1071,,docs.company.cn,,,,
H002774,2026-07-13 10:17:28,email_open,阅读邮件（内部往来 2）,,,,kb.company.cn,,,,
H006896,2026-07-13 10:18:17,email_open,阅读邮件（内部往来 2）,,,,oa.company.cn,,,,
H008154,2026-07-13 10:20:03,web_visit,访问内部 OA/知识库,,T1071,,kb.company.cn,,,,
H004956,2026-07-13 10:21:18,failed_login,密码错误自动重试,,T1110.001,,,,,,
H006049,2026-07-13 10:25:03,web_visit,访问内部 OA/知识库,,T1071,,docs.company.cn,,,,
H002774,2026-07-13 10:34:23,login,登录办公终端,,T1078,,,,,,
H001177,2026-07-13 10:34:51,email_open,阅读邮件（内部往来 2）,,,,wiki.company.cn,,,,
H007983,2026-07-13 10:38:50,email_open,阅读邮件（内部往来 1）,,,,oa.company.cn,,,,
H001402,2026-07-13 10:40:03,data_stage,打包资料压缩包 78MB（内部协作）,,T1074.001,,,79872,,,
H005767,2026-07-13 10:44:19,login,登录办公终端,,T1078,,,,,,
H008931,2026-07-13 10:45:54,email_open,阅读邮件（内部往来 1）,,,,wiki.company.cn,,,,
H009982,2026-07-13 10:47:23,web_visit,访问内部 OA/知识库,,T1071,,mail.company.cn,,,,
H004360,2026-07-13 10:48:01,failed_login,密码错误自动重试,,T1110.001,,,,,,
H009816,2026-07-13 10:49:22,email_open,阅读邮件（内部往来 2）,,,,docs.company.cn,,,,
H001721,2026-07-13 10:50:50,login,登录办公终端,,T1078,,,,,,
H002844,2026-07-13 10:51:02,login,登录办公终端,,T1078,,,,苏州市,,
H004763,2026-07-13 10:51:17,failed_login,密码错误自动重试,,T1110.001,,,,,,
H003833,2026-07-13 10:53:44,web_visit,访问内部 OA/知识库,,T1071,,kb.company.cn,,,,
H001402,2026-07-13 10:55:47,web_visit,访问内部 OA/知识库,,T1071,,kb.company.cn,,,,
H003416,2026-07-13 10:56:50,web_visit,访问内部 OA/知识库,,T1071,,oa.company.cn,,,,
H004950,2026-07-13 10:59:32,dns_query,域名解析,,T1071.001,,qq.com,,,,
H006718,2026-07-13 11:01:59,login,登录办公终端,,T1078,,,,,,
H001419,2026-07-13 11:05:29,download,下载文档/更新包 20MB,,T1204.002,,,25416,,,
H004058,2026-07-13 11:07:35,email_open,阅读邮件（内部往来 2）,,,,wiki.company.cn,,,,
H003785,2026-07-13 11:12:41,web_visit,访问内部 OA/知识库,,T1071,,npm.company.cn,,,,
H000559,2026-07-13 11:14:18,dns_query,域名解析,,T1071.001,,oa.company.cn,,,,
H004564,2026-07-13 11:19:36,login,登录办公终端,,T1078,,,,,,
H002223,2026-07-13 11:22:00,login,登录办公终端,,T1078,,,,苏州市,,
H005767,2026-07-13 11:24:27,failed_login,密码错误自动重试,,T1110.001,,,,,,
H003416,2026-07-13 11:34:01,email_open,阅读邮件（内部往来 4）,,,,npm.company.cn,,,,
H004763,2026-07-13 11:34:27,login,登录办公终端,,T1078,,,,,,
H001986,2026-07-13 11:34:41,upload,上传附件 11MB,,T1567,,docs.company.cn,7158,,,
H008214,2026-07-13 11:35:55,email_open,阅读邮件（内部往来 1）,,,,oa.company.cn,,,,
H003785,2026-07-13 11:37:31,dns_query,域名解析,,T1071.001,,jd.com,,,,
H003893,2026-07-13 11:43:30,email_open,阅读邮件（内部往来 1）,,,,npm.company.cn,,,,
H007500,2026-07-13 11:44:51,email_open,阅读邮件（内部往来 1）,,,,kb.company.cn,,,,
H005767,2026-07-13 11:49:17,web_visit,访问内部 OA/知识库,,T1071,,npm.company.cn,,,,
H004775,2026-07-13 11:50:40,email_open,阅读邮件（内部往来 4）,,,,oa.company.cn,,,,
H006049,2026-07-13 11:53:58,dns_query,域名解析,,T1071.001,,docs.company.cn,,,,
H008931,2026-07-13 11:57:24,email_open,阅读邮件（内部往来 2）,,,,mail.company.cn,,,,
H004394,2026-07-13 11:58:51,email_open,阅读邮件（内部往来 1）,,,,npm.company.cn,,,,
H009535,2026-07-13 12:02:58,failed_login,密码错误自动重试,,T1110.001,,,,,,
H006113,2026-07-13 12:05:39,dns_query,域名解析,,T1071.001,,npm.company.cn,,,,
H006718,2026-07-13 12:06:08,email_open,阅读邮件（内部往来 2）,,,,mail.company.cn,,,,
H006049,2026-07-13 12:06:52,failed_login,密码错误自动重试,,T1110.001,,,,,,
H003910,2026-07-13 12:07:14,login,登录办公终端,,T1078,,,,,,
H005988,2026-07-13 12:08:27,failed_login,密码错误自动重试,,T1110.001,,,,,,
H005614,2026-07-13 12:09:19,email_open,阅读邮件（内部往来 2）,,,,kb.company.cn,,,,
H007500,2026-07-13 12:13:25,login,登录办公终端,,T1078,,,,,,
H004902,2026-07-13 12:13:43,failed_login,密码错误自动重试,,T1110.001,,,,,,
H001402,2026-07-13 12:14:49,email_open,阅读邮件（内部往来 3）,,,,docs.company.cn,,,,
H001986,2026-07-13 12:16:03,email_open,阅读邮件（内部往来 1）,,,,docs.company.cn,,,,
H000559,2026-07-13 12:17:24,web_visit,访问内部 OA/知识库,,T1071,,docs.company.cn,,,,
H006750,2026-07-13 12:19:41,download,下载文档/更新包 31MB,,T1204.002,,,28963,,,
H009982,2026-07-13 12:28:34,login,登录办公终端,,T1078,,,,东莞市,,
H006896,2026-07-13 12:29:54,email_open,阅读邮件（内部往来 1）,,,,wiki.company.cn,,,,
H001796,2026-07-13 12:39:06,failed_login,密码错误自动重试,,T1110.001,,,,,,
H009500,2026-07-13 12:41:29,email_open,阅读邮件（内部往来 1）,,,,npm.company.cn,,,,
H009903,2026-07-13 12:42:26,web_visit,访问内部 OA/知识库,,T1071,,oa.company.cn,,,,
H004058,2026-07-13 12:42:55,failed_login,密码错误自动重试,,T1110.001,,,,,,
H002479,2026-07-13 12:43:40,privesc,安装办公软件（UAC 授权通过）,,T1543.003,,,,,,
H009170,2026-07-13 12:44:32,web_visit,访问内部 OA/知识库,,T1071,,kb.company.cn,,,,
H007983,2026-07-13 12:44:33,login,登录办公终端,,T1078,,,,,,
H006473,2026-07-13 12:45:27,failed_login,密码错误自动重试,,T1110.001,,,,,,
H000805,2026-07-13 12:46:41,login,登录办公终端,,T1078,,,,,,
H006049,2026-07-13 12:51:46,smb_connect,访问文件服务器共享目录,,T1021.002,,,,,,FILE-SRV01
H004360,2026-07-13 12:52:41,failed_login,密码错误自动重试,,T1110.001,,,,,,
H003725,2026-07-13 12:59:51,login,登录办公终端,,T1078,,,,,,
H005496,2026-07-13 13:00:38,upload,外发数据 45MB（含客户名单片段）,exfil,T1567,evasive,share-doc.company.cn,46080,,,
H008214,2026-07-13 13:09:15,upload,上传附件 12MB,,T1567,,docs.company.cn,1350,,,
H003910,2026-07-13 13:10:19,email_open,阅读邮件（内部往来 1）,,,,mail.company.cn,,,,
H004902,2026-07-13 13:12:26,login,登录办公终端,,T1078,,,,,,
H003725,2026-07-13 13:13:31,download,下载文档/更新包 28MB,,T1204.002,,,5441,,,
H005614,2026-07-13 13:20:12,email_open,阅读邮件（内部往来 3）,,,,docs.company.cn,,,,
H005614,2026-07-13 13:23:03,dns_query,域名解析,,T1071.001,,weibo.com,,,,
H004775,2026-07-13 13:27:28,email_open,阅读邮件（内部往来 2）,,,,npm.company.cn,,,,
H006311,2026-07-13 13:37:12,login,登录办公终端,,T1078,,,,,,
H006419,2026-07-13 13:40:18,dns_query,域名解析,,T1071.001,,bilibili.com,,,,
H004394,2026-07-13 13:42:21,login,登录办公终端,,T1078,,,,,,
H006113,2026-07-13 13:43:57,failed_login,密码错误自动重试,,T1110.001,,,,,,
H001796,2026-07-13 13:49:58,web_visit,访问内部 OA/知识库,,T1071,,oa.company.cn,,,,
H009500,2026-07-13 14:03:03,web_visit,访问内部 OA/知识库,,T1071,,oa.company.cn,,,,
H000805,2026-07-13 14:07:41,email_open,阅读邮件（内部往来 1）,,,,mail.company.cn,,,,
H006896,2026-07-13 14:10:42,web_visit,访问内部 OA/知识库,,T1071,,oa.company.cn,,,,
H008931,2026-07-13 14:12:02,email_open,阅读邮件（内部往来 3）,,,,docs.company.cn,,,,
H004956,2026-07-13 14:15:37,login,登录办公终端,,T1078,,,,,,
H003785,2026-07-13 14:24:03,email_click,误点了可疑链接（未输入凭据）,,T1566.001,,oa-login.cn,,,,
H003893,2026-07-13 14:36:59,email_open,阅读邮件（内部往来 2）,,,,wiki.company.cn,,,,
H007458,2026-07-13 14:39:49,upload,上传附件 12MB,,T1567,,docs.company.cn,5105,,,
H003833,2026-07-13 14:42:47,login,登录办公终端,,T1078,,,,,,
H001419,2026-07-13 14:44:37,email_open,阅读邮件（内部往来 2）,,,,wiki.company.cn,,,,
H000527,2026-07-13 14:48:38,failed_login,密码错误自动重试,,T1110.001,,,,,,
H003725,2026-07-13 15:10:39,email_open,阅读邮件（内部往来 2）,,,,mail.company.cn,,,,
H002844,2026-07-13 15:10:55,failed_login,密码错误自动重试,,T1110.001,,,,,,
H009982,2026-07-13 15:11:58,dns_query,域名解析,,T1071.001,,weibo.com,,,,
H006311,2026-07-13 15:19:21,email_open,阅读邮件（内部往来 1）,,,,wiki.company.cn,,,,
H006718,2026-07-13 15:19:27,email_open,阅读邮件（内部往来 3）,,,,kb.company.cn,,,,
H001819,2026-07-13 15:20:02,web_visit,访问内部 OA/知识库,,T1071,,wiki.company.cn,,,,
H009500,2026-07-13 15:21:25,web_visit,访问内部 OA/知识库,,T1071,,oa.company.cn,,,,
H008154,2026-07-13 15:22:08,login,登录办公终端,,T1078,,,,,,
H009170,2026-07-13 15:23:51,failed_login,密码错误自动重试,,T1110.001,,,,,,
H006113,2026-07-13 15:31:56,web_visit,访问内部 OA/知识库,,T1071,,oa.company.cn,,,,
H003785,2026-07-13 15:32:54,failed_login,密码错误自动重试,,T1110.001,,,,,,
H004902,2026-07-13 15:38:57,web_visit,访问内部 OA/知识库,,T1071,,docs.company.cn,,,,
H004360,2026-07-13 15:39:03,email_open,阅读邮件（内部往来 1）,,,,mail.company.cn,,,,
H001177,2026-07-13 15:39:45,login,登录办公终端,,T1078,,,,,,
H003416,2026-07-13 15:40:48,email_open,阅读邮件（内部往来 3）,,,,mail.company.cn,,,,
H004956,2026-07-13 15:42:56,failed_login,密码错误自动重试,,T1110.001,,,,,,
H005988,2026-07-13 15:43:55,web_visit,访问内部 OA/知识库,,T1071,,mail.company.cn,,,,
H005614,2026-07-13 15:45:02,email_open,阅读邮件（内部往来 1）,,,,mail.company.cn,,,,
H006473,2026-07-13 15:45:55,web_visit,访问内部 OA/知识库,,T1071,,wiki.company.cn,,,,
H001986,2026-07-13 15:48:50,web_visit,访问内部 OA/知识库,,T1071,,mail.company.cn,,,,
H003833,2026-07-13 15:49:36,email_open,阅读邮件（内部往来 2）,,,,kb.company.cn,,,,
H005496,2026-07-13 15:51:34,download,下载文档/更新包 36MB,,T1204.002,,,40226,,,
H003910,2026-07-13 15:52:52,dns_query,域名解析,,T1071.001,,zhihu.com,,,,
H001668,2026-07-13 15:56:12,upload,上传附件 15MB,,T1567,,docs.company.cn,13281,,,
H008154,2026-07-13 15:56:41,dns_query,域名解析,,T1071.001,,zhihu.com,,,,
H009979,2026-07-13 15:56:46,login,登录办公终端,,T1078,,,,,,
H003833,2026-07-13 16:01:20,email_open,阅读邮件（内部往来 1）,,,,mail.company.cn,,,,
H001177,2026-07-13 16:03:02,web_visit,访问内部 OA/知识库,,T1071,,docs.company.cn,,,,
H002844,2026-07-13 16:04:57,web_visit,访问内部 OA/知识库,,T1071,,mail.company.cn,,,,
H006049,2026-07-13 16:06:17,email_open,阅读邮件（内部往来 1）,,,,oa.company.cn,,,,
H001721,2026-07-13 16:06:24,web_visit,访问内部 OA/知识库,,T1071,,npm.company.cn,,,,
H002223,2026-07-13 16:08:18,web_visit,访问内部 OA/知识库,,T1071,,npm.company.cn,,,,
H001402,2026-07-13 16:20:38,email_open,阅读邮件（内部往来 2）,,,,oa.company.cn,,,,
H000527,2026-07-13 16:21:19,failed_login,密码错误自动重试,,T1110.001,,,,,,
H006113,2026-07-13 16:21:52,failed_login,密码错误自动重试,,T1110.001,,,,,,
H001419,2026-07-13 16:26:21,failed_login,密码错误自动重试,,T1110.001,,,,,,
H001402,2026-07-13 16:27:57,login,登录办公终端,,T1078,,,,,,
H001819,2026-07-13 16:30:39,email_open,阅读邮件（内部往来 2）,,,,npm.company.cn,,,,
H001177,2026-07-13 16:33:46,email_open,阅读邮件（内部往来 1）,,,,wiki.company.cn,,,,
H009170,2026-07-13 16:35:48,dns_query,域名解析,,T1071.001,,mail.company.cn,,,,
H001721,2026-07-13 16:36:50,email_open,阅读邮件（内部往来 2）,,,,oa.company.cn,,,,
H006311,2026-07-13 16:37:09,failed_login,密码错误自动重试,,T1110.001,,,,,,
H009170,2026-07-13 16:40:33,login,登录办公终端,,T1078,,,,,,
H004902,2026-07-13 16:43:09,email_open,阅读邮件（内部往来 2）,,,,kb.company.cn,,,,
H007983,2026-07-13 16:43:43,dns_query,域名解析,,T1071.001,,kb.company.cn,,,,
H000527,2026-07-13 16:45:52,web_visit,访问内部 OA/知识库,,T1071,,docs.company.cn,,,,
H000559,2026-07-13 16:47:46,email_open,阅读邮件（内部往来 1）,,,,npm.company.cn,,,,
H006750,2026-07-13 16:49:33,login,登录办公终端,,T1078,,,,,,
H005600,2026-07-13 16:50:30,login,登录办公终端,,T1078,,,,,,
H001668,2026-07-13 16:51:28,web_visit,访问内部 OA/知识库,,T1071,,kb.company.cn,,,,
H000527,2026-07-13 16:54:42,dns_query,域名解析,,T1071.001,,docs.company.cn,,,,
H001419,2026-07-13 16:56:00,login,登录办公终端,,T1078,,,,,,
H000805,2026-07-13 16:56:27,web_visit,访问内部 OA/知识库,,T1071,,docs.company.cn,,,,
H008154,2026-07-13 16:58:07,email_open,阅读邮件（内部往来 1）,,,,docs.company.cn,,,,
H009816,2026-07-13 16:58:30,download,下载文档/更新包 42MB,,T1204.002,,,33034,,,
H005614,2026-07-13 17:00:29,login,登录办公终端,,T1078,,,,西安市,,
H001419,2026-07-13 17:00:39,email_open,阅读邮件（内部往来 1）,,,,mail.company.cn,,,,
H005988,2026-07-13 17:02:30,web_visit,访问内部 OA/知识库,,T1071,,docs.company.cn,,,,
H003416,2026-07-13 17:05:28,email_open,阅读邮件（内部往来 1）,,,,npm.company.cn,,,,
H005496,2026-07-13 17:06:06,login,登录办公终端,,T1078,,,,,,
H003833,2026-07-13 17:07:34,email_open,阅读邮件（内部往来 3）,,,,npm.company.cn,,,,
H000559,2026-07-13 17:08:23,failed_login,密码错误自动重试,,T1110.001,,,,,,
H009500,2026-07-13 17:08:55,dns_query,域名解析,,T1071.001,,wiki.company.cn,,,,
H003725,2026-07-13 17:11:01,email_open,阅读邮件（内部往来 1）,,,,oa.company.cn,,,,
H009170,2026-07-13 17:12:29,web_visit,访问内部 OA/知识库,,T1071,,mail.company.cn,,,,
H003416,2026-07-13 17:13:23,email_open,阅读邮件（内部往来 2）,,,,wiki.company.cn,,,,
H000805,2026-07-13 17:16:41,dns_query,域名解析,,T1071.001,,wiki.company.cn,,,,
H008931,2026-07-13 17:17:17,login,登录办公终端,,T1078,,,,,,
H004956,2026-07-13 17:20:50,dns_query,域名解析,,T1071.001,,weibo.com,,,,
H006896,2026-07-13 17:25:23,dns_query,域名解析,,T1071.001,,mail.company.cn,,,,
H000527,2026-07-13 17:26:18,failed_login,密码错误自动重试,,T1110.001,,,,,,
H004953,2026-07-13 17:27:44,failed_login,密码错误自动重试,,T1110.001,,,,,,
H001819,2026-07-13 17:32:10,failed_login,密码错误自动重试,,T1110.001,,,,,,
H005988,2026-07-13 17:32:58,login,登录办公终端,,T1078,,,,,,
H008214,2026-07-13 17:34:11,email_open,阅读邮件（内部往来 2）,,,,docs.company.cn,,,,
H000527,2026-07-13 17:35:14,email_open,阅读邮件（内部往来 2）,,,,kb.company.cn,,,,
H003725,2026-07-13 17:35:59,web_visit,访问内部 OA/知识库,,T1071,,oa.company.cn,,,,
H004763,2026-07-13 17:36:35,failed_login,密码错误自动重试,,T1110.001,,,,,,
H003910,2026-07-13 17:36:46,email_open,阅读邮件（内部往来 2）,,,,kb.company.cn,,,,
H009535,2026-07-13 17:37:39,web_visit,访问内部 OA/知识库,,T1071,,oa.company.cn,,,,
H001819,2026-07-13 17:38:10,login,登录办公终端,,T1078,,,,,,
H009535,2026-07-13 17:40:41,login,登录办公终端,,T1078,,,,,,
H004763,2026-07-13 17:40:44,email_open,阅读邮件（内部往来 2）,,,,npm.company.cn,,,,
H000527,2026-07-13 17:42:42,login,登录办公终端,,T1078,,,,,,
H008931,2026-07-13 17:44:25,web_visit,访问内部 OA/知识库,,T1071,,mail.company.cn,,,,
H006113,2026-07-13 17:48:58,email_open,阅读邮件（内部往来 1）,,,,kb.company.cn,,,,
H004950,2026-07-13 17:51:34,login,登录办公终端,,T1078,,,,,,
H009170,2026-07-13 18:02:14,download,下载文档/更新包 30MB,,T1204.002,,,29272,,,
H004058,2026-07-13 18:05:41,email_open,阅读邮件（内部往来 1）,,,,wiki.company.cn,,,,
H000559,2026-07-13 18:07:50,web_visit,访问内部 OA/知识库,,T1071,,kb.company.cn,,,,
H001796,2026-07-13 18:10:36,login,登录办公终端,,T1078,,,,,,
H006896,2026-07-13 18:13:37,download,下载文档/更新包 12MB,,T1204.002,,,20781,,,
H008154,2026-07-13 18:14:36,email_open,阅读邮件（内部往来 2）,,,,oa.company.cn,,,,
H005496,2026-07-13 18:16:12,email_open,阅读邮件（内部往来 1）,,,,docs.company.cn,,,,
H008931,2026-07-13 18:18:54,web_visit,访问内部 OA/知识库,,T1071,,kb.company.cn,,,,
H007458,2026-07-13 18:23:26,dns_query,域名解析,,T1071.001,,taobao.com,,,,
H001402,2026-07-13 18:27:44,email_open,阅读邮件（内部往来 1）,,,,mail.company.cn,,,,
H000564,2026-07-13 18:34:13,sensitive_access,查询项目文档（本职工作）,,T1005,,,,,,
H005767,2026-07-13 18:36:24,download,下载文档/更新包 9MB,,T1204.002,,,3787,,,
H006718,2026-07-13 18:40:18,dns_query,域名解析,,T1071.001,,jd.com,,,,
H008214,2026-07-13 18:40:45,web_visit,访问内部 OA/知识库,,T1071,,kb.company.cn,,,,
H008164,2026-07-13 18:44:20,login,登录办公终端,,T1078,,,,,,
H004058,2026-07-13 18:49:03,login,登录办公终端,,T1078,,,,,,
H005767,2026-07-13 18:50:59,dns_query,域名解析,,T1071.001,,github.com,,,,
H007983,2026-07-13 18:56:10,email_open,阅读邮件（内部往来 2）,,,,mail.company.cn,,,,
H008214,2026-07-13 19:02:21,login,登录办公终端,,T1078,,,,东莞市,,
H009979,2026-07-13 19:04:04,web_visit,访问内部 OA/知识库,,T1071,,kb.company.cn,,,,
H002844,2026-07-13 19:09:30,web_visit,访问内部 OA/知识库,,T1071,,wiki.company.cn,,,,
H004950,2026-07-13 19:19:36,failed_login,密码错误自动重试,,T1110.001,,,,,,
H005988,2026-07-13 19:20:01,download,下载文档/更新包 15MB,,T1204.002,,,43753,,,
H004775,2026-07-13 19:40:31,email_open,阅读邮件（内部往来 3）,,,,oa.company.cn,,,,
H004360,2026-07-13 19:43:57,dns_query,域名解析,,T1071.001,,taobao.com,,,,
H000117,2026-07-13 19:44:10,login,登录办公终端,,T1078,,,,,,
H007458,2026-07-13 19:49:12,web_visit,访问内部 OA/知识库,,T1071,,kb.company.cn,,,,
H006419,2026-07-13 19:52:23,web_visit,访问内部 OA/知识库,,T1071,,kb.company.cn,,,,
H009816,2026-07-13 19:57:33,email_open,阅读邮件（内部往来 1）,,,,wiki.company.cn,,,,
H009903,2026-07-13 20:00:34,dns_query,域名解析,,T1071.001,,docs.company.cn,,,,
H006419,2026-07-13 20:12:58,login,登录办公终端,,T1078,,,,南京市,,
H009816,2026-07-13 20:27:16,failed_login,密码错误自动重试,,T1110.001,,,,,,
H006311,2026-07-13 20:37:12,web_visit,访问内部 OA/知识库,,T1071,,docs.company.cn,,,,
H003785,2026-07-13 20:41:41,login,登录办公终端,,T1078,,,,苏州市,,
H009903,2026-07-13 20:43:54,login,登录办公终端,,T1078,,,,天津市,,
H005614,2026-07-13 20:52:07,failed_login,密码错误自动重试,,T1110.001,,,,,,
H006113,2026-07-13 21:01:19,email_open,阅读邮件（内部往来 2）,,,,npm.company.cn,,,,
H005600,2026-07-13 21:11:24,email_open,阅读邮件（内部往来 1）,,,,mail.company.cn,,,,
H004058,2026-07-13 21:12:51,failed_login,密码错误自动重试,,T1110.001,,,,,,
H006419,2026-07-13 21:18:31,web_visit,访问内部 OA/知识库,,T1071,,docs.company.cn,,,,
H009816,2026-07-13 21:20:16,web_visit,访问内部 OA/知识库,,T1071,,kb.company.cn,,,,
H002844,2026-07-13 21:26:26,upload,上传附件 15MB,,T1567,,docs.company.cn,8504,,,
H000805,2026-07-13 21:32:20,email_open,阅读邮件（内部往来 2）,,,,wiki.company.cn,,,,
H004953,2026-07-13 21:33:07,login,登录办公终端,,T1078,,,,南京市,,
H003893,2026-07-13 21:36:59,login,登录办公终端,,T1078,,,,,,
H006718,2026-07-13 22:46:36,failed_login,密码错误自动重试,,T1110.001,,,,,,
H003785,2026-07-13 23:29:14,email_open,阅读邮件（内部往来 1）,,,,docs.company.cn,,,,
H006113,2026-07-13 23:49:52,email_open,阅读邮件（内部往来 3）,,,,kb.company.cn,,,,
H007458,2026-07-13 23:52:56,email_open,阅读邮件（内部往来 1）,,,,wiki.company.cn,,,,
H009698,2026-07-14 00:00:18,web_visit,访问内部 OA/知识库,,T1071,,wiki.company.cn,,,,
H002774,2026-07-14 00:18:42,dns_query,域名解析,,T1071.001,,jd.com,,,,
H006750,2026-07-14 01:44:09,email_open,阅读邮件（内部往来 3）,,,,wiki.company.cn,,,,
H004564,2026-07-14 03:38:44,rule_create,创建邮件转发规则（投递至外部邮箱）,persist,T1114.002,evasive,,,,,
H006049,2026-07-14 03:49:43,email_open,阅读邮件（内部往来 1）,,,,wiki.company.cn,,,,
H007458,2026-07-14 06:05:17,web_visit,访问内部 OA/知识库,,T1071,,wiki.company.cn,,,,
H009535,2026-07-14 06:06:45,login,登录办公终端,,T1078,,,,,,
H006738,2026-07-14 06:19:45,login,登录办公终端,,T1078,,,,,,
H001651,2026-07-14 07:05:46,failed_login,密码错误自动重试,,T1110.001,,,,,,
H000564,2026-07-14 07:27:29,login,登录办公终端,,T1078,,,,,,
H001668,2026-07-14 07:29:02,email_open,阅读邮件（内部往来 1）,,,,oa.company.cn,,,,
H000559,2026-07-14 07:46:17,failed_login,密码错误自动重试,,T1110.001,,,,,,
H009982,2026-07-14 08:00:06,email_open,阅读邮件（内部往来 2）,,,,wiki.company.cn,,,,
H004763,2026-07-14 08:10:54,failed_login,密码错误自动重试,,T1110.001,,,,,,
H003533,2026-07-14 08:11:00,web_visit,访问内部 OA/知识库,,T1071,,mail.company.cn,,,,
H004953,2026-07-14 08:11:35,email_open,阅读邮件（内部往来 2）,,,,wiki.company.cn,,,,
H003910,2026-07-14 08:11:44,web_visit,访问内部 OA/知识库,,T1071,,kb.company.cn,,,,
H003416,2026-07-14 08:13:05,email_open,阅读邮件（内部往来 3）,,,,npm.company.cn,,,,
H006718,2026-07-14 08:16:55,failed_login,密码错误自动重试,,T1110.001,,,,,,
H009170,2026-07-14 08:27:36,failed_login,密码错误自动重试,,T1110.001,,,,,,
H009698,2026-07-14 08:29:53,email_open,阅读邮件（内部往来 2）,,,,wiki.company.cn,,,,
H006750,2026-07-14 08:30:40,dns_query,域名解析,,T1071.001,,wiki.company.cn,,,,
H009982,2026-07-14 08:39:17,email_open,阅读邮件（内部往来 1）,,,,npm.company.cn,,,,
H005988,2026-07-14 08:41:33,login,登录办公终端,,T1078,,,,,,
H001651,2026-07-14 08:44:59,login,登录办公终端,,T1078,,,,,,
H006750,2026-07-14 08:45:47,login,登录办公终端,,T1078,,,,,,
H001651,2026-07-14 08:46:14,email_open,阅读邮件（内部往来 1）,,,,docs.company.cn,,,,
H007458,2026-07-14 08:54:24,dns_query,域名解析,,T1071.001,,mail.company.cn,,,,
H006718,2026-07-14 08:55:20,web_visit,访问内部 OA/知识库,,T1071,,oa.company.cn,,,,
H005988,2026-07-14 08:58:49,web_visit,访问内部 OA/知识库,,T1071,,kb.company.cn,,,,
H001651,2026-07-14 09:01:38,download,下载文档/更新包 27MB,,T1204.002,,,13945,,,
H000564,2026-07-14 09:02:27,download,下载文档/更新包 8MB,,T1204.002,,,9460,,,
H004080,2026-07-14 09:05:29,failed_login,密码错误自动重试,,T1110.001,,,,,,
H000466,2026-07-14 09:11:17,email_open,阅读邮件（内部往来 1）,,,,wiki.company.cn,,,,
H006750,2026-07-14 09:11:37,email_open,阅读邮件（内部往来 2）,,,,npm.company.cn,,,,
H005767,2026-07-14 09:12:57,web_visit,访问内部 OA/知识库,,T1071,,mail.company.cn,,,,
H001819,2026-07-14 09:13:00,login,登录办公终端,,T1078,,,,,,
H004080,2026-07-14 09:21:42,login,登录办公终端,,T1078,,,,,,
H004080,2026-07-14 09:21:59,email_open,阅读邮件（内部往来 1）,,,,oa.company.cn,,,,
H004953,2026-07-14 09:22:34,email_open,阅读邮件（内部往来 1）,,,,npm.company.cn,,,,
H006750,2026-07-14 09:23:11,web_visit,访问内部 OA/知识库,,T1071,,mail.company.cn,,,,
H007129,2026-07-14 09:25:46,email_open,阅读邮件（内部往来 1）,,,,npm.company.cn,,,,
H002907,2026-07-14 09:25:49,failed_login,密码错误自动重试,,T1110.001,,,,,,
H001668,2026-07-14 09:28:44,failed_login,密码错误自动重试,,T1110.001,,,,,,
H003833,2026-07-14 09:32:56,email_open,阅读邮件（内部往来 1）,,,,oa.company.cn,,,,
H002480,2026-07-14 09:36:04,email_open,阅读邮件（内部往来 3）,,,,oa.company.cn,,,,
H001668,2026-07-14 09:36:23,web_visit,访问内部 OA/知识库,,T1071,,oa.company.cn,,,,
H009691,2026-07-14 09:36:26,login,登录办公终端,,T1078,,,,东莞市,,
H004950,2026-07-14 09:37:52,email_open,阅读邮件（内部往来 2）,,,,mail.company.cn,,,,
H003416,2026-07-14 09:38:08,dns_query,域名解析,,T1071.001,,mail.company.cn,,,,
H004724,2026-07-14 09:39:47,email_open,阅读邮件（内部往来 1）,,,,docs.company.cn,,,,
H006750,2026-07-14 09:40:15,email_open,阅读邮件（内部往来 1）,,,,wiki.company.cn,,,,
H000564,2026-07-14 09:44:35,dns_query,域名解析,,T1071.001,,npm.company.cn,,,,
H002479,2026-07-14 09:46:31,dns_query,域名解析,,T1071.001,,kb.company.cn,,,,
H005988,2026-07-14 09:47:11,email_open,阅读邮件（内部往来 1）,,,,docs.company.cn,,,,
H007500,2026-07-14 09:47:14,login,登录办公终端,,T1078,,,,,,
H004950,2026-07-14 09:48:47,dns_query,域名解析,,T1071.001,,docs.company.cn,,,,
H007129,2026-07-14 09:51:45,login,登录办公终端,,T1078,,,,,,
H000564,2026-07-14 09:53:07,web_visit,访问内部 OA/知识库,,T1071,,kb.company.cn,,,,
H005220,2026-07-14 10:04:21,email_open,阅读邮件（内部往来 1）,,,,oa.company.cn,,,,
H006049,2026-07-14 10:07:32,failed_login,密码错误自动重试,,T1110.001,,,,,,
H001269,2026-07-14 10:09:09,email_open,阅读邮件（内部往来 1）,,,,npm.company.cn,,,,
H003973,2026-07-14 10:09:18,login,登录办公终端,,T1078,,,,,,
H007512,2026-07-14 10:13:11,upload,上传附件 10MB,,T1567,,docs.company.cn,3874,,,
H004362,2026-07-14 10:18:42,dns_query,域名解析,,T1071.001,,taobao.com,,,,
H003043,2026-07-14 10:19:51,download,下载文档/更新包 4MB,,T1204.002,,,42824,,,
H006049,2026-07-14 10:20:41,email_open,阅读邮件（内部往来 2）,,,,kb.company.cn,,,,
H006738,2026-07-14 10:22:14,web_visit,访问内部 OA/知识库,,T1071,,docs.company.cn,,,,
H004080,2026-07-14 10:24:23,failed_login,密码错误自动重试,,T1110.001,,,,,,
H000805,2026-07-14 10:28:16,failed_login,密码错误自动重试,,T1110.001,,,,,,
H002907,2026-07-14 10:30:12,email_open,阅读邮件（内部往来 1）,,,,mail.company.cn,,,,
H009535,2026-07-14 10:30:13,email_open,阅读邮件（内部往来 2）,,,,docs.company.cn,,,,
H004564,2026-07-14 10:31:30,email_open,阅读邮件（内部往来 1）,,,,mail.company.cn,,,,
H004950,2026-07-14 10:32:13,download,下载文档/更新包 16MB,,T1204.002,,,38129,,,
H006419,2026-07-14 10:32:56,download,下载大文件（合规）,,T1204.002,,dl.company.cn,435200,,,
H004950,2026-07-14 10:34:19,web_visit,访问内部 OA/知识库,,T1071,,npm.company.cn,,,,
H004564,2026-07-14 10:38:14,email_open,阅读邮件（内部往来 2）,,,,docs.company.cn,,,,
H007129,2026-07-14 10:41:11,dns_query,域名解析,,T1071.001,,docs.company.cn,,,,
H000466,2026-07-14 10:43:38,failed_login,密码错误自动重试,,T1110.001,,,,,,
H003416,2026-07-14 10:44:41,email_open,阅读邮件（内部往来 2）,,,,oa.company.cn,,,,
H003533,2026-07-14 10:45:39,email_open,阅读邮件（内部往来 1）,,,,mail.company.cn,,,,
H007129,2026-07-14 10:46:51,web_visit,访问内部 OA/知识库,,T1071,,mail.company.cn,,,,
H009500,2026-07-14 10:49:04,login,登录办公终端,,T1078,,,,,,
H001668,2026-07-14 10:50:43,dns_query,域名解析,,T1071.001,,zhihu.com,,,,
H005220,2026-07-14 10:52:54,login,登录办公终端,,T1078,,,,,,
H009982,2026-07-14 10:56:37,login,登录办公终端,,T1078,,,,东莞市,,
H002223,2026-07-14 10:57:56,login,登录办公终端,,T1078,,,,苏州市,,
H001269,2026-07-14 10:58:13,web_visit,访问内部 OA/知识库,,T1071,,npm.company.cn,,,,
H002480,2026-07-14 11:01:28,email_open,阅读邮件（内部往来 1）,,,,docs.company.cn,,,,
H000805,2026-07-14 11:03:36,dns_query,域名解析,,T1071.001,,zhihu.com,,,,
H001819,2026-07-14 11:04:45,failed_login,密码错误自动重试,,T1110.001,,,,,,
H009170,2026-07-14 11:07:06,email_open,阅读邮件（内部往来 3）,,,,mail.company.cn,,,,
H003973,2026-07-14 11:08:06,dns_query,域名解析,,T1071.001,,qq.com,,,,
H003923,2026-07-14 11:09:12,email_open,阅读邮件（内部往来 2）,,,,mail.company.cn,,,,
H000805,2026-07-14 11:13:00,login,登录办公终端,,T1078,,,,,,
H001269,2026-07-14 11:19:19,email_open,阅读邮件（内部往来 2）,,,,wiki.company.cn,,,,
H001651,2026-07-14 11:28:17,email_open,阅读邮件（内部往来 2）,,,,docs.company.cn,,,,
H006113,2026-07-14 11:28:54,download,下载文档/更新包 44MB,,T1204.002,,,30666,,,
H002774,2026-07-14 11:39:34,login,登录办公终端,,T1078,,,,,,
H005767,2026-07-14 11:41:08,failed_login,密码错误自动重试,,T1110.001,,,,,,
H001819,2026-07-14 11:42:20,email_open,阅读邮件（内部往来 3）,,,,oa.company.cn,,,,
H002907,2026-07-14 11:42:42,web_visit,访问内部 OA/知识库,,T1071,,wiki.company.cn,,,,
H001824,2026-07-14 11:43:52,login,登录办公终端,,T1078,,,,,,
H009698,2026-07-14 11:45:06,email_open,阅读邮件（内部往来 1）,,,,wiki.company.cn,,,,
H000564,2026-07-14 11:45:38,email_open,阅读邮件（内部往来 1）,,,,wiki.company.cn,,,,
H007500,2026-07-14 11:47:38,email_open,阅读邮件（内部往来 1）,,,,docs.company.cn,,,,
H007458,2026-07-14 11:50:30,failed_login,密码错误自动重试,,T1110.001,,,,,,
H002844,2026-07-14 11:52:56,email_open,阅读邮件（内部往来 2）,,,,docs.company.cn,,,,
H004564,2026-07-14 11:55:26,upload,上传附件 9MB,,T1567,,docs.company.cn,14322,,,
H003416,2026-07-14 11:57:08,login,登录办公终端,,T1078,,,,,,
H004362,2026-07-14 11:59:18,login,登录办公终端,,T1078,,,,,,
H004080,2026-07-14 11:59:23,dns_query,域名解析,,T1071.001,,qq.com,,,,
H006473,2026-07-14 12:01:23,web_visit,访问内部 OA/知识库,,T1071,,kb.company.cn,,,,
H004362,2026-07-14 12:03:59,web_visit,访问内部 OA/知识库,,T1071,,mail.company.cn,,,,
H009170,2026-07-14 12:09:54,email_open,阅读邮件（内部往来 2）,,,,wiki.company.cn,,,,
H004953,2026-07-14 12:12:49,web_visit,访问内部 OA/知识库,,T1071,,kb.company.cn,,,,
H001824,2026-07-14 12:15:15,web_visit,访问内部 OA/知识库,,T1071,,oa.company.cn,,,,
H003416,2026-07-14 12:21:27,failed_login,密码错误自动重试,,T1110.001,,,,,,
H007512,2026-07-14 12:22:32,web_visit,访问内部 OA/知识库,,T1071,,oa.company.cn,,,,
H004953,2026-07-14 12:27:57,web_visit,访问内部 OA/知识库,,T1071,,kb.company.cn,,,,
H001651,2026-07-14 12:28:05,web_visit,访问内部 OA/知识库,,T1071,,kb.company.cn,,,,
H003785,2026-07-14 12:30:33,web_visit,访问内部 OA/知识库,,T1071,,oa.company.cn,,,,
H004953,2026-07-14 12:30:38,dns_query,域名解析,,T1071.001,,wiki.company.cn,,,,
H000117,2026-07-14 12:35:10,login,登录办公终端,,T1078,,,,,,
H009170,2026-07-14 12:36:08,login,登录办公终端,,T1078,,,,,,
H000805,2026-07-14 12:39:39,failed_login,密码错误自动重试,,T1110.001,,,,,,
H004950,2026-07-14 12:44:33,upload,上传附件 11MB,,T1567,,docs.company.cn,13842,,,
H006049,2026-07-14 12:49:52,email_open,阅读邮件（内部往来 3）,,,,kb.company.cn,,,,
H004763,2026-07-14 12:50:15,email_open,阅读邮件（内部往来 2）,,,,wiki.company.cn,,,,
H004950,2026-07-14 12:51:13,login,登录办公终端,,T1078,,,,,,
H003923,2026-07-14 12:54:59,web_visit,访问内部 OA/知识库,,T1071,,kb.company.cn,,,,
H003043,2026-07-14 12:57:04,failed_login,密码错误自动重试,,T1110.001,,,,,,
H003043,2026-07-14 13:02:02,email_open,阅读邮件（内部往来 2）,,,,docs.company.cn,,,,
H009535,2026-07-14 13:07:12,email_open,阅读邮件（内部往来 1）,,,,npm.company.cn,,,,
H005220,2026-07-14 13:10:08,email_open,阅读邮件（内部往来 2）,,,,oa.company.cn,,,,
H000559,2026-07-14 13:10:09,email_open,阅读邮件（内部往来 3）,,,,npm.company.cn,,,,
H006049,2026-07-14 13:19:00,login,登录办公终端,,T1078,,,,,,
H003752,2026-07-14 13:24:37,login,登录办公终端,,T1078,,,,,,
H009982,2026-07-14 13:31:42,email_open,阅读邮件（内部往来 3）,,,,docs.company.cn,,,,
H002480,2026-07-14 13:32:53,email_open,阅读邮件（内部往来 2）,,,,npm.company.cn,,,,
H002774,2026-07-14 13:36:43,email_open,阅读邮件（内部往来 1）,,,,mail.company.cn,,,,
H009170,2026-07-14 13:37:08,web_visit,访问内部 OA/知识库,,T1071,,oa.company.cn,,,,
H002223,2026-07-14 13:38:32,email_open,阅读邮件（内部往来 2）,,,,kb.company.cn,,,,
H001668,2026-07-14 13:39:49,web_visit,访问内部 OA/知识库,,T1071,,docs.company.cn,,,,
H003833,2026-07-14 13:43:06,login,登录办公终端,,T1078,,,,,,
H000466,2026-07-14 13:53:18,dns_query,域名解析,,T1071.001,,kb.company.cn,,,,
H009691,2026-07-14 13:59:48,web_visit,访问内部 OA/知识库,,T1071,,npm.company.cn,,,,
H006049,2026-07-14 14:02:50,failed_login,密码错误自动重试,,T1110.001,,,,,,
H001819,2026-07-14 14:07:12,web_visit,访问内部 OA/知识库,,T1071,,kb.company.cn,,,,
H000466,2026-07-14 14:10:05,failed_login,密码错误自动重试,,T1110.001,,,,,,
H004564,2026-07-14 14:10:27,web_visit,访问内部 OA/知识库,,T1071,,mail.company.cn,,,,
H006473,2026-07-14 14:13:01,login,登录办公终端,,T1078,,,,苏州市,,
H007512,2026-07-14 14:18:33,dns_query,域名解析,,T1071.001,,weibo.com,,,,
H002844,2026-07-14 14:18:51,dns_query,域名解析,,T1071.001,,baidu.com,,,,
H001819,2026-07-14 14:19:21,email_open,阅读邮件（内部往来 1）,,,,oa.company.cn,,,,
H000559,2026-07-14 14:21:17,login,登录办公终端,,T1078,,,,,,
H009982,2026-07-14 14:29:59,failed_login,密码错误自动重试,,T1110.001,,,,,,
H009500,2026-07-14 14:34:14,email_open,阅读邮件（内部往来 1）,,,,kb.company.cn,,,,
H001819,2026-07-14 14:37:24,failed_login,密码错误自动重试,,T1110.001,,,,,,
H007512,2026-07-14 14:37:54,download,下载文档/更新包 35MB,,T1204.002,,,36746,,,
H009903,2026-07-14 14:45:57,email_open,阅读邮件（内部往来 1）,,,,npm.company.cn,,,,
H003923,2026-07-14 14:47:12,email_open,阅读邮件（内部往来 1）,,,,oa.company.cn,,,,
H003973,2026-07-14 14:47:28,web_visit,访问内部 OA/知识库,,T1071,,oa.company.cn,,,,
H009982,2026-07-14 14:50:39,web_visit,访问内部 OA/知识库,,T1071,,npm.company.cn,,,,
H007512,2026-07-14 14:53:51,web_visit,访问内部 OA/知识库,,T1071,,mail.company.cn,,,,
H000117,2026-07-14 14:54:42,email_open,阅读邮件（内部往来 1）,,,,npm.company.cn,,,,
H009170,2026-07-14 14:56:24,email_open,阅读邮件（内部往来 1）,,,,npm.company.cn,,,,
H005767,2026-07-14 14:58:02,login,登录办公终端,,T1078,,,,,,
H001824,2026-07-14 15:00:11,web_visit,访问内部 OA/知识库,,T1071,,oa.company.cn,,,,
H005767,2026-07-14 15:00:19,download,下载文档/更新包 31MB,,T1204.002,,,33769,,,
H009691,2026-07-14 15:02:28,web_visit,访问内部 OA/知识库,,T1071,,oa.company.cn,,,,
H003833,2026-07-14 15:03:02,email_open,阅读邮件（内部往来 2）,,,,kb.company.cn,,,,
H000466,2026-07-14 15:03:20,login,登录办公终端,,T1078,,,,,,
H009500,2026-07-14 15:07:54,email_open,阅读邮件（内部往来 2）,,,,wiki.company.cn,,,,
H000117,2026-07-14 15:10:51,dns_query,域名解析,,T1071.001,,oa.company.cn,,,,
H007458,2026-07-14 15:12:23,web_visit,访问内部 OA/知识库,,T1071,,mail.company.cn,,,,
H000559,2026-07-14 15:13:46,email_open,阅读邮件（内部往来 1）,,,,mail.company.cn,,,,
H008154,2026-07-14 15:16:05,login,登录办公终端,,T1078,,,,,,
H000987,2026-07-14 15:18:56,login,登录办公终端,,T1078,,,,天津市,,
H000559,2026-07-14 15:21:07,email_open,阅读邮件（内部往来 2）,,,,oa.company.cn,,,,
H009535,2026-07-14 15:21:47,web_visit,访问内部 OA/知识库,,T1071,,npm.company.cn,,,,
H002907,2026-07-14 15:28:35,web_visit,访问内部 OA/知识库,,T1071,,oa.company.cn,,,,
H002480,2026-07-14 15:28:46,login,登录办公终端,,T1078,,,,,,
H001269,2026-07-14 15:29:19,email_open,阅读邮件（内部往来 3）,,,,mail.company.cn,,,,
H000559,2026-07-14 15:29:46,web_visit,访问内部 OA/知识库,,T1071,,docs.company.cn,,,,
H001668,2026-07-14 15:37:34,login,登录办公终端,,T1078,,,,,,
H004564,2026-07-14 15:38:53,dns_query,域名解析,,T1071.001,,weibo.com,,,,
H007500,2026-07-14 15:49:30,email_open,阅读邮件（内部往来 2）,,,,mail.company.cn,,,,
H003973,2026-07-14 15:52:10,web_visit,访问内部 OA/知识库,,T1071,,oa.company.cn,,,,
H001668,2026-07-14 15:55:37,email_open,阅读邮件（内部往来 2）,,,,mail.company.cn,,,,
H003785,2026-07-14 15:56:01,email_open,阅读邮件（内部往来 1）,,,,oa.company.cn,,,,
H004362,2026-07-14 16:00:21,email_open,阅读邮件（内部往来 1）,,,,oa.company.cn,,,,
H003725,2026-07-14 16:00:30,failed_login,密码错误自动重试,,T1110.001,,,,,,
H002844,2026-07-14 16:00:49,web_visit,访问内部 OA/知识库,,T1071,,oa.company.cn,,,,
H002907,2026-07-14 16:03:12,failed_login,密码错误自动重试,,T1110.001,,,,,,
H003725,2026-07-14 16:04:42,login,登录办公终端,,T1078,,,,,,
H003043,2026-07-14 16:08:42,web_visit,访问内部 OA/知识库,,T1071,,mail.company.cn,,,,
H008057,2026-07-14 16:11:12,privesc,安装办公软件（UAC 授权通过）,,T1543.003,,,,,,
H002844,2026-07-14 16:11:39,login,登录办公终端,,T1078,,,,苏州市,,
H009170,2026-07-14 16:16:35,web_visit,访问内部 OA/知识库,,T1071,,docs.company.cn,,,,
H001824,2026-07-14 16:21:38,email_open,阅读邮件（内部往来 1）,,,,oa.company.cn,,,,
H009982,2026-07-14 16:21:57,download,下载文档/更新包 41MB,,T1204.002,,,12479,,,
H001651,2026-07-14 16:22:53,web_visit,访问内部 OA/知识库,,T1071,,docs.company.cn,,,,
H002479,2026-07-14 16:23:43,email_open,阅读邮件（内部往来 1）,,,,oa.company.cn,,,,
H000564,2026-07-14 16:27:36,web_visit,访问内部 OA/知识库,,T1071,,wiki.company.cn,,,,
H006738,2026-07-14 16:38:54,web_visit,访问内部 OA/知识库,,T1071,,wiki.company.cn,,,,
H002540,2026-07-14 16:39:39,scan_attempt,安全巡检端口扫描（被扫）,,T1046,,,,,,
H004724,2026-07-14 16:39:51,email_open,阅读邮件（内部往来 2）,,,,oa.company.cn,,,,
H004950,2026-07-14 16:42:03,email_open,阅读邮件（内部往来 1）,,,,oa.company.cn,,,,
H002907,2026-07-14 16:46:15,login,登录办公终端,,T1078,,,,,,
H004763,2026-07-14 16:50:02,dns_query,域名解析,,T1071.001,,jd.com,,,,
H009698,2026-07-14 16:50:20,login,登录办公终端,,T1078,,,,,,
H003416,2026-07-14 16:54:34,web_visit,访问内部 OA/知识库,,T1071,,wiki.company.cn,,,,
H002223,2026-07-14 16:54:50,email_open,阅读邮件（内部往来 1）,,,,wiki.company.cn,,,,
H002907,2026-07-14 16:55:35,failed_login,密码错误自动重试,,T1110.001,,,,,,
H008154,2026-07-14 16:57:48,dns_query,域名解析,,T1071.001,,kb.company.cn,,,,
H007458,2026-07-14 16:58:13,email_open,阅读邮件（内部往来 1）,,,,npm.company.cn,,,,
H006738,2026-07-14 17:05:33,email_open,阅读邮件（内部往来 1）,,,,mail.company.cn,,,,
H001824,2026-07-14 17:06:29,failed_login,密码错误自动重试,,T1110.001,,,,,,
H004763,2026-07-14 17:06:56,email_open,阅读邮件（内部往来 1）,,,,npm.company.cn,,,,
H007458,2026-07-14 17:10:01,login,登录办公终端,,T1078,,,,,,
H005988,2026-07-14 17:16:55,failed_login,密码错误自动重试,,T1110.001,,,,,,
H003785,2026-07-14 17:17:43,dns_query,域名解析,,T1071.001,,bilibili.com,,,,
H006718,2026-07-14 17:19:02,login,登录办公终端,,T1078,,,,,,
H004953,2026-07-14 17:19:37,login,登录办公终端,,T1078,,,,南京市,,
H006113,2026-07-14 17:25:52,login,登录办公终端,,T1078,,,,武汉市,,
H001269,2026-07-14 17:27:21,login,登录办公终端,,T1078,,,,,,
H003043,2026-07-14 17:33:22,email_open,阅读邮件（内部往来 1）,,,,oa.company.cn,,,,
H001177,2026-07-14 17:34:43,login,登录办公终端,,T1078,,,,,,
H002774,2026-07-14 17:35:54,email_open,阅读邮件（内部往来 2）,,,,kb.company.cn,,,,
H009170,2026-07-14 17:36:06,dns_query,域名解析,,T1071.001,,bilibili.com,,,,
H002479,2026-07-14 17:36:44,web_visit,访问内部 OA/知识库,,T1071,,mail.company.cn,,,,
H006738,2026-07-14 17:37:34,dns_query,域名解析,,T1071.001,,kb.company.cn,,,,
H001177,2026-07-14 17:38:18,email_open,阅读邮件（内部往来 1）,,,,wiki.company.cn,,,,
H007512,2026-07-14 17:38:57,failed_login,密码错误自动重试,,T1110.001,,,,,,
H009170,2026-07-14 17:40:02,failed_login,密码错误自动重试,,T1110.001,,,,,,
H003416,2026-07-14 17:40:52,email_open,阅读邮件（内部往来 1）,,,,wiki.company.cn,,,,
H009698,2026-07-14 17:41:04,download,下载文档/更新包 43MB,,T1204.002,,,37482,,,
H003923,2026-07-14 17:42:30,download,下载文档/更新包 1MB,,T1204.002,,,2976,,,
H003833,2026-07-14 17:42:38,dns_query,域名解析,,T1071.001,,bilibili.com,,,,
H003785,2026-07-14 17:43:04,download,下载文档/更新包 24MB,,T1204.002,,,41255,,,
H001819,2026-07-14 17:43:46,failed_login,密码错误自动重试,,T1110.001,,,,,,
H009535,2026-07-14 17:45:28,failed_login,密码错误自动重试,,T1110.001,,,,,,
H004717,2026-07-14 17:47:12,email_open,阅读邮件（内部往来 1）,,,,npm.company.cn,,,,
H001819,2026-07-14 17:48:01,email_open,阅读邮件（内部往来 2）,,,,docs.company.cn,,,,
H003910,2026-07-14 17:50:22,login,登录办公终端,,T1078,,,,,,
H004724,2026-07-14 17:52:26,email_open,阅读邮件（内部往来 3）,,,,oa.company.cn,,,,
H007458,2026-07-14 17:56:24,failed_login,密码错误自动重试,,T1110.001,,,,,,
H001819,2026-07-14 17:56:54,web_visit,访问内部 OA/知识库,,T1071,,kb.company.cn,,,,
H001547,2026-07-14 17:58:32,failed_login,密码错误自动重试,,T1110.001,,,,,,
H005767,2026-07-14 17:59:47,upload,上传附件 13MB,,T1567,,docs.company.cn,14965,,,
H004724,2026-07-14 18:00:29,web_visit,访问内部 OA/知识库,,T1071,,wiki.company.cn,,,,
H006049,2026-07-14 18:06:02,web_visit,访问内部 OA/知识库,,T1071,,npm.company.cn,,,,
H003043,2026-07-14 18:06:16,email_open,阅读邮件（内部往来 3）,,,,mail.company.cn,,,,
H003833,2026-07-14 18:08:10,email_open,阅读邮件（内部往来 3）,,,,docs.company.cn,,,,
H007500,2026-07-14 18:12:26,dns_query,域名解析,,T1071.001,,bilibili.com,,,,
H000466,2026-07-14 18:18:04,email_open,阅读邮件（内部往来 2）,,,,oa.company.cn,,,,
H003043,2026-07-14 18:20:11,login,登录办公终端,,T1078,,,,,,
H001824,2026-07-14 18:22:41,email_open,阅读邮件（内部往来 2）,,,,mail.company.cn,,,,
H004724,2026-07-14 18:25:12,login,登录办公终端,,T1078,,,,,,
H003416,2026-07-14 18:26:15,web_visit,访问内部 OA/知识库,,T1071,,oa.company.cn,,,,
H000559,2026-07-14 18:28:23,failed_login,密码错误自动重试,,T1110.001,,,,,,
H006113,2026-07-14 18:28:32,email_open,阅读邮件（内部往来 1）,,,,kb.company.cn,,,,
H000466,2026-07-14 18:34:43,upload,上传附件 3MB,,T1567,,docs.company.cn,13708,,,
H003973,2026-07-14 18:37:40,download,下载文档/更新包 32MB,,T1204.002,,,40134,,,
H003752,2026-07-14 18:42:00,web_visit,访问内部 OA/知识库,,T1071,,oa.company.cn,,,,
H004080,2026-07-14 18:42:10,failed_login,密码错误自动重试,,T1110.001,,,,,,
H006113,2026-07-14 18:42:28,dns_query,域名解析,,T1071.001,,github.com,,,,
H004080,2026-07-14 18:43:52,web_visit,访问内部 OA/知识库,,T1071,,kb.company.cn,,,,
H003533,2026-07-14 18:46:20,login,登录办公终端,,T1078,,,,武汉市,,
H003416,2026-07-14 18:46:29,failed_login,密码错误自动重试,,T1110.001,,,,,,
H000987,2026-07-14 18:48:21,email_open,阅读邮件（内部往来 1）,,,,npm.company.cn,,,,
H003725,2026-07-14 18:50:56,email_open,阅读邮件（内部往来 1）,,,,wiki.company.cn,,,,
H004724,2026-07-14 18:56:38,dns_query,域名解析,,T1071.001,,qq.com,,,,
H005220,2026-07-14 19:10:43,dns_query,域名解析,,T1071.001,,taobao.com,,,,
H004763,2026-07-14 19:10:59,login,登录办公终端,,T1078,,,,,,
H003973,2026-07-14 19:16:47,email_open,阅读邮件（内部往来 1）,,,,kb.company.cn,,,,
H004564,2026-07-14 19:28:36,login,登录办公终端,,T1078,,,,,,
H003785,2026-07-14 19:29:01,login,登录办公终端,,T1078,,,,苏州市,,
H009698,2026-07-14 19:32:52,failed_login,密码错误自动重试,,T1110.001,,,,,,
H003910,2026-07-14 19:34:50,email_open,阅读邮件（内部往来 1）,,,,mail.company.cn,,,,
H003923,2026-07-14 19:41:35,login,登录办公终端,,T1078,,,,,,
H003785,2026-07-14 19:42:47,web_visit,访问内部 OA/知识库,,T1071,,docs.company.cn,,,,
H006473,2026-07-14 19:45:44,email_open,阅读邮件（内部往来 1）,,,,wiki.company.cn,,,,
H004950,2026-07-14 19:46:03,web_visit,访问内部 OA/知识库,,T1071,,oa.company.cn,,,,
H003416,2026-07-14 19:46:47,failed_login,密码错误自动重试,,T1110.001,,,,,,
H001269,2026-07-14 20:05:34,web_visit,访问内部 OA/知识库,,T1071,,npm.company.cn,,,,
H006750,2026-07-14 20:31:00,download,下载文档/更新包 45MB,,T1204.002,,,6254,,,
H004717,2026-07-14 20:32:12,login,登录办公终端,,T1078,,,,,,
H003752,2026-07-14 20:34:04,web_visit,访问内部 OA/知识库,,T1071,,mail.company.cn,,,,
H009535,2026-07-14 20:40:50,email_open,阅读邮件（内部往来 3）,,,,oa.company.cn,,,,
H002844,2026-07-14 20:41:31,email_open,阅读邮件（内部往来 1）,,,,oa.company.cn,,,,
H001547,2026-07-14 20:59:55,web_visit,访问内部 OA/知识库,,T1071,,wiki.company.cn,,,,
H009903,2026-07-14 21:00:16,login,登录办公终端,,T1078,,,,天津市,,
H007512,2026-07-14 21:14:24,email_open,阅读邮件（内部往来 1）,,,,kb.company.cn,,,,
H007512,2026-07-14 21:23:44,login,登录办公终端,,T1078,,,,,,
H006738,2026-07-14 21:24:25,upload,上传附件 1MB,,T1567,,docs.company.cn,9680,,,
H000564,2026-07-14 21:35:05,email_open,阅读邮件（内部往来 2）,,,,kb.company.cn,,,,
H000987,2026-07-14 21:42:12,web_visit,访问内部 OA/知识库,,T1071,,mail.company.cn,,,,
H009982,2026-07-14 22:13:58,web_visit,访问内部 OA/知识库,,T1071,,mail.company.cn,,,,
H003785,2026-07-14 22:14:57,failed_login,密码错误自动重试,,T1110.001,,,,,,
H001547,2026-07-14 23:15:21,login,登录办公终端,,T1078,,,,南京市,,
H002479,2026-07-14 23:57:44,login,登录办公终端,,T1078,,,,天津市,,
H000987,2026-07-15 00:14:04,web_visit,访问内部 OA/知识库,,T1071,,wiki.company.cn,,,,
H002894,2026-07-15 01:23:25,dns_query,域名解析,,T1071.001,,oa.company.cn,,,,
H006311,2026-07-15 03:00:19,failed_login,登录尝试失败（连续输错）,,T1110.001,,,,杭州市,,
H006311,2026-07-15 03:02:19,failed_login,登录尝试失败（连续输错）,,T1110.001,,,,上海市,,
H006311,2026-07-15 03:02:19,failed_login,登录尝试失败（连续输错）,,T1110.001,,,,上海市,,
H006311,2026-07-15 03:03:19,failed_login,登录尝试失败（连续输错）,,T1110.001,,,,北京市,,
H004362,2026-07-15 05:21:31,web_visit,访问内部 OA/知识库,,T1071,,wiki.company.cn,,,,
H006473,2026-07-15 05:28:41,email_open,阅读邮件（内部往来 1）,,,,npm.company.cn,,,,
H009698,2026-07-15 06:38:58,download,下载文档/更新包 6MB,,T1204.002,,,34530,,,
H000438,2026-07-15 07:14:53,web_visit,访问内部 OA/知识库,,T1071,,mail.company.cn,,,,
H009535,2026-07-15 07:38:00,login,登录办公终端,,T1078,,,,,,
H001668,2026-07-15 07:58:10,dns_query,域名解析,,T1071.001,,docs.company.cn,,,,
H001796,2026-07-15 08:00:34,email_open,阅读邮件（内部往来 2）,,,,oa.company.cn,,,,
H002894,2026-07-15 08:09:49,download,下载文档/更新包 32MB,,T1204.002,,,2708,,,
H006738,2026-07-15 08:16:04,email_open,阅读邮件（内部往来 1）,,,,docs.company.cn,,,,
H006113,2026-07-15 08:17:46,failed_login,密码错误自动重试,,T1110.001,,,,,,
H004724,2026-07-15 08:22:32,failed_login,密码错误自动重试,,T1110.001,,,,,,
H002540,2026-07-15 08:24:19,download,下载文档/更新包 32MB,,T1204.002,,,35220,,,
H009170,2026-07-15 08:26:39,dns_query,域名解析,,T1071.001,,weibo.com,,,,
H000438,2026-07-15 08:29:19,web_visit,访问内部 OA/知识库,,T1071,,npm.company.cn,,,,
H008057,2026-07-15 08:29:37,dns_query,域名解析,,T1071.001,,jd.com,,,,
H003893,2026-07-15 08:37:41,failed_login,密码错误自动重试,,T1110.001,,,,,,
H000564,2026-07-15 08:37:53,email_open,阅读邮件（内部往来 2）,,,,oa.company.cn,,,,
H001402,2026-07-15 08:40:21,login,登录办公终端,,T1078,,,,,,
H006113,2026-07-15 08:40:54,dns_query,域名解析,,T1071.001,,docs.company.cn,,,,
H001402,2026-07-15 08:42:51,email_open,阅读邮件（内部往来 1）,,,,oa.company.cn,,,,
H002844,2026-07-15 08:47:47,email_open,阅读邮件（内部往来 2）,,,,oa.company.cn,,,,
H007458,2026-07-15 08:50:57,email_open,阅读邮件（内部往来 1）,,,,oa.company.cn,,,,
H003973,2026-07-15 09:01:08,web_visit,访问内部 OA/知识库,,T1071,,docs.company.cn,,,,
H005988,2026-07-15 09:02:54,web_visit,访问内部 OA/知识库,,T1071,,mail.company.cn,,,,
H003910,2026-07-15 09:04:42,failed_login,密码错误自动重试,,T1110.001,,,,,,
H000564,2026-07-15 09:07:37,login,登录办公终端,,T1078,,,,,,
H009979,2026-07-15 09:07:38,web_visit,访问内部 OA/知识库,,T1071,,docs.company.cn,,,,
H003973,2026-07-15 09:07:48,email_open,阅读邮件（内部往来 1）,,,,npm.company.cn,,,,
H008057,2026-07-15 09:08:43,login,登录办公终端,,T1078,,,,,,
H006738,2026-07-15 09:08:57,login,登录办公终端,,T1078,,,,,,
H003973,2026-07-15 09:10:23,upload,上传附件 4MB,,T1567,,docs.company.cn,6664,,,
H007458,2026-07-15 09:10:23,web_visit,访问内部 OA/知识库,,T1071,,wiki.company.cn,,,,
H004394,2026-07-15 09:13:59,login,登录办公终端,,T1078,,,,,,
H009698,2026-07-15 09:15:49,email_open,阅读邮件（内部往来 1）,,,,docs.company.cn,,,,
H004724,2026-07-15 09:16:30,failed_login,密码错误自动重试,,T1110.001,,,,,,
H004816,2026-07-15 09:23:20,failed_login,密码错误自动重试,,T1110.001,,,,,,
H009698,2026-07-15 09:23:50,web_visit,访问内部 OA/知识库,,T1071,,wiki.company.cn,,,,
H008057,2026-07-15 09:24:50,email_open,阅读邮件（内部往来 2）,,,,mail.company.cn,,,,
H005151,2026-07-15 09:27:49,email_open,阅读邮件（内部往来 1）,,,,oa.company.cn,,,,
H005600,2026-07-15 09:28:54,download,下载文档/更新包 27MB,,T1204.002,,,26017,,,
H009698,2026-07-15 09:31:22,login,登录办公终端,,T1078,,,,,,
H009691,2026-07-15 09:32:01,web_visit,访问内部 OA/知识库,,T1071,,docs.company.cn,,,,
H004362,2026-07-15 09:32:46,email_open,阅读邮件（内部往来 1）,,,,wiki.company.cn,,,,
H005600,2026-07-15 09:36:37,web_visit,访问内部 OA/知识库,,T1071,,wiki.company.cn,,,,
H008057,2026-07-15 09:36:53,download,下载文档/更新包 24MB,,T1204.002,,,10555,,,
H001235,2026-07-15 09:39:04,web_visit,访问内部 OA/知识库,,T1071,,kb.company.cn,,,,
H001651,2026-07-15 09:39:46,web_visit,访问内部 OA/知识库,,T1071,,kb.company.cn,,,,
H004775,2026-07-15 09:42:00,upload,上传附件 4MB,,T1567,,docs.company.cn,9295,,,
H004816,2026-07-15 09:42:24,failed_login,密码错误自动重试,,T1110.001,,,,,,
H007030,2026-07-15 09:42:44,login,登录办公终端,,T1078,,,,西安市,,
H006473,2026-07-15 09:43:33,failed_login,密码错误自动重试,,T1110.001,,,,,,
H006718,2026-07-15 09:45:50,email_open,阅读邮件（内部往来 3）,,,,docs.company.cn,,,,
H007458,2026-07-15 09:46:56,email_open,阅读邮件（内部往来 2）,,,,docs.company.cn,,,,
H001419,2026-07-15 09:51:00,web_visit,访问内部 OA/知识库,,T1071,,mail.company.cn,,,,
H000438,2026-07-15 09:53:52,login,登录办公终端,,T1078,,,,,,
H000805,2026-07-15 09:58:08,web_visit,访问内部 OA/知识库,,T1071,,wiki.company.cn,,,,
H009500,2026-07-15 10:00:00,login,登录办公终端,,T1078,,,,,,
H000438,2026-07-15 10:00:51,email_open,阅读邮件（内部往来 2）,,,,npm.company.cn,,,,
H004724,2026-07-15 10:01:49,download,下载文档/更新包 29MB,,T1204.002,,,16642,,,
H002894,2026-07-15 10:06:53,web_visit,访问内部 OA/知识库,,T1071,,docs.company.cn,,,,
H008931,2026-07-15 10:07:11,download,下载伪装安装包（宏/安装器投递）,deliver,T1204.002,evasive,cdn-verify-svc.net,22720,,,
H005600,2026-07-15 10:08:08,email_open,阅读邮件（内部往来 2）,,,,mail.company.cn,,,,
H003725,2026-07-15 10:08:53,email_open,阅读邮件（内部往来 1）,,,,docs.company.cn,,,,
H006473,2026-07-15 10:09:39,failed_login,密码错误自动重试,,T1110.001,,,,,,
H004950,2026-07-15 10:10:59,email_open,阅读邮件（内部往来 1）,,,,npm.company.cn,,,,
H008931,2026-07-15 10:12:11,script_exec,PowerShell 脚本执行（下载器运行）,exploit,T1059,evasive,,,,,
H008931,2026-07-15 10:12:11,privesc,安装器请求管理员权限（UAC 通过）,exploit,T1543.003,evasive,,,,,
H006738,2026-07-15 10:13:54,web_visit,访问内部 OA/知识库,,T1071,,docs.company.cn,,,,
H002907,2026-07-15 10:15:11,login,登录办公终端,,T1078,,,,,,
H001796,2026-07-15 10:15:31,email_open,阅读邮件（内部往来 1）,,,,docs.company.cn,,,,
H001419,2026-07-15 10:18:55,email_open,阅读邮件（内部往来 1）,,,,npm.company.cn,,,,
H003893,2026-07-15 10:23:57,upload,上传附件 14MB,,T1567,,docs.company.cn,12625,,,
H004394,2026-07-15 10:29:44,email_open,阅读邮件（内部往来 1）,,,,docs.company.cn,,,,
H004394,2026-07-15 10:35:16,web_visit,访问内部 OA/知识库,,T1071,,wiki.company.cn,,,,
H005614,2026-07-15 10:39:12,email_open,阅读邮件（内部往来 1）,,,,mail.company.cn,,,,
H008931,2026-07-15 10:44:11,persist_create,注册计划任务维持运行,persist,T1053.005,evasive,,,,,
H004775,2026-07-15 10:44:48,failed_login,密码错误自动重试,,T1110.001,,,,,,
H000438,2026-07-15 10:44:51,dns_query,域名解析,,T1071.001,,oa.company.cn,,,,
H001651,2026-07-15 10:47:13,email_open,阅读邮件（内部往来 1）,,,,wiki.company.cn,,,,
H004146,2026-07-15 10:48:11,web_visit,访问内部 OA/知识库,,T1071,,mail.company.cn,,,,
H007983,2026-07-15 10:50:44,web_visit,访问内部 OA/知识库,,T1071,,docs.company.cn,,,,
H003910,2026-07-15 10:52:02,login,登录办公终端,,T1078,,,,,,
H001651,2026-07-15 11:03:39,login,登录办公终端,,T1078,,,,,,
H001651,2026-07-15 11:05:08,download,下载文档/更新包 32MB,,T1204.002,,,12279,,,
H003910,2026-07-15 11:06:54,email_open,阅读邮件（内部往来 3）,,,,kb.company.cn,,,,
H009698,2026-07-15 11:09:06,email_open,阅读邮件（内部往来 2）,,,,oa.company.cn,,,,
H003973,2026-07-15 11:11:52,download,下载文档/更新包 26MB,,T1204.002,,,31257,,,
H005614,2026-07-15 11:13:28,login,登录办公终端,,T1078,,,,西安市,,
H000987,2026-07-15 11:18:13,download,下载文档/更新包 8MB,,T1204.002,,,23248,,,
H006718,2026-07-15 11:19:20,failed_login,密码错误自动重试,,T1110.001,,,,,,
H001796,2026-07-15 11:22:52,upload,上传附件 5MB,,T1567,,docs.company.cn,11583,,,
H006718,2026-07-15 11:27:13,web_visit,访问内部 OA/知识库,,T1071,,wiki.company.cn,,,,
H007030,2026-07-15 11:28:09,dns_query,域名解析,,T1071.001,,baidu.com,,,,
H006113,2026-07-15 11:28:32,failed_login,密码错误自动重试,,T1110.001,,,,,,
H003893,2026-07-15 11:32:06,web_visit,访问内部 OA/知识库,,T1071,,wiki.company.cn,,,,
H006473,2026-07-15 11:34:07,email_open,阅读邮件（内部往来 2）,,,,docs.company.cn,,,,
H000805,2026-07-15 11:34:19,login,登录办公终端,,T1078,,,,,,
H006113,2026-07-15 11:37:39,web_visit,访问内部 OA/知识库,,T1071,,mail.company.cn,,,,
H007983,2026-07-15 11:38:26,login,登录办公终端,,T1078,,,,,,
H006473,2026-07-15 11:40:12,upload,上传附件 6MB,,T1567,,docs.company.cn,5730,,,
H002844,2026-07-15 11:43:47,failed_login,密码错误自动重试,,T1110.001,,,,,,
H001796,2026-07-15 11:49:13,web_visit,访问内部 OA/知识库,,T1071,,kb.company.cn,,,,
H004146,2026-07-15 11:50:54,email_open,阅读邮件（内部往来 1）,,,,oa.company.cn,,,,
H001651,2026-07-15 11:51:01,web_visit,访问内部 OA/知识库,,T1071,,wiki.company.cn,,,,
H000987,2026-07-15 11:51:16,email_open,阅读邮件（内部往来 2）,,,,npm.company.cn,,,,
H003910,2026-07-15 11:54:33,email_open,阅读邮件（内部往来 1）,,,,oa.company.cn,,,,
H004146,2026-07-15 11:57:12,email_open,阅读邮件（内部往来 2）,,,,mail.company.cn,,,,
H001402,2026-07-15 11:57:41,web_visit,访问内部 OA/知识库,,T1071,,mail.company.cn,,,,
H009698,2026-07-15 12:04:20,scan_attempt,安全巡检端口扫描（被扫）,,T1046,,,,,,
H001668,2026-07-15 12:08:26,login,登录办公终端,,T1078,,,,,,
H005988,2026-07-15 12:21:11,email_open,阅读邮件（内部往来 1）,,,,docs.company.cn,,,,
H004146,2026-07-15 12:26:24,download,下载文档/更新包 2MB,,T1204.002,,,9065,,,
H005614,2026-07-15 12:27:34,upload,上传附件 13MB,,T1567,,docs.company.cn,11591,,,
H004775,2026-07-15 12:31:56,email_open,阅读邮件（内部往来 1）,,,,mail.company.cn,,,,
H007458,2026-07-15 12:32:02,email_open,阅读邮件（内部往来 3）,,,,npm.company.cn,,,,
H003725,2026-07-15 12:33:37,download,下载文档/更新包 11MB,,T1204.002,,,41797,,,
H002844,2026-07-15 12:35:41,email_open,阅读邮件（内部往来 3）,,,,docs.company.cn,,,,
H003893,2026-07-15 12:36:43,download,下载文档/更新包 17MB,,T1204.002,,,42665,,,
H006311,2026-07-15 12:41:54,web_visit,访问内部 OA/知识库,,T1071,,npm.company.cn,,,,
H007500,2026-07-15 12:43:14,web_visit,访问内部 OA/知识库,,T1071,,mail.company.cn,,,,
H004724,2026-07-15 12:43:31,email_open,阅读邮件（内部往来 1）,,,,mail.company.cn,,,,
H009979,2026-07-15 12:44:33,login,登录办公终端,,T1078,,,,,,
H007458,2026-07-15 12:46:13,web_visit,访问内部 OA/知识库,,T1071,,wiki.company.cn,,,,
H002894,2026-07-15 12:52:07,login,登录办公终端,,T1078,,,,,,
H006473,2026-07-15 12:55:15,email_open,阅读邮件（内部往来 3）,,,,mail.company.cn,,,,
H004724,2026-07-15 12:58:41,dns_query,域名解析,,T1071.001,,weibo.com,,,,
H002844,2026-07-15 12:59:20,login,登录办公终端,,T1078,,,,苏州市,,
H005496,2026-07-15 13:00:00,upload,外发数据 38MB（含客户名单片段）,exfil,T1567,evasive,share-doc.company.cn,38912,,,
H001547,2026-07-15 13:01:01,failed_login,密码错误自动重试,,T1110.001,,,,,,
H005496,2026-07-15 13:02:00,cleanup,清除本地外发缓存,cover,T1070.004,evasive,,,,,
H001402,2026-07-15 13:12:24,email_open,阅读邮件（内部往来 2）,,,,mail.company.cn,,,,
H005600,2026-07-15 13:18:03,login,登录办公终端,,T1078,,,,,,
H006738,2026-07-15 13:25:05,failed_login,密码错误自动重试,,T1110.001,,,,,,
H004360,2026-07-15 13:30:59,web_visit,访问内部 OA/知识库,,T1071,,wiki.company.cn,,,,
H008871,2026-07-15 13:33:03,login,登录办公终端,,T1078,,,,南京市,,
H004146,2026-07-15 13:34:28,failed_login,密码错误自动重试,,T1110.001,,,,,,
H009170,2026-07-15 13:37:03,upload,上传附件 12MB,,T1567,,docs.company.cn,9762,,,
H009500,2026-07-15 13:41:16,download,下载文档/更新包 2MB,,T1204.002,,,29164,,,
H008057,2026-07-15 13:43:48,upload,上传附件 4MB,,T1567,,docs.company.cn,4958,,,
H003043,2026-07-15 13:48:30,login,登录办公终端,,T1078,,,,,,
H005600,2026-07-15 13:58:26,email_open,阅读邮件（内部往来 1）,,,,kb.company.cn,,,,
H005988,2026-07-15 13:58:33,login,登录办公终端,,T1078,,,,,,
H009535,2026-07-15 14:06:33,email_open,阅读邮件（内部往来 2）,,,,docs.company.cn,,,,
H009535,2026-07-15 14:10:05,failed_login,密码错误自动重试,,T1110.001,,,,,,
H009535,2026-07-15 14:10:06,email_open,阅读邮件（内部往来 1）,,,,oa.company.cn,,,,
H004763,2026-07-15 14:11:18,email_open,阅读邮件（内部往来 2）,,,,wiki.company.cn,,,,
H003043,2026-07-15 14:32:03,email_open,阅读邮件（内部往来 1）,,,,mail.company.cn,,,,
H003043,2026-07-15 14:34:05,email_open,阅读邮件（内部往来 2）,,,,mail.company.cn,,,,
H002774,2026-07-15 14:37:17,web_visit,访问内部 OA/知识库,,T1071,,npm.company.cn,,,,
H002894,2026-07-15 14:40:19,email_open,阅读邮件（内部往来 2）,,,,kb.company.cn,,,,
H009170,2026-07-15 14:42:57,email_open,阅读邮件（内部往来 3）,,,,npm.company.cn,,,,
H002540,2026-07-15 14:47:06,login,登录办公终端,,T1078,,,,,,
H001235,2026-07-15 14:48:41,dns_query,域名解析,,T1071.001,,zhihu.com,,,,
H004362,2026-07-15 14:49:38,web_visit,访问内部 OA/知识库,,T1071,,docs.company.cn,,,,
H002540,2026-07-15 14:49:54,dns_query,域名解析,,T1071.001,,oa.company.cn,,,,
H000564,2026-07-15 14:50:11,email_open,阅读邮件（内部往来 1）,,,,oa.company.cn,,,,
H003893,2026-07-15 14:51:29,email_open,阅读邮件（内部往来 2）,,,,mail.company.cn,,,,
H007030,2026-07-15 14:52:28,email_open,阅读邮件（内部往来 2）,,,,wiki.company.cn,,,,
H002774,2026-07-15 14:54:42,smb_connect,访问文件服务器共享目录,,T1021.002,,,,,,FILE-SRV01
H001668,2026-07-15 14:58:41,web_visit,访问内部 OA/知识库,,T1071,,oa.company.cn,,,,
H007030,2026-07-15 15:03:02,email_open,阅读邮件（内部往来 1）,,,,docs.company.cn,,,,
H007030,2026-07-15 15:03:22,upload,上传附件 13MB,,T1567,,docs.company.cn,3248,,,
H007458,2026-07-15 15:06:02,upload,上传附件 1MB,,T1567,,docs.company.cn,14830,,,
H004724,2026-07-15 15:11:07,login,登录办公终端,,T1078,,,,,,
H001419,2026-07-15 15:13:11,login,登录办公终端,,T1078,,,,,,
H004816,2026-07-15 15:22:41,web_visit,访问内部 OA/知识库,,T1071,,npm.company.cn,,,,
H003725,2026-07-15 15:23:24,dns_query,域名解析,,T1071.001,,github.com,,,,
H000805,2026-07-15 15:30:12,email_open,阅读邮件（内部往来 1）,,,,npm.company.cn,,,,
H007458,2026-07-15 15:36:10,failed_login,密码错误自动重试,,T1110.001,,,,,,
H003043,2026-07-15 15:36:30,web_visit,访问内部 OA/知识库,,T1071,,wiki.company.cn,,,,
H002774,2026-07-15 15:38:55,login,登录办公终端,,T1078,,,,,,
H004724,2026-07-15 15:41:50,web_visit,访问内部 OA/知识库,,T1071,,docs.company.cn,,,,
H004950,2026-07-15 15:51:16,dns_query,域名解析,,T1071.001,,oa.company.cn,,,,
H001547,2026-07-15 16:04:21,failed_login,密码错误自动重试,,T1110.001,,,,,,
H000987,2026-07-15 16:06:23,login,登录办公终端,,T1078,,,,天津市,,
H003973,2026-07-15 16:06:54,login,登录办公终端,,T1078,,,,,,
H007500,2026-07-15 16:07:52,download,下载文档/更新包 24MB,,T1204.002,,,18010,,,
H004775,2026-07-15 16:08:11,dns_query,域名解析,,T1071.001,,npm.company.cn,,,,
H007500,2026-07-15 16:09:33,login,登录办公终端,,T1078,,,,,,
H006718,2026-07-15 16:09:47,email_open,阅读邮件（内部往来 2）,,,,oa.company.cn,,,,
H007500,2026-07-15 16:09:51,failed_login,密码错误自动重试,,T1110.001,,,,,,
H005614,2026-07-15 16:13:57,web_visit,访问内部 OA/知识库,,T1071,,kb.company.cn,,,,
H001235,2026-07-15 16:14:19,login,登录办公终端,,T1078,,,,,,
H005988,2026-07-15 16:15:24,web_visit,访问内部 OA/知识库,,T1071,,wiki.company.cn,,,,
H002774,2026-07-15 16:17:21,email_open,阅读邮件（内部往来 2）,,,,kb.company.cn,,,,
H002774,2026-07-15 16:21:41,web_visit,访问内部 OA/知识库,,T1071,,kb.company.cn,,,,
H004724,2026-07-15 16:33:09,email_open,阅读邮件（内部往来 2）,,,,npm.company.cn,,,,
H009170,2026-07-15 16:36:23,login,登录办公终端,,T1078,,,,,,
H002480,2026-07-15 16:37:13,email_open,阅读邮件（内部往来 1）,,,,oa.company.cn,,,,
H006113,2026-07-15 16:41:42,email_open,阅读邮件（内部往来 1）,,,,kb.company.cn,,,,
H009535,2026-07-15 16:43:02,download,下载文档/更新包 8MB,,T1204.002,,,27259,,,
H001668,2026-07-15 16:45:55,web_visit,访问内部 OA/知识库,,T1071,,kb.company.cn,,,,
H004816,2026-07-15 16:51:27,email_open,阅读邮件（内部往来 1）,,,,wiki.company.cn,,,,
H000564,2026-07-15 16:52:38,email_open,阅读邮件（内部往来 3）,,,,kb.company.cn,,,,
H004953,2026-07-15 16:55:40,dns_query,域名解析,,T1071.001,,weibo.com,,,,
H008057,2026-07-15 16:55:41,email_open,阅读邮件（内部往来 1）,,,,oa.company.cn,,,,
H002844,2026-07-15 16:57:05,email_open,阅读邮件（内部往来 1）,,,,npm.company.cn,,,,
H001547,2026-07-15 16:59:37,email_open,阅读邮件（内部往来 1）,,,,mail.company.cn,,,,
H006718,2026-07-15 17:00:50,web_visit,访问内部 OA/知识库,,T1071,,npm.company.cn,,,,
H007458,2026-07-15 17:03:42,dns_query,域名解析,,T1071.001,,github.com,,,,
H002844,2026-07-15 17:06:01,failed_login,密码错误自动重试,,T1110.001,,,,,,
H009170,2026-07-15 17:08:02,email_open,阅读邮件（内部往来 1）,,,,kb.company.cn,,,,
H006718,2026-07-15 17:09:05,login,登录办公终端,,T1078,,,,,,
H000987,2026-07-15 17:12:14,email_open,阅读邮件（内部往来 1）,,,,kb.company.cn,,,,
H002774,2026-07-15 17:14:16,dns_query,域名解析,,T1071.001,,github.com,,,,
H004146,2026-07-15 17:15:49,login,登录办公终端,,T1078,,,,,,
H006738,2026-07-15 17:15:59,dns_query,域名解析,,T1071.001,,zhihu.com,,,,
H005600,2026-07-15 17:19:05,upload,上传附件 5MB,,T1567,,docs.company.cn,14308,,,
H007983,2026-07-15 17:20:18,web_visit,访问内部 OA/知识库,,T1071,,npm.company.cn,,,,
H004953,2026-07-15 17:21:12,email_open,阅读邮件（内部往来 2）,,,,oa.company.cn,,,,
H002774,2026-07-15 17:26:39,email_open,阅读邮件（内部往来 1）,,,,docs.company.cn,,,,
H002894,2026-07-15 17:31:27,email_open,阅读邮件（内部往来 1）,,,,docs.company.cn,,,,
H009535,2026-07-15 17:34:42,dns_query,域名解析,,T1071.001,,docs.company.cn,,,,
H009535,2026-07-15 17:36:06,email_open,阅读邮件（内部往来 3）,,,,wiki.company.cn,,,,
H004362,2026-07-15 17:37:15,login,登录办公终端,,T1078,,,,,,
H009500,2026-07-15 17:37:21,email_open,阅读邮件（内部往来 1）,,,,docs.company.cn,,,,
H006473,2026-07-15 17:40:06,login,登录办公终端,,T1078,,,,苏州市,,
H001796,2026-07-15 17:41:45,web_visit,访问内部 OA/知识库,,T1071,,wiki.company.cn,,,,
H006113,2026-07-15 17:43:45,login,登录办公终端,,T1078,,,,武汉市,,
H003893,2026-07-15 17:44:19,email_open,阅读邮件（内部往来 1）,,,,kb.company.cn,,,,
H009170,2026-07-15 17:44:36,failed_login,密码错误自动重试,,T1110.001,,,,,,
H001235,2026-07-15 17:44:39,web_visit,访问内部 OA/知识库,,T1071,,mail.company.cn,,,,
H006311,2026-07-15 17:44:46,login,登录办公终端,,T1078,,,,,,
H004950,2026-07-15 17:44:47,failed_login,密码错误自动重试,,T1110.001,,,,,,
H006718,2026-07-15 17:45:40,email_open,阅读邮件（内部往来 4）,,,,oa.company.cn,,,,
H002907,2026-07-15 17:50:31,email_open,阅读邮件（内部往来 1）,,,,docs.company.cn,,,,
H008871,2026-07-15 17:54:09,failed_login,密码错误自动重试,,T1110.001,,,,,,
H009170,2026-07-15 17:56:25,web_visit,访问内部 OA/知识库,,T1071,,mail.company.cn,,,,
H003893,2026-07-15 17:56:27,login,登录办公终端,,T1078,,,,,,
H004775,2026-07-15 17:59:35,login,登录办公终端,,T1078,,,,,,
H004953,2026-07-15 18:00:40,login,登录办公终端,,T1078,,,,南京市,,
H009691,2026-07-15 18:03:53,login,登录办公终端,,T1078,,,,东莞市,,
H006311,2026-07-15 18:04:26,web_visit,访问内部 OA/知识库,,T1071,,mail.company.cn,,,,
H005151,2026-07-15 18:06:09,login,登录办公终端,,T1078,,,,,,
H001402,2026-07-15 18:08:13,web_visit,访问内部 OA/知识库,,T1071,,npm.company.cn,,,,
H009698,2026-07-15 18:09:58,email_open,阅读邮件（内部往来 4）,,,,npm.company.cn,,,,
H003043,2026-07-15 18:14:19,failed_login,密码错误自动重试,,T1110.001,,,,,,
H009170,2026-07-15 18:15:17,email_open,阅读邮件（内部往来 2）,,,,kb.company.cn,,,,
H004724,2026-07-15 18:15:28,web_visit,访问内部 OA/知识库,,T1071,,wiki.company.cn,,,,
H009535,2026-07-15 18:21:01,web_visit,访问内部 OA/知识库,,T1071,,oa.company.cn,,,,
H004953,2026-07-15 18:31:19,web_visit,访问内部 OA/知识库,,T1071,,oa.company.cn,,,,
H003725,2026-07-15 18:31:53,login,登录办公终端,,T1078,,,,,,
H002480,2026-07-15 18:32:34,login,登录办公终端,,T1078,,,,,,
H003893,2026-07-15 18:41:08,web_visit,访问内部 OA/知识库,,T1071,,wiki.company.cn,,,,
H003893,2026-07-15 18:50:37,failed_login,密码错误自动重试,,T1110.001,,,,,,
H003973,2026-07-15 18:56:39,failed_login,密码错误自动重试,,T1110.001,,,,,,
H001668,2026-07-15 19:02:36,email_open,阅读邮件（内部往来 1）,,,,npm.company.cn,,,,
H004360,2026-07-15 19:08:55,dns_query,域名解析,,T1071.001,,npm.company.cn,,,,
H004763,2026-07-15 19:13:27,email_open,阅读邮件（内部往来 1）,,,,npm.company.cn,,,,
H006311,2026-07-15 19:14:17,failed_login,密码错误自动重试,,T1110.001,,,,,,
H004950,2026-07-15 19:19:45,login,登录办公终端,,T1078,,,,,,
H003973,2026-07-15 19:21:04,web_visit,访问内部 OA/知识库,,T1071,,npm.company.cn,,,,
H004360,2026-07-15 19:23:12,login,登录办公终端,,T1078,,,,苏州市,,
H005151,2026-07-15 19:26:09,email_open,阅读邮件（内部往来 2）,,,,oa.company.cn,,,,
H002894,2026-07-15 19:33:15,web_visit,访问内部 OA/知识库,,T1071,,kb.company.cn,,,,
H006718,2026-07-15 19:34:54,dns_query,域名解析,,T1071.001,,docs.company.cn,,,,
H004763,2026-07-15 19:36:47,web_visit,访问内部 OA/知识库,,T1071,,npm.company.cn,,,,
H007458,2026-07-15 19:37:07,login,登录办公终端,,T1078,,,,,,
H004763,2026-07-15 19:40:17,login,登录办公终端,,T1078,,,,,,
H001796,2026-07-15 19:42:50,login,登录办公终端,,T1078,,,,,,
H005600,2026-07-15 19:46:29,web_visit,访问内部 OA/知识库,,T1071,,docs.company.cn,,,,
H006113,2026-07-15 19:50:37,web_visit,访问内部 OA/知识库,,T1071,,mail.company.cn,,,,
H001419,2026-07-15 19:55:17,upload,上传附件 13MB,,T1567,,docs.company.cn,9865,,,
H004360,2026-07-15 19:58:59,failed_login,密码错误自动重试,,T1110.001,,,,,,
H000805,2026-07-15 20:20:57,failed_login,密码错误自动重试,,T1110.001,,,,,,
H000564,2026-07-15 20:21:14,failed_login,密码错误自动重试,,T1110.001,,,,,,
H001547,2026-07-15 20:27:48,login,登录办公终端,,T1078,,,,南京市,,
H002844,2026-07-15 20:36:47,dns_query,域名解析,,T1071.001,,github.com,,,,
H009698,2026-07-15 20:54:12,email_open,阅读邮件（内部往来 3）,,,,npm.company.cn,,,,
H006473,2026-07-15 21:43:44,web_visit,访问内部 OA/知识库,,T1071,,kb.company.cn,,,,
H001796,2026-07-15 21:57:59,download,下载文档/更新包 12MB,,T1204.002,,,25612,,,
H004953,2026-07-15 22:09:10,email_open,阅读邮件（内部往来 1）,,,,kb.company.cn,,,,
H005151,2026-07-15 22:42:25,web_visit,访问内部 OA/知识库,,T1071,,oa.company.cn,,,,
H004816,2026-07-15 22:58:44,login,登录办公终端,,T1078,,,,,,
H000438,2026-07-15 23:13:02,email_open,阅读邮件（内部往来 1）,,,,npm.company.cn,,,,
H003910,2026-07-15 23:18:42,email_open,阅读邮件（内部往来 2）,,,,docs.company.cn,,,,
H006311,2026-07-15 23:36:44,dns_query,域名解析,,T1071.001,,mail.company.cn,,,,
H006718,2026-07-15 23:48:49,email_open,阅读邮件（内部往来 1）,,,,npm.company.cn,,,,
H005614,2026-07-15 23:55:35,web_visit,访问内部 OA/知识库,,T1071,,mail.company.cn,,,,
H004717,2026-07-16 00:31:00,login,登录办公终端,,T1078,,,,,,
H006113,2026-07-16 06:48:11,failed_login,密码错误自动重试,,T1110.001,,,,,,
H001269,2026-07-16 07:37:23,failed_login,密码错误自动重试,,T1110.001,,,,,,
H007030,2026-07-16 07:39:46,failed_login,密码错误自动重试,,T1110.001,,,,,,
H004717,2026-07-16 08:06:49,failed_login,密码错误自动重试,,T1110.001,,,,,,
H006373,2026-07-16 08:11:48,login,登录办公终端,,T1078,,,,苏州市,,
H006747,2026-07-16 08:14:21,login,登录办公终端,,T1078,,,,,,
H001986,2026-07-16 08:14:22,download,下载文档/更新包 13MB,,T1204.002,,,7919,,,
H001235,2026-07-16 08:14:55,email_open,阅读邮件（内部往来 1）,,,,oa.company.cn,,,,
H005496,2026-07-16 08:18:28,web_visit,访问内部 OA/知识库,,T1071,,docs.company.cn,,,,
H002907,2026-07-16 08:31:10,web_visit,访问内部 OA/知识库,,T1071,,docs.company.cn,,,,
H006373,2026-07-16 08:35:11,download,下载文档/更新包 16MB,,T1204.002,,,16603,,,
H001796,2026-07-16 08:41:07,web_visit,访问内部 OA/知识库,,T1071,,wiki.company.cn,,,,
H009535,2026-07-16 08:52:36,failed_login,密码错误自动重试,,T1110.001,,,,,,
H003910,2026-07-16 08:53:23,email_open,阅读邮件（内部往来 2）,,,,oa.company.cn,,,,
H001547,2026-07-16 09:03:16,failed_login,密码错误自动重试,,T1110.001,,,,,,
H002907,2026-07-16 09:06:45,web_visit,访问内部 OA/知识库,,T1071,,wiki.company.cn,,,,
H004956,2026-07-16 09:08:15,email_open,阅读邮件（内部往来 1）,,,,wiki.company.cn,,,,
H009979,2026-07-16 09:10:01,failed_login,密码错误自动重试,,T1110.001,,,,,,
H008871,2026-07-16 09:13:50,web_visit,访问内部 OA/知识库,,T1071,,oa.company.cn,,,,
H005220,2026-07-16 09:14:45,login,登录办公终端,,T1078,,,,,,
H000117,2026-07-16 09:23:53,failed_login,密码错误自动重试,,T1110.001,,,,,,
H008057,2026-07-16 09:24:40,dns_query,域名解析,,T1071.001,,wiki.company.cn,,,,
H003043,2026-07-16 09:32:48,web_visit,访问内部 OA/知识库,,T1071,,oa.company.cn,,,,
H001796,2026-07-16 09:33:15,login,登录办公终端,,T1078,,,,,,
H009979,2026-07-16 09:33:21,email_open,阅读邮件（内部往来 3）,,,,mail.company.cn,,,,
H005496,2026-07-16 09:37:07,login,登录办公终端,,T1078,,,,,,
H004360,2026-07-16 09:37:32,email_click,误点了可疑链接（未输入凭据）,,T1566.001,,company-verify.cn,,,,
H005220,2026-07-16 09:42:15,web_visit,访问内部 OA/知识库,,T1071,,npm.company.cn,,,,
H005220,2026-07-16 09:42:57,email_open,阅读邮件（内部往来 1）,,,,wiki.company.cn,,,,
H009979,2026-07-16 09:45:59,login,登录办公终端,,T1078,,,,,,
H001547,2026-07-16 09:50:45,email_open,阅读邮件（内部往来 2）,,,,docs.company.cn,,,,
H004058,2026-07-16 09:53:21,dns_query,域名解析,,T1071.001,,zhihu.com,,,,
H003725,2026-07-16 09:56:56,email_open,阅读邮件（内部往来 3）,,,,oa.company.cn,,,,
H005220,2026-07-16 09:58:14,dns_query,域名解析,,T1071.001,,docs.company.cn,,,,
H007030,2026-07-16 10:03:50,email_open,阅读邮件（内部往来 1）,,,,npm.company.cn,,,,
H005220,2026-07-16 10:11:34,web_visit,访问内部 OA/知识库,,T1071,,kb.company.cn,,,,
H001547,2026-07-16 10:12:42,web_visit,访问内部 OA/知识库,,T1071,,npm.company.cn,,,,
H000117,2026-07-16 10:14:05,login,登录办公终端,,T1078,,,,,,
H000438,2026-07-16 10:22:45,email_open,阅读邮件（内部往来 1）,,,,oa.company.cn,,,,
H003833,2026-07-16 10:26:41,email_open,阅读邮件（内部往来 1）,,,,npm.company.cn,,,,
H005496,2026-07-16 10:28:06,failed_login,密码错误自动重试,,T1110.001,,,,,,
H000117,2026-07-16 10:29:32,email_open,阅读邮件（内部往来 1）,,,,wiki.company.cn,,,,
H003533,2026-07-16 10:29:41,failed_login,密码错误自动重试,,T1110.001,,,,,,
H009170,2026-07-16 10:31:40,login,登录办公终端,,T1078,,,,,,
H009979,2026-07-16 10:33:54,failed_login,密码错误自动重试,,T1110.001,,,,,,
H003725,2026-07-16 10:35:33,failed_login,密码错误自动重试,,T1110.001,,,,,,
H005220,2026-07-16 10:37:14,failed_login,密码错误自动重试,,T1110.001,,,,,,
H004717,2026-07-16 10:41:51,web_visit,访问内部 OA/知识库,,T1071,,oa.company.cn,,,,
H001819,2026-07-16 10:44:28,login,登录办公终端,,T1078,,,,,,
H007030,2026-07-16 10:45:15,failed_login,密码错误自动重试,,T1110.001,,,,,,
H003725,2026-07-16 10:45:41,email_open,阅读邮件（内部往来 1）,,,,mail.company.cn,,,,
H004362,2026-07-16 10:51:09,dns_query,域名解析,,T1071.001,,jd.com,,,,
H000805,2026-07-16 10:56:23,web_visit,访问内部 OA/知识库,,T1071,,wiki.company.cn,,,,
H002894,2026-07-16 10:56:58,failed_login,密码错误自动重试,,T1110.001,,,,,,
H000438,2026-07-16 10:57:12,email_open,阅读邮件（内部往来 2）,,,,mail.company.cn,,,,
H001269,2026-07-16 11:00:43,login,登录办公终端,,T1078,,,,,,
H006419,2026-07-16 11:03:39,email_open,阅读邮件（内部往来 1）,,,,oa.company.cn,,,,
H003533,2026-07-16 11:05:32,email_open,阅读邮件（内部往来 1）,,,,wiki.company.cn,,,,
H000805,2026-07-16 11:12:55,login,登录办公终端,,T1078,,,,,,
H004717,2026-07-16 11:17:22,failed_login,密码错误自动重试,,T1110.001,,,,,,
H002894,2026-07-16 11:22:06,failed_login,密码错误自动重试,,T1110.001,,,,,,
H005767,2026-07-16 11:25:10,email_open,阅读邮件（内部往来 1）,,,,mail.company.cn,,,,
H006747,2026-07-16 11:28:21,email_open,阅读邮件（内部往来 2）,,,,npm.company.cn,,,,
H001986,2026-07-16 11:29:28,failed_login,密码错误自动重试,,T1110.001,,,,,,
H002894,2026-07-16 11:35:38,email_open,阅读邮件（内部往来 2）,,,,wiki.company.cn,,,,
H005767,2026-07-16 11:37:05,download,下载文档/更新包 16MB,,T1204.002,,,14531,,,
H004058,2026-07-16 11:39:35,login,登录办公终端,,T1078,,,,,,
H006113,2026-07-16 11:39:46,login,登录办公终端,,T1078,,,,武汉市,,
H000438,2026-07-16 11:43:15,web_visit,访问内部 OA/知识库,,T1071,,oa.company.cn,,,,
H003910,2026-07-16 12:03:17,email_open,阅读邮件（内部往来 1）,,,,docs.company.cn,,,,
H009979,2026-07-16 12:07:13,dns_query,域名解析,,T1071.001,,qq.com,,,,
H004953,2026-07-16 12:12:27,email_open,阅读邮件（内部往来 1）,,,,kb.company.cn,,,,
H008871,2026-07-16 12:12:55,login,登录办公终端,,T1078,,,,南京市,,
H005220,2026-07-16 12:13:26,email_open,阅读邮件（内部往来 2）,,,,wiki.company.cn,,,,
H006373,2026-07-16 12:15:18,dns_query,域名解析,,T1071.001,,weibo.com,,,,
H008154,2026-07-16 12:31:46,failed_login,密码错误自动重试,,T1110.001,,,,,,
H005767,2026-07-16 12:33:02,dns_query,域名解析,,T1071.001,,weibo.com,,,,
H008154,2026-07-16 12:36:57,web_visit,访问内部 OA/知识库,,T1071,,npm.company.cn,,,,
H002894,2026-07-16 12:39:26,login,登录办公终端,,T1078,,,,,,
H007458,2026-07-16 12:52:15,download,下载文档/更新包 9MB,,T1204.002,,,21203,,,
H000117,2026-07-16 12:59:00,web_visit,访问内部 OA/知识库,,T1071,,mail.company.cn,,,,
H001419,2026-07-16 12:59:13,email_open,阅读邮件（内部往来 3）,,,,mail.company.cn,,,,
H000763,2026-07-16 13:01:07,email_open,阅读邮件（内部往来 2）,,,,wiki.company.cn,,,,
H004956,2026-07-16 13:16:23,web_visit,访问内部 OA/知识库,,T1071,,kb.company.cn,,,,
H002894,2026-07-16 13:17:55,download,下载文档/更新包 42MB,,T1204.002,,,43009,,,
H009903,2026-07-16 13:26:35,web_visit,访问内部 OA/知识库,,T1071,,kb.company.cn,,,,
H006419,2026-07-16 13:35:40,dns_query,域名解析,,T1071.001,,npm.company.cn,,,,
H000763,2026-07-16 13:39:19,email_open,阅读邮件（内部往来 1）,,,,oa.company.cn,,,,
H006473,2026-07-16 13:49:22,dns_query,域名解析,,T1071.001,,docs.company.cn,,,,
H006566,2026-07-16 13:54:40,web_visit,访问内部 OA/知识库,,T1071,,mail.company.cn,,,,
H003910,2026-07-16 13:57:50,web_visit,访问内部 OA/知识库,,T1071,,kb.company.cn,,,,
H000805,2026-07-16 14:00:34,email_open,阅读邮件（内部往来 1）,,,,kb.company.cn,,,,
H006113,2026-07-16 14:00:44,email_open,阅读邮件（内部往来 3）,,,,kb.company.cn,,,,
H001419,2026-07-16 14:08:11,login,登录办公终端,,T1078,,,,,,
H006566,2026-07-16 14:12:40,dns_query,域名解析,,T1071.001,,docs.company.cn,,,,
H001235,2026-07-16 14:15:31,web_visit,访问内部 OA/知识库,,T1071,,mail.company.cn,,,,
H002894,2026-07-16 14:20:36,email_open,阅读邮件（内部往来 3）,,,,npm.company.cn,,,,
H001819,2026-07-16 14:22:24,failed_login,密码错误自动重试,,T1110.001,,,,,,
H003833,2026-07-16 14:23:32,web_visit,访问内部 OA/知识库,,T1071,,kb.company.cn,,,,
H000763,2026-07-16 14:24:25,download,下载文档/更新包 21MB,,T1204.002,,,21047,,,
H009170,2026-07-16 14:26:42,email_open,阅读邮件（内部往来 1）,,,,oa.company.cn,,,,
H005496,2026-07-16 14:31:08,email_open,阅读邮件（内部往来 1）,,,,kb.company.cn,,,,
H003910,2026-07-16 14:33:50,web_visit,访问内部 OA/知识库,,T1071,,docs.company.cn,,,,
H008931,2026-07-16 14:34:32,login,登录办公终端,,T1078,,,,,,
H008931,2026-07-16 14:40:09,dns_query,HTTPS 隧道心跳（伪装正常访问）,persist,T1071.001,evasive,cdn-verify-svc.net,,,,
H006373,2026-07-16 14:43:21,upload,上传附件 12MB,,T1567,,docs.company.cn,9838,,,
H008154,2026-07-16 14:45:49,failed_login,密码错误自动重试,,T1110.001,,,,,,
H000805,2026-07-16 14:49:36,failed_login,密码错误自动重试,,T1110.001,,,,,,
H001269,2026-07-16 14:51:16,failed_login,密码错误自动重试,,T1110.001,,,,,,
H008871,2026-07-16 14:56:43,email_open,阅读邮件（内部往来 1）,,,,kb.company.cn,,,,
H005767,2026-07-16 14:59:22,web_visit,访问内部 OA/知识库,,T1071,,npm.company.cn,,,,
H001419,2026-07-16 15:04:49,email_open,阅读邮件（内部往来 2）,,,,mail.company.cn,,,,
H006419,2026-07-16 15:05:32,web_visit,访问内部 OA/知识库,,T1071,,npm.company.cn,,,,
H000466,2026-07-16 15:12:30,cleanup,清理回收站与临时文件,,T1070.004,,,,,,
H009979,2026-07-16 15:13:53,web_visit,访问内部 OA/知识库,,T1071,,kb.company.cn,,,,
H009170,2026-07-16 15:26:15,email_open,阅读邮件（内部往来 3）,,,,kb.company.cn,,,,
H006419,2026-07-16 15:26:45,login,登录办公终端,,T1078,,,,南京市,,
H007458,2026-07-16 15:28:29,dns_query,域名解析,,T1071.001,,qq.com,,,,
H006113,2026-07-16 15:29:35,email_open,阅读邮件（内部往来 1）,,,,wiki.company.cn,,,,
H001796,2026-07-16 15:31:39,dns_query,域名解析,,T1071.001,,github.com,,,,
H006718,2026-07-16 15:32:43,dns_query,域名解析,,T1071.001,,baidu.com,,,,
H004956,2026-07-16 15:35:21,web_visit,访问内部 OA/知识库,,T1071,,docs.company.cn,,,,
H006566,2026-07-16 15:42:23,login,登录办公终端,,T1078,,,,,,
H002894,2026-07-16 15:47:08,email_open,阅读邮件（内部往来 1）,,,,kb.company.cn,,,,
H008164,2026-07-16 15:50:48,email_open,阅读邮件（内部往来 1）,,,,docs.company.cn,,,,
H008164,2026-07-16 15:54:15,login,登录办公终端,,T1078,,,,,,
H001269,2026-07-16 15:55:52,failed_login,密码错误自动重试,,T1110.001,,,,,,
H006718,2026-07-16 15:58:58,login,登录办公终端,,T1078,,,,,,
H008931,2026-07-16 15:59:25,dns_query,域名解析,,T1071.001,,weibo.com,,,,
H000438,2026-07-16 16:06:24,login,登录办公终端,,T1078,,,,,,
H008931,2026-07-16 16:06:33,web_visit,访问内部 OA/知识库,,T1071,,mail.company.cn,,,,
H001986,2026-07-16 16:11:16,web_visit,访问内部 OA/知识库,,T1071,,npm.company.cn,,,,
H000763,2026-07-16 16:12:05,failed_login,密码错误自动重试,,T1110.001,,,,,,
H004717,2026-07-16 16:16:53,email_open,阅读邮件（内部往来 1）,,,,kb.company.cn,,,,
H007030,2026-07-16 16:19:32,web_visit,访问内部 OA/知识库,,T1071,,kb.company.cn,,,,
H003043,2026-07-16 16:23:01,login,登录办公终端,,T1078,,,,,,
H001235,2026-07-16 16:24:04,login,登录办公终端,,T1078,,,,,,
H006747,2026-07-16 16:26:05,web_visit,访问内部 OA/知识库,,T1071,,docs.company.cn,,,,
H004953,2026-07-16 16:27:35,dns_query,域名解析,,T1071.001,,docs.company.cn,,,,
H001177,2026-07-16 16:27:43,email_open,阅读邮件（内部往来 1）,,,,docs.company.cn,,,,
H008154,2026-07-16 16:28:26,login,登录办公终端,,T1078,,,,,,
H008164,2026-07-16 16:29:43,web_visit,访问内部 OA/知识库,,T1071,,npm.company.cn,,,,
H003533,2026-07-16 16:32:47,web_visit,访问内部 OA/知识库,,T1071,,oa.company.cn,,,,
H003725,2026-07-16 16:34:43,email_open,阅读邮件（内部往来 4）,,,,oa.company.cn,,,,
H003043,2026-07-16 16:41:48,email_open,阅读邮件（内部往来 3）,,,,docs.company.cn,,,,
H004763,2026-07-16 16:43:11,login,登录办公终端,,T1078,,,,,,
H007030,2026-07-16 16:43:26,web_visit,访问内部 OA/知识库,,T1071,,npm.company.cn,,,,
H003043,2026-07-16 16:44:40,email_open,阅读邮件（内部往来 2）,,,,wiki.company.cn,,,,
H006718,2026-07-16 16:47:02,email_open,阅读邮件（内部往来 1）,,,,kb.company.cn,,,,
H003725,2026-07-16 16:54:10,download,下载文档/更新包 28MB,,T1204.002,,,36401,,,
H008931,2026-07-16 16:57:19,email_open,阅读邮件（内部往来 1）,,,,npm.company.cn,,,,
H008154,2026-07-16 16:58:15,email_open,阅读邮件（内部往来 1）,,,,npm.company.cn,,,,
H004956,2026-07-16 16:59:53,dns_query,域名解析,,T1071.001,,qq.com,,,,
H006747,2026-07-16 17:03:09,download,下载文档/更新包 33MB,,T1204.002,,,29755,,,
H007030,2026-07-16 17:03:15,failed_login,密码错误自动重试,,T1110.001,,,,,,
H008057,2026-07-16 17:04:39,email_open,阅读邮件（内部往来 1）,,,,kb.company.cn,,,,
H001419,2026-07-16 17:06:20,email_open,阅读邮件（内部往来 1）,,,,docs.company.cn,,,,
H003833,2026-07-16 17:06:36,email_open,阅读邮件（内部往来 2）,,,,docs.company.cn,,,,
H002774,2026-07-16 17:07:24,login,登录办公终端,,T1078,,,,,,
H000805,2026-07-16 17:07:26,dns_query,域名解析,,T1071.001,,docs.company.cn,,,,
H006566,2026-07-16 17:08:18,download,下载文档/更新包 35MB,,T1204.002,,,37918,,,
H004717,2026-07-16 17:08:58,download,下载文档/更新包 27MB,,T1204.002,,,26822,,,
H008057,2026-07-16 17:10:15,login,登录办公终端,,T1078,,,,,,
H001986,2026-07-16 17:10:32,login,登录办公终端,,T1078,,,,,,
H004394,2026-07-16 17:10:47,email_open,阅读邮件（内部往来 1）,,,,wiki.company.cn,,,,
H006311,2026-07-16 17:11:54,login,登录办公终端,,T1078,,,,,,
H002907,2026-07-16 17:13:47,login,登录办公终端,,T1078,,,,,,
H001177,2026-07-16 17:15:52,email_open,阅读邮件（内部往来 2）,,,,npm.company.cn,,,,
H004362,2026-07-16 17:18:07,email_open,阅读邮件（内部往来 1）,,,,oa.company.cn,,,,
H001547,2026-07-16 17:19:43,login,登录办公终端,,T1078,,,,南京市,,
H001986,2026-07-16 17:19:56,web_visit,访问内部 OA/知识库,,T1071,,oa.company.cn,,,,
H007458,2026-07-16 17:21:55,email_open,阅读邮件（内部往来 1）,,,,oa.company.cn,,,,
H006566,2026-07-16 17:22:13,email_open,阅读邮件（内部往来 1）,,,,kb.company.cn,,,,
H004763,2026-07-16 17:26:59,dns_query,域名解析,,T1071.001,,docs.company.cn,,,,
H004763,2026-07-16 17:28:25,web_visit,访问内部 OA/知识库,,T1071,,kb.company.cn,,,,
H001235,2026-07-16 17:32:31,failed_login,密码错误自动重试,,T1110.001,,,,,,
H001547,2026-07-16 17:41:48,upload,上传附件 7MB,,T1567,,docs.company.cn,6196,,,
H003043,2026-07-16 17:48:00,failed_login,密码错误自动重试,,T1110.001,,,,,,
H004362,2026-07-16 17:48:59,login,登录办公终端,,T1078,,,,,,
H008164,2026-07-16 17:49:40,failed_login,密码错误自动重试,,T1110.001,,,,,,
H004956,2026-07-16 17:51:24,login,登录办公终端,,T1078,,,,,,
H006311,2026-07-16 17:51:52,web_visit,访问内部 OA/知识库,,T1071,,npm.company.cn,,,,
H004394,2026-07-16 17:52:29,web_visit,访问内部 OA/知识库,,T1071,,wiki.company.cn,,,,
H006566,2026-07-16 17:55:39,failed_login,密码错误自动重试,,T1110.001,,,,,,
H003833,2026-07-16 17:56:44,login,登录办公终端,,T1078,,,,,,
H004953,2026-07-16 17:58:36,email_open,阅读邮件（内部往来 2）,,,,npm.company.cn,,,,
H000987,2026-07-16 17:59:33,failed_login,密码错误自动重试,,T1110.001,,,,,,
H005767,2026-07-16 18:00:22,email_open,阅读邮件（内部往来 2）,,,,wiki.company.cn,,,,
H007458,2026-07-16 18:02:08,login,登录办公终端,,T1078,,,,,,
H000438,2026-07-16 18:03:11,email_open,阅读邮件（内部往来 3）,,,,kb.company.cn,,,,
H009979,2026-07-16 18:10:24,failed_login,密码错误自动重试,,T1110.001,,,,,,
H004953,2026-07-16 18:12:57,login,登录办公终端,,T1078,,,,南京市,,
H004394,2026-07-16 18:29:53,login,登录办公终端,,T1078,,,,,,
H009535,2026-07-16 18:30:29,login,登录办公终端,,T1078,,,,,,
H001819,2026-07-16 18:38:42,web_visit,访问内部 OA/知识库,,T1071,,wiki.company.cn,,,,
H001177,2026-07-16 18:39:52,login,登录办公终端,,T1078,,,,,,
H008931,2026-07-16 18:41:21,failed_login,密码错误自动重试,,T1110.001,,,,,,
H001796,2026-07-16 18:42:27,failed_login,密码错误自动重试,,T1110.001,,,,,,
H002774,2026-07-16 18:46:19,web_visit,访问内部 OA/知识库,,T1071,,mail.company.cn,,,,
H004717,2026-07-16 18:49:31,failed_login,密码错误自动重试,,T1110.001,,,,,,
H007458,2026-07-16 18:49:36,web_visit,访问内部 OA/知识库,,T1071,,kb.company.cn,,,,
H001796,2026-07-16 18:50:29,web_visit,访问内部 OA/知识库,,T1071,,npm.company.cn,,,,
H004058,2026-07-16 18:50:48,email_open,阅读邮件（内部往来 1）,,,,mail.company.cn,,,,
H006473,2026-07-16 18:51:27,login,登录办公终端,,T1078,,,,苏州市,,
H004058,2026-07-16 18:52:54,web_visit,访问内部 OA/知识库,,T1071,,kb.company.cn,,,,
H009979,2026-07-16 18:52:59,email_open,阅读邮件（内部往来 2）,,,,kb.company.cn,,,,
H001269,2026-07-16 18:54:31,web_visit,访问内部 OA/知识库,,T1071,,kb.company.cn,,,,
H009170,2026-07-16 18:56:54,email_open,阅读邮件（内部往来 2）,,,,mail.company.cn,,,,
H008871,2026-07-16 18:57:56,dns_query,域名解析,,T1071.001,,npm.company.cn,,,,
H004953,2026-07-16 19:03:09,failed_login,密码错误自动重试,,T1110.001,,,,,,
H003725,2026-07-16 19:04:52,login,登录办公终端,,T1078,,,,,,
H003725,2026-07-16 19:05:11,email_open,阅读邮件（内部往来 2）,,,,wiki.company.cn,,,,
H003043,2026-07-16 19:06:03,email_open,阅读邮件（内部往来 1）,,,,mail.company.cn,,,,
H004953,2026-07-16 19:27:03,download,下载文档/更新包 23MB,,T1204.002,,,19139,,,
H003910,2026-07-16 19:28:13,login,登录办公终端,,T1078,,,,,,
H000805,2026-07-16 19:31:48,web_visit,访问内部 OA/知识库,,T1071,,wiki.company.cn,,,,
H005767,2026-07-16 19:37:51,login,登录办公终端,,T1078,,,,,,
H001177,2026-07-16 19:41:25,web_visit,访问内部 OA/知识库,,T1071,,npm.company.cn,,,,
H007030,2026-07-16 19:41:48,dns_query,域名解析,,T1071.001,,taobao.com,,,,
H003910,2026-07-16 19:46:05,email_open,阅读邮件（内部往来 3）,,,,mail.company.cn,,,,
H000763,2026-07-16 19:47:22,login,登录办公终端,,T1078,,,,,,
H003725,2026-07-16 19:48:59,dns_query,域名解析,,T1071.001,,oa.company.cn,,,,
H004763,2026-07-16 19:53:47,email_open,阅读邮件（内部往来 1）,,,,oa.company.cn,,,,
H009979,2026-07-16 19:57:56,email_open,阅读邮件（内部往来 1）,,,,mail.company.cn,,,,
H008154,2026-07-16 19:58:17,download,下载文档/更新包 45MB,,T1204.002,,,11261,,,
H005767,2026-07-16 19:59:29,web_visit,访问内部 OA/知识库,,T1071,,docs.company.cn,,,,
H007030,2026-07-16 20:07:25,login,登录办公终端,,T1078,,,,西安市,,
H001547,2026-07-16 20:08:55,email_open,阅读邮件（内部往来 1）,,,,kb.company.cn,,,,
H003725,2026-07-16 20:32:26,web_visit,访问内部 OA/知识库,,T1071,,wiki.company.cn,,,,
H008871,2026-07-16 20:38:54,web_visit,访问内部 OA/知识库,,T1071,,kb.company.cn,,,,
H009903,2026-07-16 20:48:57,login,登录办公终端,,T1078,,,,天津市,,
H003533,2026-07-16 20:49:50,login,登录办公终端,,T1078,,,,武汉市,,
H006747,2026-07-16 21:17:43,email_open,阅读邮件（内部往来 1）,,,,npm.company.cn,,,,
H000987,2026-07-16 21:40:00,login,登录办公终端,,T1078,,,,天津市,,
H000805,2026-07-16 21:55:23,failed_login,密码错误自动重试,,T1110.001,,,,,,
H004953,2026-07-16 22:18:42,email_open,阅读邮件（内部往来 3）,,,,mail.company.cn,,,,
H006113,2026-07-16 22:35:35,email_open,阅读邮件（内部往来 2）,,,,npm.company.cn,,,,
H009170,2026-07-16 23:10:47,upload,上传附件 3MB,,T1567,,docs.company.cn,13909,,,
H001419,2026-07-16 23:52:22,dns_query,域名解析,,T1071.001,,jd.com,,,,
H006718,2026-07-17 00:38:52,dns_query,域名解析,,T1071.001,,qq.com,,,,
H001419,2026-07-17 00:57:31,download,下载文档/更新包 23MB,,T1204.002,,,22632,,,
H003725,2026-07-17 01:10:44,web_visit,访问内部 OA/知识库,,T1071,,wiki.company.cn,,,,
H008981,2026-07-17 01:32:01,login,登录办公终端,,T1078,,,,,,
H008214,2026-07-17 01:56:42,login,登录办公终端,,T1078,,,,东莞市,,
H003043,2026-07-17 02:55:29,web_visit,访问内部 OA/知识库,,T1071,,mail.company.cn,,,,
H006311,2026-07-17 05:27:15,dns_query,域名解析,,T1071.001,,docs.company.cn,,,,
H000466,2026-07-17 06:56:21,email_open,阅读邮件（内部往来 1）,,,,npm.company.cn,,,,
H005614,2026-07-17 07:09:42,login,登录办公终端,,T1078,,,,西安市,,
H006738,2026-07-17 07:38:02,download,下载文档/更新包 5MB,,T1204.002,,,33664,,,
H009979,2026-07-17 07:46:53,email_open,阅读邮件（内部往来 1）,,,,mail.company.cn,,,,
H001986,2026-07-17 08:00:07,download,下载文档/更新包 37MB,,T1204.002,,,17940,,,
H006718,2026-07-17 08:06:11,web_visit,访问内部 OA/知识库,,T1071,,kb.company.cn,,,,
H001419,2026-07-17 08:11:06,web_visit,访问内部 OA/知识库,,T1071,,wiki.company.cn,,,,
H008981,2026-07-17 08:11:11,web_visit,访问内部 OA/知识库,,T1071,,wiki.company.cn,,,,
H003893,2026-07-17 08:16:04,login,登录办公终端,,T1078,,,,,,
H004724,2026-07-17 08:16:39,web_visit,访问内部 OA/知识库,,T1071,,mail.company.cn,,,,
H009979,2026-07-17 08:22:35,failed_login,密码错误自动重试,,T1110.001,,,,,,
H000438,2026-07-17 08:27:47,email_open,阅读邮件（内部往来 1）,,,,docs.company.cn,,,,
H009500,2026-07-17 08:28:20,dns_query,域名解析,,T1071.001,,kb.company.cn,,,,
H001235,2026-07-17 08:28:51,failed_login,密码错误自动重试,,T1110.001,,,,,,
H004080,2026-07-17 08:32:33,dns_query,域名解析,,T1071.001,,zhihu.com,,,,
H007030,2026-07-17 08:35:52,login,登录办公终端,,T1078,,,,西安市,,
H004080,2026-07-17 08:36:35,email_open,阅读邮件（内部往来 1）,,,,oa.company.cn,,,,
H006373,2026-07-17 09:01:37,web_visit,访问内部 OA/知识库,,T1071,,kb.company.cn,,,,
H006049,2026-07-17 09:01:53,email_open,阅读邮件（内部往来 1）,,,,npm.company.cn,,,,
H005988,2026-07-17 09:02:03,web_visit,访问内部 OA/知识库,,T1071,,kb.company.cn,,,,
H005614,2026-07-17 09:02:04,dns_query,域名解析,,T1071.001,,mail.company.cn,,,,
H006473,2026-07-17 09:02:13,login,登录办公终端,,T1078,,,,苏州市,,
H005151,2026-07-17 09:04:59,web_visit,访问内部 OA/知识库,,T1071,,oa.company.cn,,,,
H002774,2026-07-17 09:09:23,login,登录办公终端,,T1078,,,,,,
H006738,2026-07-17 09:09:24,web_visit,访问内部 OA/知识库,,T1071,,mail.company.cn,,,,
H004953,2026-07-17 09:13:11,login,登录办公终端,,T1078,,,,南京市,,
H003893,2026-07-17 09:14:16,dns_query,域名解析,,T1071.001,,github.com,,,,
H004902,2026-07-17 09:17:21,email_open,阅读邮件（内部往来 2）,,,,oa.company.cn,,,,
H001402,2026-07-17 09:18:07,email_open,阅读邮件（内部往来 3）,,,,mail.company.cn,,,,
H003725,2026-07-17 09:21:39,email_open,阅读邮件（内部往来 1）,,,,wiki.company.cn,,,,
H001402,2026-07-17 09:30:37,login,登录办公终端,,T1078,,,,,,
H004763,2026-07-17 09:31:07,dns_query,域名解析,,T1071.001,,jd.com,,,,
H004953,2026-07-17 09:32:58,download,下载文档/更新包 14MB,,T1204.002,,,22817,,,
H000527,2026-07-17 09:34:12,web_visit,访问内部 OA/知识库,,T1071,,kb.company.cn,,,,
H001402,2026-07-17 09:36:11,email_open,阅读邮件（内部往来 2）,,,,kb.company.cn,,,,
H000438,2026-07-17 09:41:31,failed_login,密码错误自动重试,,T1110.001,,,,,,
H008164,2026-07-17 09:43:34,email_open,阅读邮件（内部往来 1）,,,,wiki.company.cn,,,,
H007129,2026-07-17 09:45:43,email_open,阅读邮件（内部往来 2）,,,,oa.company.cn,,,,
H007129,2026-07-17 09:46:22,dns_query,域名解析,,T1071.001,,github.com,,,,
H002774,2026-07-17 09:46:35,download,下载文档/更新包 39MB,,T1204.002,,,7427,,,
H000117,2026-07-17 09:48:41,login,登录办公终端,,T1078,,,,,,
H008164,2026-07-17 09:49:08,email_open,阅读邮件（内部往来 2）,,,,mail.company.cn,,,,
H004362,2026-07-17 09:54:54,failed_login,密码错误自动重试,,T1110.001,,,,,,
H008981,2026-07-17 09:55:00,email_open,阅读邮件（内部往来 1）,,,,kb.company.cn,,,,
H004717,2026-07-17 09:56:06,web_visit,访问内部 OA/知识库,,T1071,,docs.company.cn,,,,
H001419,2026-07-17 09:57:21,login,登录办公终端,,T1078,,,,,,
H003416,2026-07-17 09:59:34,login,登录办公终端,,T1078,,,,,,
H003043,2026-07-17 09:59:36,email_open,阅读邮件（内部往来 3）,,,,wiki.company.cn,,,,
H003043,2026-07-17 09:59:39,download,下载文档/更新包 33MB,,T1204.002,,,22642,,,
H003910,2026-07-17 10:04:40,web_visit,访问内部 OA/知识库,,T1071,,kb.company.cn,,,,
H001721,2026-07-17 10:10:59,login,登录办公终端,,T1078,,,,,,
H009500,2026-07-17 10:11:38,email_open,阅读邮件（内部往来 1）,,,,npm.company.cn,,,,
H004394,2026-07-17 10:17:33,login,登录办公终端,,T1078,,,,,,
H000117,2026-07-17 10:20:20,email_open,阅读邮件（内部往来 1）,,,,wiki.company.cn,,,,
H004717,2026-07-17 10:21:46,failed_login,密码错误自动重试,,T1110.001,,,,,,
H006473,2026-07-17 10:23:50,smb_connect,访问文件服务器共享目录,,T1021.002,,,,,,FILE-SRV01
H005614,2026-07-17 10:24:05,web_visit,访问内部 OA/知识库,,T1071,,oa.company.cn,,,,
H005988,2026-07-17 10:24:31,download,下载文档/更新包 25MB,,T1204.002,,,8147,,,
H000466,2026-07-17 10:32:17,failed_login,密码错误自动重试,,T1110.001,,,,,,
H007129,2026-07-17 10:33:50,login,登录办公终端,,T1078,,,,,,
H003910,2026-07-17 10:35:25,email_open,阅读邮件（内部往来 2）,,,,oa.company.cn,,,,
H003416,2026-07-17 10:38:58,web_visit,访问内部 OA/知识库,,T1071,,mail.company.cn,,,,
H002907,2026-07-17 10:43:07,email_open,阅读邮件（内部往来 3）,,,,npm.company.cn,,,,
H006049,2026-07-17 10:47:07,login,登录办公终端,,T1078,,,,,,
H003910,2026-07-17 10:50:15,email_open,阅读邮件（内部往来 3）,,,,wiki.company.cn,,,,
H000527,2026-07-17 10:55:09,login,登录办公终端,,T1078,,,,,,
H001235,2026-07-17 10:55:56,email_open,阅读邮件（内部往来 1）,,,,oa.company.cn,,,,
H006311,2026-07-17 10:56:10,email_open,阅读邮件（内部往来 3）,,,,docs.company.cn,,,,
H006373,2026-07-17 10:56:34,download,下载文档/更新包 16MB,,T1204.002,,,22382,,,
H005614,2026-07-17 10:57:27,email_open,阅读邮件（内部往来 1）,,,,docs.company.cn,,,,
H004362,2026-07-17 10:57:55,email_open,阅读邮件（内部往来 3）,,,,wiki.company.cn,,,,
H006049,2026-07-17 10:58:15,email_open,阅读邮件（内部往来 3）,,,,npm.company.cn,,,,
H001721,2026-07-17 11:03:08,email_open,阅读邮件（内部往来 1）,,,,docs.company.cn,,,,
H009979,2026-07-17 11:04:13,login,登录办公终端,,T1078,,,,,,
H003416,2026-07-17 11:06:02,dns_query,域名解析,,T1071.001,,weibo.com,,,,
H004080,2026-07-17 11:06:04,login,登录办公终端,,T1078,,,,,,
H004080,2026-07-17 11:14:49,web_visit,访问内部 OA/知识库,,T1071,,docs.company.cn,,,,
H006311,2026-07-17 11:19:42,email_open,阅读邮件（内部往来 2）,,,,kb.company.cn,,,,
H001986,2026-07-17 11:20:16,login,登录办公终端,,T1078,,,,,,
H009500,2026-07-17 11:21:01,login,登录办公终端,,T1078,,,,,,
H000805,2026-07-17 11:29:41,web_visit,访问内部 OA/知识库,,T1071,,docs.company.cn,,,,
H002844,2026-07-17 11:31:53,login,登录办公终端,,T1078,,,,苏州市,,
H000987,2026-07-17 11:32:29,web_visit,访问内部 OA/知识库,,T1071,,wiki.company.cn,,,,
H006311,2026-07-17 11:33:27,email_open,阅读邮件（内部往来 1）,,,,mail.company.cn,,,,
H006738,2026-07-17 11:38:18,email_open,阅读邮件（内部往来 1）,,,,mail.company.cn,,,,
H000987,2026-07-17 11:38:53,email_open,阅读邮件（内部往来 2）,,,,kb.company.cn,,,,
H002907,2026-07-17 11:39:18,email_open,阅读邮件（内部往来 1）,,,,oa.company.cn,,,,
H002907,2026-07-17 11:46:58,email_open,阅读邮件（内部往来 2）,,,,wiki.company.cn,,,,
H005767,2026-07-17 11:47:17,download,下载文档/更新包 24MB,,T1204.002,,,14326,,,
H008164,2026-07-17 11:50:11,dns_query,域名解析,,T1071.001,,wiki.company.cn,,,,
H009979,2026-07-17 12:03:33,dns_query,域名解析,,T1071.001,,weibo.com,,,,
H002844,2026-07-17 12:04:23,web_visit,访问内部 OA/知识库,,T1071,,npm.company.cn,,,,
H002480,2026-07-17 12:09:59,login,登录办公终端,,T1078,,,,,,
H001419,2026-07-17 12:11:24,email_open,阅读邮件（内部往来 1）,,,,oa.company.cn,,,,
H002907,2026-07-17 12:13:27,failed_login,密码错误自动重试,,T1110.001,,,,,,
H006311,2026-07-17 12:13:44,login,登录办公终端,,T1078,,,,,,
H002540,2026-07-17 12:14:59,privesc,安装办公软件（UAC 授权通过）,,T1543.003,,,,,,
H003923,2026-07-17 12:16:52,login,登录办公终端,,T1078,,,,,,
H001986,2026-07-17 12:26:11,email_open,阅读邮件（内部往来 1）,,,,kb.company.cn,,,,
H008164,2026-07-17 12:33:18,login,登录办公终端,,T1078,,,,,,
H006311,2026-07-17 12:39:14,failed_login,密码错误自动重试,,T1110.001,,,,,,
H002844,2026-07-17 12:42:28,failed_login,密码错误自动重试,,T1110.001,,,,,,
H001721,2026-07-17 12:54:17,web_visit,访问内部 OA/知识库,,T1071,,wiki.company.cn,,,,
H000805,2026-07-17 12:57:47,login,登录办公终端,,T1078,,,,,,
H000466,2026-07-17 12:59:31,web_visit,访问内部 OA/知识库,,T1071,,kb.company.cn,,,,
H005496,2026-07-17 13:00:30,upload,外发数据 47MB（含客户名单片段）,exfil,T1567,evasive,share-doc.company.cn,48128,,,
H005988,2026-07-17 13:07:17,dns_query,域名解析,,T1071.001,,oa.company.cn,,,,
H003893,2026-07-17 13:12:21,web_visit,访问内部 OA/知识库,,T1071,,docs.company.cn,,,,
H006049,2026-07-17 13:12:35,failed_login,密码错误自动重试,,T1110.001,,,,,,
H007129,2026-07-17 13:18:43,web_visit,访问内部 OA/知识库,,T1071,,npm.company.cn,,,,
H004394,2026-07-17 13:26:51,email_open,阅读邮件（内部往来 3）,,,,oa.company.cn,,,,
H003923,2026-07-17 13:27:43,dns_query,域名解析,,T1071.001,,weibo.com,,,,
H004717,2026-07-17 13:28:16,web_visit,访问内部 OA/知识库,,T1071,,oa.company.cn,,,,
H007500,2026-07-17 13:33:09,email_open,阅读邮件（内部往来 2）,,,,mail.company.cn,,,,
H004362,2026-07-17 13:33:24,email_open,阅读邮件（内部往来 2）,,,,mail.company.cn,,,,
H003725,2026-07-17 13:33:54,dns_query,域名解析,,T1071.001,,zhihu.com,,,,
H005988,2026-07-17 13:34:31,login,登录办公终端,,T1078,,,,,,
H004058,2026-07-17 13:35:33,download,下载文档/更新包 10MB,,T1204.002,,,43975,,,
H007129,2026-07-17 13:36:28,email_open,阅读邮件（内部往来 1）,,,,kb.company.cn,,,,
H003910,2026-07-17 13:38:07,dns_query,域名解析,,T1071.001,,bilibili.com,,,,
H000438,2026-07-17 13:39:55,failed_login,密码错误自动重试,,T1110.001,,,,,,
H007500,2026-07-17 13:44:09,web_visit,访问内部 OA/知识库,,T1071,,mail.company.cn,,,,
H006473,2026-07-17 13:50:20,web_visit,访问内部 OA/知识库,,T1071,,kb.company.cn,,,,
H003910,2026-07-17 14:11:32,email_open,阅读邮件（内部往来 1）,,,,npm.company.cn,,,,
H002844,2026-07-17 14:12:06,email_open,阅读邮件（内部往来 2）,,,,oa.company.cn,,,,
H003725,2026-07-17 14:18:05,login,登录办公终端,,T1078,,,,,,
H007030,2026-07-17 14:24:23,dns_query,域名解析,,T1071.001,,jd.com,,,,
H004763,2026-07-17 14:24:30,login,登录办公终端,,T1078,,,,,,
H004902,2026-07-17 14:25:03,dns_query,域名解析,,T1071.001,,github.com,,,,
H003923,2026-07-17 14:28:08,failed_login,密码错误自动重试,,T1110.001,,,,,,
H002907,2026-07-17 14:29:21,login,登录办公终端,,T1078,,,,,,
H004564,2026-07-17 14:30:32,download,下载文档/更新包 41MB,,T1204.002,,,3157,,,
H008981,2026-07-17 14:33:00,email_open,阅读邮件（内部往来 3）,,,,kb.company.cn,,,,
H005151,2026-07-17 14:36:10,email_open,阅读邮件（内部往来 1）,,,,wiki.company.cn,,,,
H006473,2026-07-17 14:37:37,upload,上传附件 3MB,,T1567,,docs.company.cn,11786,,,
H004362,2026-07-17 14:38:13,web_visit,访问内部 OA/知识库,,T1071,,docs.company.cn,,,,
H003043,2026-07-17 14:41:43,login,登录办公终端,,T1078,,,,,,
H004953,2026-07-17 14:46:01,web_visit,访问内部 OA/知识库,,T1071,,oa.company.cn,,,,
H003043,2026-07-17 14:56:02,email_open,阅读邮件（内部往来 2）,,,,npm.company.cn,,,,
H006049,2026-07-17 14:57:12,email_open,阅读邮件（内部往来 2）,,,,wiki.company.cn,,,,
H002479,2026-07-17 15:00:26,web_visit,访问内部 OA/知识库,,T1071,,mail.company.cn,,,,
H005496,2026-07-17 15:00:46,dns_query,域名解析,,T1071.001,,oa.company.cn,,,,
H002774,2026-07-17 15:04:18,login,异地登录（出差未报备）,,T1078,,,,上海市,,
H004362,2026-07-17 15:06:25,login,登录办公终端,,T1078,,,,,,
H009535,2026-07-17 15:07:04,dns_query,域名解析,,T1071.001,,kb.company.cn,,,,
H005496,2026-07-17 15:16:12,email_open,阅读邮件（内部往来 1）,,,,oa.company.cn,,,,
H004717,2026-07-17 15:19:07,email_open,阅读邮件（内部往来 1）,,,,wiki.company.cn,,,,
H004058,2026-07-17 15:22:54,email_open,阅读邮件（内部往来 2）,,,,npm.company.cn,,,,
H006373,2026-07-17 15:28:10,dns_query,域名解析,,T1071.001,,zhihu.com,,,,
H004953,2026-07-17 15:44:05,web_visit,访问内部 OA/知识库,,T1071,,kb.company.cn,,,,
H000117,2026-07-17 15:44:42,email_open,阅读邮件（内部往来 2）,,,,wiki.company.cn,,,,
H005151,2026-07-17 15:45:07,dns_query,域名解析,,T1071.001,,weibo.com,,,,
H003043,2026-07-17 15:45:15,email_open,阅读邮件（内部往来 1）,,,,kb.company.cn,,,,
H006718,2026-07-17 15:46:36,login,登录办公终端,,T1078,,,,,,
H007500,2026-07-17 15:47:15,login,登录办公终端,,T1078,,,,,,
H004950,2026-07-17 15:55:50,smb_connect,访问文件服务器共享目录,,T1021.002,,,,,,FILE-SRV01
H002907,2026-07-17 15:57:06,upload,上传附件 13MB,,T1567,,docs.company.cn,8291,,,
H000805,2026-07-17 15:57:59,email_open,阅读邮件（内部往来 1）,,,,oa.company.cn,,,,
H003893,2026-07-17 16:02:36,email_open,阅读邮件（内部往来 1）,,,,docs.company.cn,,,,
H004394,2026-07-17 16:06:37,email_open,阅读邮件（内部往来 2）,,,,oa.company.cn,,,,
H000466,2026-07-17 16:13:52,login,登录办公终端,,T1078,,,,,,
H009816,2026-07-17 16:15:14,login,登录办公终端,,T1078,,,,东莞市,,
H005496,2026-07-17 16:16:35,web_visit,访问内部 OA/知识库,,T1071,,mail.company.cn,,,,
H001721,2026-07-17 16:21:21,web_visit,访问内部 OA/知识库,,T1071,,mail.company.cn,,,,
H004717,2026-07-17 16:23:44,login,登录办公终端,,T1078,,,,,,
H005496,2026-07-17 16:24:03,web_visit,访问内部 OA/知识库,,T1071,,docs.company.cn,,,,
H001721,2026-07-17 16:29:19,dns_query,域名解析,,T1071.001,,taobao.com,,,,
H001419,2026-07-17 16:33:48,web_visit,访问内部 OA/知识库,,T1071,,mail.company.cn,,,,
H008981,2026-07-17 16:35:38,failed_login,密码错误自动重试,,T1110.001,,,,,,
H002844,2026-07-17 16:37:25,email_open,阅读邮件（内部往来 1）,,,,oa.company.cn,,,,
H005151,2026-07-17 16:43:58,web_visit,访问内部 OA/知识库,,T1071,,wiki.company.cn,,,,
H004902,2026-07-17 16:46:02,email_open,阅读邮件（内部往来 1）,,,,kb.company.cn,,,,
H004362,2026-07-17 16:46:32,email_open,阅读邮件（内部往来 1）,,,,mail.company.cn,,,,
H006049,2026-07-17 16:51:50,web_visit,访问内部 OA/知识库,,T1071,,oa.company.cn,,,,
H005151,2026-07-17 16:57:01,login,登录办公终端,,T1078,,,,,,
H000527,2026-07-17 16:59:07,email_open,阅读邮件（内部往来 3）,,,,oa.company.cn,,,,
H004902,2026-07-17 17:03:00,web_visit,访问内部 OA/知识库,,T1071,,kb.company.cn,,,,
H004902,2026-07-17 17:03:06,email_open,阅读邮件（内部往来 3）,,,,docs.company.cn,,,,
H002774,2026-07-17 17:03:53,dns_query,域名解析,,T1071.001,,jd.com,,,,
H006311,2026-07-17 17:04:26,upload,上传附件 6MB,,T1567,,docs.company.cn,3410,,,
H003416,2026-07-17 17:06:00,upload,上传附件 3MB,,T1567,,docs.company.cn,9324,,,
H001235,2026-07-17 17:12:16,web_visit,访问内部 OA/知识库,,T1071,,docs.company.cn,,,,
H003043,2026-07-17 17:12:57,web_visit,访问内部 OA/知识库,,T1071,,mail.company.cn,,,,
H001986,2026-07-17 17:20:52,web_visit,访问内部 OA/知识库,,T1071,,wiki.company.cn,,,,
H007500,2026-07-17 17:23:30,email_open,阅读邮件（内部往来 1）,,,,wiki.company.cn,,,,
H003416,2026-07-17 17:24:05,email_open,阅读邮件（内部往来 1）,,,,kb.company.cn,,,,
H004724,2026-07-17 17:25:10,failed_login,密码错误自动重试,,T1110.001,,,,,,
H007129,2026-07-17 17:25:35,failed_login,密码错误自动重试,,T1110.001,,,,,,
H005988,2026-07-17 17:31:21,failed_login,密码错误自动重试,,T1110.001,,,,,,
H003923,2026-07-17 17:32:46,web_visit,访问内部 OA/知识库,,T1071,,wiki.company.cn,,,,
H008981,2026-07-17 17:33:03,email_open,阅读邮件（内部往来 2）,,,,oa.company.cn,,,,
H009535,2026-07-17 17:33:32,email_open,阅读邮件（内部往来 1）,,,,wiki.company.cn,,,,
H007129,2026-07-17 17:36:38,web_visit,访问内部 OA/知识库,,T1071,,wiki.company.cn,,,,
H007129,2026-07-17 17:38:29,download,下载文档/更新包 19MB,,T1204.002,,,10406,,,
H006473,2026-07-17 17:39:15,email_open,阅读邮件（内部往来 2）,,,,kb.company.cn,,,,
H000527,2026-07-17 17:41:06,email_open,阅读邮件（内部往来 1）,,,,oa.company.cn,,,,
H007030,2026-07-17 17:41:35,email_open,阅读邮件（内部往来 1）,,,,kb.company.cn,,,,
H005767,2026-07-17 17:47:04,web_visit,访问内部 OA/知识库,,T1071,,npm.company.cn,,,,
H005496,2026-07-17 17:58:53,download,下载文档/更新包 19MB,,T1204.002,,,20040,,,
H006049,2026-07-17 18:00:30,download,下载文档/更新包 33MB,,T1204.002,,,17593,,,
H004394,2026-07-17 18:04:20,upload,上传附件 7MB,,T1567,,docs.company.cn,6277,,,
H003416,2026-07-17 18:05:18,web_visit,访问内部 OA/知识库,,T1071,,mail.company.cn,,,,
H004058,2026-07-17 18:07:49,login,登录办公终端,,T1078,,,,,,
H008981,2026-07-17 18:08:19,web_visit,访问内部 OA/知识库,,T1071,,oa.company.cn,,,,
H000438,2026-07-17 18:09:44,web_visit,访问内部 OA/知识库,,T1071,,oa.company.cn,,,,
H004394,2026-07-17 18:09:50,email_open,阅读邮件（内部往来 1）,,,,mail.company.cn,,,,
H009535,2026-07-17 18:14:30,login,登录办公终端,,T1078,,,,,,
H004058,2026-07-17 18:16:53,email_open,阅读邮件（内部往来 1）,,,,wiki.company.cn,,,,
H006738,2026-07-17 18:17:13,login,登录办公终端,,T1078,,,,,,
H000805,2026-07-17 18:17:56,failed_login,密码错误自动重试,,T1110.001,,,,,,
H000117,2026-07-17 18:19:13,download,下载文档/更新包 5MB,,T1204.002,,,9251,,,
H001721,2026-07-17 18:20:15,email_open,阅读邮件（内部往来 2）,,,,oa.company.cn,,,,
H009816,2026-07-17 18:28:43,web_visit,访问内部 OA/知识库,,T1071,,mail.company.cn,,,,
H000987,2026-07-17 18:30:30,login,登录办公终端,,T1078,,,,天津市,,
H005767,2026-07-17 18:34:29,login,登录办公终端,,T1078,,,,,,
H006473,2026-07-17 18:37:21,email_open,阅读邮件（内部往来 1）,,,,npm.company.cn,,,,
H004717,2026-07-17 18:37:27,email_open,阅读邮件（内部往来 2）,,,,oa.company.cn,,,,
H003910,2026-07-17 18:43:25,login,登录办公终端,,T1078,,,,,,
H000527,2026-07-17 18:57:22,email_open,阅读邮件（内部往来 2）,,,,docs.company.cn,,,,
H003923,2026-07-17 18:59:17,web_visit,访问内部 OA/知识库,,T1071,,kb.company.cn,,,,
H004394,2026-07-17 19:00:20,web_visit,访问内部 OA/知识库,,T1071,,oa.company.cn,,,,
H004564,2026-07-17 19:01:10,dns_query,域名解析,,T1071.001,,weibo.com,,,,
H008214,2026-07-17 19:01:14,sensitive_access,查询工资单（本职工作）,,T1005,,,,,,
H008214,2026-07-17 19:13:13,email_open,阅读邮件（内部往来 1）,,,,mail.company.cn,,,,
H002480,2026-07-17 19:18:12,dns_query,域名解析,,T1071.001,,jd.com,,,,
H004763,2026-07-17 19:19:39,web_visit,访问内部 OA/知识库,,T1071,,mail.company.cn,,,,
H009816,2026-07-17 19:21:12,email_open,阅读邮件（内部往来 1）,,,,oa.company.cn,,,,
H005496,2026-07-17 19:23:03,login,登录办公终端,,T1078,,,,,,
H009816,2026-07-17 19:24:37,email_open,阅读邮件（内部往来 2）,,,,oa.company.cn,,,,
H002479,2026-07-17 19:26:26,login,登录办公终端,,T1078,,,,天津市,,
H000438,2026-07-17 19:28:08,login,登录办公终端,,T1078,,,,,,
H004564,2026-07-17 19:39:01,login,登录办公终端,,T1078,,,,,,
H007030,2026-07-17 19:43:32,web_visit,访问内部 OA/知识库,,T1071,,wiki.company.cn,,,,
H004902,2026-07-17 19:45:21,login,登录办公终端,,T1078,,,,,,
H006473,2026-07-17 19:46:53,dns_query,域名解析,,T1071.001,,wiki.company.cn,,,,
H002907,2026-07-17 19:49:36,web_visit,访问内部 OA/知识库,,T1071,,mail.company.cn,,,,
H000117,2026-07-17 19:49:54,web_visit,访问内部 OA/知识库,,T1071,,npm.company.cn,,,,
H007500,2026-07-17 20:23:41,dns_query,域名解析,,T1071.001,,kb.company.cn,,,,
H000466,2026-07-17 20:46:53,dns_query,域名解析,,T1071.001,,bilibili.com,,,,
H006373,2026-07-17 21:13:36,login,登录办公终端,,T1078,,,,苏州市,,
H002479,2026-07-17 21:14:26,dns_query,域名解析,,T1071.001,,github.com,,,,
H006049,2026-07-17 21:15:17,dns_query,域名解析,,T1071.001,,oa.company.cn,,,,
H004724,2026-07-17 21:17:07,login,登录办公终端,,T1078,,,,,,
H006373,2026-07-17 21:40:01,email_open,阅读邮件（内部往来 1）,,,,kb.company.cn,,,,
H006473,2026-07-17 21:42:56,failed_login,密码错误自动重试,,T1110.001,,,,,,
H006373,2026-07-17 21:47:21,upload,上传附件 5MB,,T1567,,docs.company.cn,7137,,,
H004902,2026-07-17 21:49:43,web_visit,访问内部 OA/知识库,,T1071,,oa.company.cn,,,,
H001235,2026-07-17 21:51:36,dns_query,域名解析,,T1071.001,,baidu.com,,,,
H002479,2026-07-17 22:03:18,download,下载文档/更新包 9MB,,T1204.002,,,5261,,,
H000987,2026-07-17 22:06:54,dns_query,域名解析,,T1071.001,,baidu.com,,,,
H001235,2026-07-17 22:40:48,login,登录办公终端,,T1078,,,,,,
H000117,2026-07-17 22:41:20,dns_query,域名解析,,T1071.001,,wiki.company.cn,,,,
H000987,2026-07-17 23:15:44,email_open,阅读邮件（内部往来 1）,,,,kb.company.cn,,,,
H001402,2026-07-17 23:48:00,email_open,阅读邮件（内部往来 1）,,,,kb.company.cn,,,,
H001721,2026-07-18 00:39:14,web_visit,访问内部 OA/知识库,,T1071,,npm.company.cn,,,,
H004058,2026-07-18 01:05:08,web_visit,访问内部 OA/知识库,,T1071,,mail.company.cn,,,,
H003043,2026-07-18 02:18:38,login,登录办公终端,,T1078,,,,,,
H004902,2026-07-18 04:01:20,failed_login,密码错误自动重试,,T1110.001,,,,,,
H000564,2026-07-18 05:22:51,email_open,阅读邮件（内部往来 2）,,,,oa.company.cn,,,,
H001796,2026-07-18 05:55:52,email_open,阅读邮件（内部往来 2）,,,,mail.company.cn,,,,
H004724,2026-07-18 06:09:03,web_visit,访问内部 OA/知识库,,T1071,,mail.company.cn,,,,
H000763,2026-07-18 06:38:47,web_visit,访问内部 OA/知识库,,T1071,,mail.company.cn,,,,
H004080,2026-07-18 07:28:47,email_open,阅读邮件（内部往来 1）,,,,mail.company.cn,,,,
H004763,2026-07-18 07:31:05,web_visit,访问内部 OA/知识库,,T1071,,kb.company.cn,,,,
H008981,2026-07-18 07:34:29,login,登录办公终端,,T1078,,,,,,
H004902,2026-07-18 07:40:59,email_open,阅读邮件（内部往来 1）,,,,wiki.company.cn,,,,
H009535,2026-07-18 07:42:45,failed_login,密码错误自动重试,,T1110.001,,,,,,
H009979,2026-07-18 07:43:32,upload,上传附件 5MB,,T1567,,docs.company.cn,13313,,,
H003973,2026-07-18 07:50:35,web_visit,访问内部 OA/知识库,,T1071,,oa.company.cn,,,,
H006718,2026-07-18 08:02:52,email_open,阅读邮件（内部往来 1）,,,,wiki.company.cn,,,,
H000466,2026-07-18 08:09:06,email_open,阅读邮件（内部往来 1）,,,,kb.company.cn,,,,
H004394,2026-07-18 08:11:18,dns_query,域名解析,,T1071.001,,taobao.com,,,,
H006419,2026-07-18 08:13:10,web_visit,访问内部 OA/知识库,,T1071,,wiki.company.cn,,,,
H002907,2026-07-18 08:19:37,login,登录办公终端,,T1078,,,,,,
H006718,2026-07-18 08:21:30,login,登录办公终端,,T1078,,,,,,
H006738,2026-07-18 08:24:23,email_open,阅读邮件（内部往来 2）,,,,kb.company.cn,,,,
H006738,2026-07-18 08:28:23,web_visit,访问内部 OA/知识库,,T1071,,mail.company.cn,,,,
H002479,2026-07-18 08:29:30,email_open,阅读邮件（内部往来 1）,,,,docs.company.cn,,,,
H009500,2026-07-18 08:30:05,email_open,阅读邮件（内部往来 1）,,,,wiki.company.cn,,,,
H006896,2026-07-18 08:32:07,failed_login,密码错误自动重试,,T1110.001,,,,,,
H002844,2026-07-18 08:33:28,failed_login,密码错误自动重试,,T1110.001,,,,,,
H004394,2026-07-18 08:34:32,failed_login,密码错误自动重试,,T1110.001,,,,,,
H008164,2026-07-18 08:35:16,email_open,阅读邮件（内部往来 2）,,,,kb.company.cn,,,,
H009535,2026-07-18 08:35:29,failed_login,密码错误自动重试,,T1110.001,,,,,,
H009535,2026-07-18 08:38:06,email_open,阅读邮件（内部往来 1）,,,,mail.company.cn,,,,
H003923,2026-07-18 08:39:55,login,登录办公终端,,T1078,,,,,,
H000466,2026-07-18 08:44:02,upload,上传附件 5MB,,T1567,,docs.company.cn,1995,,,
H004724,2026-07-18 08:47:13,failed_login,密码错误自动重试,,T1110.001,,,,,,
H006718,2026-07-18 08:48:10,web_visit,访问内部 OA/知识库,,T1071,,kb.company.cn,,,,
H003043,2026-07-18 08:49:31,web_visit,访问内部 OA/知识库,,T1071,,docs.company.cn,,,,
H005767,2026-07-18 08:51:19,download,下载文档/更新包 39MB,,T1204.002,,,14958,,,
H007500,2026-07-18 08:54:46,email_open,阅读邮件（内部往来 3）,,,,kb.company.cn,,,,
H005614,2026-07-18 09:00:25,failed_login,密码错误自动重试,,T1110.001,,,,,,
H009979,2026-07-18 09:01:10,email_open,阅读邮件（内部往来 2）,,,,npm.company.cn,,,,
H008981,2026-07-18 09:04:44,email_open,阅读邮件（内部往来 2）,,,,oa.company.cn,,,,
H003533,2026-07-18 09:04:48,email_open,阅读邮件（内部往来 1）,,,,docs.company.cn,,,,
H004717,2026-07-18 09:08:42,email_open,阅读邮件（内部往来 2）,,,,npm.company.cn,,,,
H006049,2026-07-18 09:09:45,login,登录办公终端,,T1078,,,,,,
H009979,2026-07-18 09:09:45,dns_query,域名解析,,T1071.001,,qq.com,,,,
H000564,2026-07-18 09:10:39,web_visit,访问内部 OA/知识库,,T1071,,wiki.company.cn,,,,
H003043,2026-07-18 09:11:03,dns_query,域名解析,,T1071.001,,weibo.com,,,,
H008214,2026-07-18 09:15:28,upload,上传附件 8MB,,T1567,,docs.company.cn,5223,,,
H006473,2026-07-18 09:15:56,login,登录办公终端,,T1078,,,,苏州市,,
H009979,2026-07-18 09:18:58,email_open,阅读邮件（内部往来 1）,,,,mail.company.cn,,,,
H006113,2026-07-18 09:19:38,dns_query,域名解析,,T1071.001,,kb.company.cn,,,,
H002907,2026-07-18 09:20:55,dns_query,域名解析,,T1071.001,,weibo.com,,,,
H001402,2026-07-18 09:22:52,failed_login,密码错误自动重试,,T1110.001,,,,,,
H009500,2026-07-18 09:23:00,failed_login,密码错误自动重试,,T1110.001,,,,,,
H004362,2026-07-18 09:28:40,download,下载文档/更新包 43MB,,T1204.002,,,8417,,,
H003833,2026-07-18 09:29:42,dns_query,域名解析,,T1071.001,,baidu.com,,,,
H001721,2026-07-18 09:31:07,login,登录办公终端,,T1078,,,,,,
H005600,2026-07-18 09:33:13,web_visit,访问内部 OA/知识库,,T1071,,wiki.company.cn,,,,
H004763,2026-07-18 09:33:42,download,下载文档/更新包 43MB,,T1204.002,,,12042,,,
H001796,2026-07-18 09:34:52,email_open,阅读邮件（内部往来 1）,,,,docs.company.cn,,,,
H004080,2026-07-18 09:35:38,login,登录办公终端,,T1078,,,,,,
H000466,2026-07-18 09:36:09,login,登录办公终端,,T1078,,,,,,
H004717,2026-07-18 09:39:30,web_visit,访问内部 OA/知识库,,T1071,,npm.company.cn,,,,
H008981,2026-07-18 09:39:48,email_open,阅读邮件（内部往来 1）,,,,docs.company.cn,,,,
H007500,2026-07-18 09:40:02,login,登录办公终端,,T1078,,,,,,
H003533,2026-07-18 09:41:10,dns_query,域名解析,,T1071.001,,qq.com,,,,
H001986,2026-07-18 09:41:22,web_visit,访问内部 OA/知识库,,T1071,,npm.company.cn,,,,
H002844,2026-07-18 09:41:25,dns_query,域名解析,,T1071.001,,docs.company.cn,,,,
H000559,2026-07-18 09:48:17,upload,上传附件 9MB,,T1567,,docs.company.cn,5119,,,
H000805,2026-07-18 09:49:41,login,登录办公终端,,T1078,,,,,,
H003910,2026-07-18 09:50:59,email_open,阅读邮件（内部往来 1）,,,,wiki.company.cn,,,,
H003910,2026-07-18 09:51:18,login,登录办公终端,,T1078,,,,,,
H007030,2026-07-18 09:52:03,dns_query,域名解析,,T1071.001,,weibo.com,,,,
H001402,2026-07-18 09:53:02,email_open,阅读邮件（内部往来 1）,,,,mail.company.cn,,,,
H009698,2026-07-18 09:53:30,email_open,阅读邮件（内部往来 2）,,,,npm.company.cn,,,,
H000564,2026-07-18 09:53:55,email_open,阅读邮件（内部往来 1）,,,,docs.company.cn,,,,
H005600,2026-07-18 09:54:17,email_open,阅读邮件（内部往来 1）,,,,kb.company.cn,,,,
H003973,2026-07-18 09:55:32,email_open,阅读邮件（内部往来 2）,,,,wiki.company.cn,,,,
H005767,2026-07-18 09:55:43,email_open,阅读邮件（内部往来 2）,,,,mail.company.cn,,,,
H004724,2026-07-18 09:55:52,email_open,阅读邮件（内部往来 1）,,,,wiki.company.cn,,,,
H004953,2026-07-18 09:56:12,download,下载来源不明安装包,,T1204.002,,sync-node-01.net,5918,,,
H001402,2026-07-18 09:57:10,web_visit,访问内部 OA/知识库,,T1071,,mail.company.cn,,,,
H007500,2026-07-18 09:57:24,email_open,阅读邮件（内部往来 1）,,,,mail.company.cn,,,,
H006738,2026-07-18 10:00:12,login,登录办公终端,,T1078,,,,,,
H003923,2026-07-18 10:00:35,email_open,阅读邮件（内部往来 1）,,,,mail.company.cn,,,,
H005151,2026-07-18 10:02:02,email_open,阅读邮件（内部往来 1）,,,,mail.company.cn,,,,
H001986,2026-07-18 10:03:14,login,登录办公终端,,T1078,,,,,,
H004362,2026-07-18 10:03:14,failed_login,密码错误自动重试,,T1110.001,,,,,,
H000527,2026-07-18 10:03:19,login,登录办公终端,,T1078,,,,,,
H000527,2026-07-18 10:03:37,email_open,阅读邮件（内部往来 3）,,,,mail.company.cn,,,,
H009170,2026-07-18 10:07:26,web_visit,访问内部 OA/知识库,,T1071,,oa.company.cn,,,,
H002540,2026-07-18 10:08:33,dns_query,域名解析,,T1071.001,,taobao.com,,,,
H003923,2026-07-18 10:09:51,web_visit,访问内部 OA/知识库,,T1071,,wiki.company.cn,,,,
H004080,2026-07-18 10:13:22,web_visit,访问内部 OA/知识库,,T1071,,kb.company.cn,,,,
H002894,2026-07-18 10:13:38,web_visit,访问内部 OA/知识库,,T1071,,npm.company.cn,,,,
H002907,2026-07-18 10:13:52,web_visit,访问内部 OA/知识库,,T1071,,kb.company.cn,,,,
H004717,2026-07-18 10:15:32,download,下载文档/更新包 9MB,,T1204.002,,,27952,,,
H004724,2026-07-18 10:21:38,login,登录办公终端,,T1078,,,,,,
H001547,2026-07-18 10:22:15,login,登录办公终端,,T1078,,,,南京市,,
H009979,2026-07-18 10:22:23,login,登录办公终端,,T1078,,,,,,
H004394,2026-07-18 10:23:35,login,登录办公终端,,T1078,,,,,,
H009500,2026-07-18 10:24:33,failed_login,密码错误自动重试,,T1110.001,,,,,,
H007030,2026-07-18 10:26:07,download,下载文档/更新包 35MB,,T1204.002,,,28623,,,
H000564,2026-07-18 10:26:34,dns_query,域名解析,,T1071.001,,taobao.com,,,,
H006049,2026-07-18 10:28:35,email_open,阅读邮件（内部往来 2）,,,,npm.company.cn,,,,
H005600,2026-07-18 10:28:58,login,登录办公终端,,T1078,,,,,,
H006718,2026-07-18 10:33:44,failed_login,密码错误自动重试,,T1110.001,,,,,,
H004902,2026-07-18 10:36:53,login,登录办公终端,,T1078,,,,,,
H009500,2026-07-18 10:41:47,dns_query,域名解析,,T1071.001,,qq.com,,,,
H005614,2026-07-18 10:42:05,upload,上传附件 9MB,,T1567,,docs.company.cn,1520,,,
H009535,2026-07-18 10:46:57,failed_login,密码错误自动重试,,T1110.001,,,,,,
H003043,2026-07-18 10:47:54,email_open,阅读邮件（内部往来 1）,,,,mail.company.cn,,,,
H009979,2026-07-18 10:51:27,email_open,阅读邮件（内部往来 3）,,,,mail.company.cn,,,,
H004394,2026-07-18 10:53:49,failed_login,密码错误自动重试,,T1110.001,,,,,,
H001402,2026-07-18 10:54:16,email_open,阅读邮件（内部往来 3）,,,,wiki.company.cn,,,,
H009535,2026-07-18 10:56:33,login,登录办公终端,,T1078,,,,,,
H002894,2026-07-18 10:57:24,email_open,阅读邮件（内部往来 2）,,,,oa.company.cn,,,,
H006419,2026-07-18 10:57:47,download,下载文档/更新包 32MB,,T1204.002,,,7130,,,
H006473,2026-07-18 11:01:24,web_visit,访问内部 OA/知识库,,T1071,,kb.company.cn,,,,
H005614,2026-07-18 11:10:59,login,登录办公终端,,T1078,,,,西安市,,
H006473,2026-07-18 11:12:54,download,下载文档/更新包 45MB,,T1204.002,,,8904,,,
H003043,2026-07-18 11:12:57,email_open,阅读邮件（内部往来 2）,,,,mail.company.cn,,,,
H004058,2026-07-18 11:25:44,email_open,阅读邮件（内部往来 1）,,,,oa.company.cn,,,,
H005767,2026-07-18 11:28:27,email_open,阅读邮件（内部往来 1）,,,,mail.company.cn,,,,
H004080,2026-07-18 11:28:57,email_open,阅读邮件（内部往来 2）,,,,kb.company.cn,,,,
H002540,2026-07-18 11:31:13,login,登录办公终端,,T1078,,,,,,
H002479,2026-07-18 11:34:47,web_visit,访问内部 OA/知识库,,T1071,,npm.company.cn,,,,
H008164,2026-07-18 11:42:35,login,登录办公终端,,T1078,,,,,,
H001986,2026-07-18 11:48:59,email_open,阅读邮件（内部往来 2）,,,,docs.company.cn,,,,
H004724,2026-07-18 11:50:52,failed_login,密码错误自动重试,,T1110.001,,,,,,
H003910,2026-07-18 11:59:25,dns_query,域名解析,,T1071.001,,jd.com,,,,
H004362,2026-07-18 12:00:02,email_open,阅读邮件（内部往来 4）,,,,docs.company.cn,,,,
H000559,2026-07-18 12:01:20,web_visit,访问内部 OA/知识库,,T1071,,kb.company.cn,,,,
H006113,2026-07-18 12:02:24,failed_login,密码错误自动重试,,T1110.001,,,,,,
H003973,2026-07-18 12:03:21,login,登录办公终端,,T1078,,,,,,
H006419,2026-07-18 12:04:57,login,登录办公终端,,T1078,,,,南京市,,
H006419,2026-07-18 12:05:31,email_open,阅读邮件（内部往来 1）,,,,docs.company.cn,,,,
H009691,2026-07-18 12:13:24,upload,上传附件 1MB,,T1567,,docs.company.cn,10075,,,
H009691,2026-07-18 12:15:30,email_open,阅读邮件（内部往来 1）,,,,docs.company.cn,,,,
H005600,2026-07-18 12:15:49,email_open,阅读邮件（内部往来 2）,,,,kb.company.cn,,,,
H008164,2026-07-18 12:17:16,download,下载文档/更新包 26MB,,T1204.002,,,4950,,,
H009500,2026-07-18 12:24:12,web_visit,访问内部 OA/知识库,,T1071,,kb.company.cn,,,,
H009698,2026-07-18 12:26:23,login,登录办公终端,,T1078,,,,,,
H004717,2026-07-18 12:26:52,dns_query,域名解析,,T1071.001,,taobao.com,,,,
H006419,2026-07-18 12:31:45,failed_login,密码错误自动重试,,T1110.001,,,,,,
H003043,2026-07-18 12:33:31,download,下载文档/更新包 42MB,,T1204.002,,,5417,,,
H009500,2026-07-18 12:33:31,email_open,阅读邮件（内部往来 2）,,,,wiki.company.cn,,,,
H004717,2026-07-18 12:37:14,login,登录办公终端,,T1078,,,,,,
H000805,2026-07-18 12:38:32,email_open,阅读邮件（内部往来 2）,,,,docs.company.cn,,,,
H007030,2026-07-18 12:40:45,failed_login,密码错误自动重试,,T1110.001,,,,,,
H007500,2026-07-18 12:51:54,dns_query,域名解析,,T1071.001,,npm.company.cn,,,,
H009170,2026-07-18 12:53:00,email_open,阅读邮件（内部往来 1）,,,,npm.company.cn,,,,
H009170,2026-07-18 12:59:13,email_open,阅读邮件（内部往来 3）,,,,kb.company.cn,,,,
H003973,2026-07-18 13:08:11,failed_login,密码错误自动重试,,T1110.001,,,,,,
H003833,2026-07-18 13:15:09,email_open,阅读邮件（内部往来 1）,,,,npm.company.cn,,,,
H007512,2026-07-18 13:20:41,failed_login,密码错误自动重试,,T1110.001,,,,,,
H008057,2026-07-18 13:26:17,web_visit,访问内部 OA/知识库,,T1071,,oa.company.cn,,,,
H009903,2026-07-18 13:27:15,email_open,阅读邮件（内部往来 1）,,,,wiki.company.cn,,,,
H003973,2026-07-18 13:41:44,email_open,阅读邮件（内部往来 1）,,,,oa.company.cn,,,,
H004763,2026-07-18 13:42:00,login,登录办公终端,,T1078,,,,,,
H008214,2026-07-18 13:49:24,login,登录办公终端,,T1078,,,,东莞市,,
H006049,2026-07-18 13:56:04,dns_query,域名解析,,T1071.001,,kb.company.cn,,,,
H000466,2026-07-18 14:08:42,dns_query,域名解析,,T1071.001,,qq.com,,,,
H007512,2026-07-18 14:08:49,web_visit,访问内部 OA/知识库,,T1071,,mail.company.cn,,,,
H009535,2026-07-18 14:10:24,web_visit,访问内部 OA/知识库,,T1071,,kb.company.cn,,,,
H002540,2026-07-18 14:12:57,web_visit,访问内部 OA/知识库,,T1071,,oa.company.cn,,,,
H005151,2026-07-18 14:14:08,login,登录办公终端,,T1078,,,,,,
H005496,2026-07-18 14:14:11,email_open,阅读邮件（内部往来 2）,,,,docs.company.cn,,,,
H008981,2026-07-18 14:17:37,dns_query,域名解析,,T1071.001,,baidu.com,,,,
H000564,2026-07-18 14:30:32,login,登录办公终端,,T1078,,,,,,
H000805,2026-07-18 14:33:09,web_visit,访问内部 OA/知识库,,T1071,,npm.company.cn,,,,
H001986,2026-07-18 14:33:44,upload,上传附件 5MB,,T1567,,docs.company.cn,6019,,,
H004362,2026-07-18 14:35:01,login,登录办公终端,,T1078,,,,,,
H004362,2026-07-18 14:42:25,email_open,阅读邮件（内部往来 3）,,,,npm.company.cn,,,,
H000527,2026-07-18 14:42:29,email_open,阅读邮件（内部往来 1）,,,,oa.company.cn,,,,
H002844,2026-07-18 14:45:20,email_open,阅读邮件（内部往来 1）,,,,wiki.company.cn,,,,
H004058,2026-07-18 14:46:26,mfa_denied,新设备 MFA 验证失败一次后成功,,T1621,,,,,,
H006473,2026-07-18 14:47:46,persist_create,注册软件更新计划任务,,T1053.005,,,,,,
H009903,2026-07-18 14:57:37,failed_login,密码错误自动重试,,T1110.001,,,,,,
H008057,2026-07-18 14:59:41,download,下载文档/更新包 1MB,,T1204.002,,,31234,,,
H004724,2026-07-18 15:05:25,upload,上传附件 2MB,,T1567,,docs.company.cn,8911,,,
H009535,2026-07-18 15:06:45,download,下载文档/更新包 39MB,,T1204.002,,,4958,,,
H009979,2026-07-18 15:07:32,web_visit,访问内部 OA/知识库,,T1071,,docs.company.cn,,,,
H001402,2026-07-18 15:08:04,email_open,阅读邮件（内部往来 2）,,,,kb.company.cn,,,,
H002894,2026-07-18 15:10:44,web_visit,访问内部 OA/知识库,,T1071,,docs.company.cn,,,,
H000559,2026-07-18 15:14:39,email_open,阅读邮件（内部往来 1）,,,,wiki.company.cn,,,,
H005767,2026-07-18 15:18:31,email_open,阅读邮件（内部往来 3）,,,,oa.company.cn,,,,
H004956,2026-07-18 15:20:03,login,登录办公终端,,T1078,,,,,,
H004058,2026-07-18 15:22:39,email_open,阅读邮件（内部往来 2）,,,,oa.company.cn,,,,
H002907,2026-07-18 15:30:59,email_open,阅读邮件（内部往来 1）,,,,mail.company.cn,,,,
H004717,2026-07-18 15:36:40,email_open,阅读邮件（内部往来 1）,,,,mail.company.cn,,,,
H003043,2026-07-18 15:43:17,email_open,阅读邮件（内部往来 3）,,,,oa.company.cn,,,,
H002894,2026-07-18 15:43:58,email_open,阅读邮件（内部往来 1）,,,,mail.company.cn,,,,
H009500,2026-07-18 15:47:46,web_visit,访问内部 OA/知识库,,T1071,,wiki.company.cn,,,,
H006419,2026-07-18 15:52:53,dns_query,域名解析,,T1071.001,,kb.company.cn,,,,
H004394,2026-07-18 15:53:25,web_visit,访问内部 OA/知识库,,T1071,,npm.company.cn,,,,
H003725,2026-07-18 15:55:08,email_open,阅读邮件（内部往来 1）,,,,oa.company.cn,,,,
H003833,2026-07-18 15:58:41,email_open,阅读邮件（内部往来 3）,,,,kb.company.cn,,,,
H004763,2026-07-18 16:04:10,email_open,阅读邮件（内部往来 1）,,,,mail.company.cn,,,,
H000805,2026-07-18 16:05:11,email_open,阅读邮件（内部往来 1）,,,,docs.company.cn,,,,
H007030,2026-07-18 16:15:40,email_open,阅读邮件（内部往来 1）,,,,npm.company.cn,,,,
H008057,2026-07-18 16:16:17,login,登录办公终端,,T1078,,,,,,
H006113,2026-07-18 16:17:07,web_visit,访问内部 OA/知识库,,T1071,,mail.company.cn,,,,
H001986,2026-07-18 16:17:26,email_open,阅读邮件（内部往来 1）,,,,mail.company.cn,,,,
H007500,2026-07-18 16:18:45,email_open,阅读邮件（内部往来 2）,,,,mail.company.cn,,,,
H004763,2026-07-18 16:19:30,failed_login,密码错误自动重试,,T1110.001,,,,,,
H003833,2026-07-18 16:21:12,email_open,阅读邮件（内部往来 2）,,,,kb.company.cn,,,,
H006896,2026-07-18 16:23:33,login,登录办公终端,,T1078,,,,,,
H004362,2026-07-18 16:24:04,web_visit,访问内部 OA/知识库,,T1071,,oa.company.cn,,,,
H005767,2026-07-18 16:27:23,login,登录办公终端,,T1078,,,,,,
H000559,2026-07-18 16:27:33,login,登录办公终端,,T1078,,,,,,
H000763,2026-07-18 16:31:52,login,登录办公终端,,T1078,,,,,,
H009535,2026-07-18 16:33:06,dns_query,域名解析,,T1071.001,,npm.company.cn,,,,
H003725,2026-07-18 16:33:14,login,登录办公终端,,T1078,,,,,,
H008931,2026-07-18 16:33:58,dns_query,HTTPS 隧道心跳（伪装正常访问）,persist,T1071.001,evasive,cdn-verify-svc.net,,,,
H008981,2026-07-18 16:34:15,email_open,阅读邮件（内部往来 3）,,,,docs.company.cn,,,,
H001547,2026-07-18 16:37:03,email_open,阅读邮件（内部往来 3）,,,,oa.company.cn,,,,
H000564,2026-07-18 16:37:06,web_visit,访问内部 OA/知识库,,T1071,,wiki.company.cn,,,,
H005496,2026-07-18 16:38:38,dns_query,域名解析,,T1071.001,,qq.com,,,,
H004362,2026-07-18 16:40:49,web_visit,访问内部 OA/知识库,,T1071,,kb.company.cn,,,,
H005614,2026-07-18 16:44:31,email_open,阅读邮件（内部往来 2）,,,,mail.company.cn,,,,
H009903,2026-07-18 16:45:06,email_open,阅读邮件（内部往来 2）,,,,docs.company.cn,,,,
H007512,2026-07-18 16:46:39,login,登录办公终端,,T1078,,,,,,
H003533,2026-07-18 16:46:48,web_visit,访问内部 OA/知识库,,T1071,,wiki.company.cn,,,,
H008057,2026-07-18 16:54:36,dns_query,域名解析,,T1071.001,,npm.company.cn,,,,
H005614,2026-07-18 16:55:21,dns_query,域名解析,,T1071.001,,qq.com,,,,
H003833,2026-07-18 16:57:14,email_open,阅读邮件（内部往来 4）,,,,docs.company.cn,,,,
H002540,2026-07-18 16:59:57,failed_login,密码错误自动重试,,T1110.001,,,,,,
H006738,2026-07-18 17:07:04,failed_login,密码错误自动重试,,T1110.001,,,,,,
H007512,2026-07-18 17:10:58,dns_query,域名解析,,T1071.001,,github.com,,,,
H001547,2026-07-18 17:19:44,email_open,阅读邮件（内部往来 2）,,,,npm.company.cn,,,,
H009500,2026-07-18 17:24:35,failed_login,密码错误自动重试,,T1110.001,,,,,,
H005496,2026-07-18 17:27:28,login,登录办公终端,,T1078,,,,,,
H006896,2026-07-18 17:27:28,dns_query,域名解析,,T1071.001,,mail.company.cn,,,,
H003973,2026-07-18 17:29:37,download,下载文档/更新包 19MB,,T1204.002,,,38933,,,
H005496,2026-07-18 17:29:54,email_open,阅读邮件（内部往来 1）,,,,oa.company.cn,,,,
H006738,2026-07-18 17:29:56,email_open,阅读邮件（内部往来 1）,,,,mail.company.cn,,,,
H003533,2026-07-18 17:30:42,login,登录办公终端,,T1078,,,,武汉市,,
H006049,2026-07-18 17:34:37,web_visit,访问内部 OA/知识库,,T1071,,npm.company.cn,,,,
H007030,2026-07-18 17:35:20,email_open,阅读邮件（内部往来 2）,,,,mail.company.cn,,,,
H001796,2026-07-18 17:37:07,login,登录办公终端,,T1078,,,,,,
H007030,2026-07-18 17:37:29,login,登录办公终端,,T1078,,,,西安市,,
H005614,2026-07-18 17:38:51,download,下载文档/更新包 27MB,,T1204.002,,,6896,,,
H004362,2026-07-18 17:43:18,email_open,阅读邮件（内部往来 2）,,,,docs.company.cn,,,,
H006718,2026-07-18 17:43:46,email_open,阅读邮件（内部往来 2）,,,,kb.company.cn,,,,
H000763,2026-07-18 17:47:39,email_open,阅读邮件（内部往来 2）,,,,oa.company.cn,,,,
H008164,2026-07-18 17:49:27,email_open,阅读邮件（内部往来 1）,,,,kb.company.cn,,,,
H008057,2026-07-18 17:49:54,email_open,阅读邮件（内部往来 1）,,,,kb.company.cn,,,,
H003533,2026-07-18 17:50:13,web_visit,访问内部 OA/知识库,,T1071,,oa.company.cn,,,,
H005151,2026-07-18 17:50:29,email_open,阅读邮件（内部往来 2）,,,,npm.company.cn,,,,
H009500,2026-07-18 17:51:57,download,下载文档/更新包 40MB,,T1204.002,,,25417,,,
H007500,2026-07-18 17:52:40,web_visit,访问内部 OA/知识库,,T1071,,mail.company.cn,,,,
H002844,2026-07-18 17:53:26,login,登录办公终端,,T1078,,,,苏州市,,
H006896,2026-07-18 17:53:46,failed_login,密码错误自动重试,,T1110.001,,,,,,
H003923,2026-07-18 17:54:11,failed_login,密码错误自动重试,,T1110.001,,,,,,
H001547,2026-07-18 17:55:22,email_open,阅读邮件（内部往来 1）,,,,docs.company.cn,,,,
H002907,2026-07-18 17:59:34,web_visit,访问内部 OA/知识库,,T1071,,oa.company.cn,,,,
H009903,2026-07-18 18:02:56,login,登录办公终端,,T1078,,,,天津市,,
H002894,2026-07-18 18:03:00,login,登录办公终端,,T1078,,,,,,
H005767,2026-07-18 18:03:29,web_visit,访问内部 OA/知识库,,T1071,,oa.company.cn,,,,
H006896,2026-07-18 18:09:30,email_open,阅读邮件（内部往来 1）,,,,kb.company.cn,,,,
H009170,2026-07-18 18:10:32,login,登录办公终端,,T1078,,,,,,
H007500,2026-07-18 18:15:02,web_visit,访问内部 OA/知识库,,T1071,,docs.company.cn,,,,
H006473,2026-07-18 18:15:09,sensitive_access,查询工资单（本职工作）,,T1005,,,,,,
H001402,2026-07-18 18:17:41,login,登录办公终端,,T1078,,,,,,
H002479,2026-07-18 18:19:27,web_visit,访问内部 OA/知识库,,T1071,,kb.company.cn,,,,
H005614,2026-07-18 18:24:38,web_visit,访问内部 OA/知识库,,T1071,,mail.company.cn,,,,
H007030,2026-07-18 18:32:34,failed_login,密码错误自动重试,,T1110.001,,,,,,
H003725,2026-07-18 18:38:43,web_visit,访问内部 OA/知识库,,T1071,,oa.company.cn,,,,
H005496,2026-07-18 18:40:36,upload,上传附件 13MB,,T1567,,docs.company.cn,2458,,,
H009500,2026-07-18 18:46:42,login,登录办公终端,,T1078,,,,,,
H000466,2026-07-18 18:47:01,web_visit,访问内部 OA/知识库,,T1071,,wiki.company.cn,,,,
H009698,2026-07-18 18:49:11,email_open,阅读邮件（内部往来 1）,,,,kb.company.cn,,,,
H004956,2026-07-18 18:54:06,failed_login,密码错误自动重试,,T1110.001,,,,,,
H000763,2026-07-18 18:58:39,dns_query,域名解析,,T1071.001,,weibo.com,,,,
H000527,2026-07-18 18:58:49,email_open,阅读邮件（内部往来 2）,,,,wiki.company.cn,,,,
H004362,2026-07-18 19:08:04,email_open,阅读邮件（内部往来 1）,,,,kb.company.cn,,,,
H006113,2026-07-18 19:12:52,login,登录办公终端,,T1078,,,,武汉市,,
H002907,2026-07-18 19:21:28,email_open,阅读邮件（内部往来 2）,,,,oa.company.cn,,,,
H009170,2026-07-18 19:23:33,email_open,阅读邮件（内部往来 2）,,,,kb.company.cn,,,,
H008214,2026-07-18 19:27:08,web_visit,访问内部 OA/知识库,,T1071,,docs.company.cn,,,,
H000763,2026-07-18 19:30:49,email_open,阅读邮件（内部往来 1）,,,,mail.company.cn,,,,
H003833,2026-07-18 19:43:30,login,登录办公终端,,T1078,,,,,,
H001796,2026-07-18 19:43:38,dns_query,域名解析,,T1071.001,,npm.company.cn,,,,
H005614,2026-07-18 20:05:33,failed_login,密码错误自动重试,,T1110.001,,,,,,
H005614,2026-07-18 20:08:30,email_open,阅读邮件（内部往来 1）,,,,docs.company.cn,,,,
H009691,2026-07-18 20:12:30,web_visit,访问内部 OA/知识库,,T1071,,wiki.company.cn,,,,
H004362,2026-07-18 20:13:09,dns_query,域名解析,,T1071.001,,taobao.com,,,,
H009903,2026-07-18 20:33:37,web_visit,访问内部 OA/知识库,,T1071,,mail.company.cn,,,,
H004058,2026-07-18 20:40:08,login,登录办公终端,,T1078,,,,,,
H004080,2026-07-18 20:55:01,dns_query,域名解析,,T1071.001,,qq.com,,,,
H000466,2026-07-18 21:01:42,download,下载文档/更新包 26MB,,T1204.002,,,30840,,,
H009691,2026-07-18 21:03:39,login,登录办公终端,,T1078,,,,东莞市,,
H000466,2026-07-18 21:34:40,web_visit,访问内部 OA/知识库,,T1071,,oa.company.cn,,,,
H002540,2026-07-18 21:46:20,failed_login,密码错误自动重试,,T1110.001,,,,,,
H006049,2026-07-18 21:47:17,email_open,阅读邮件（内部往来 1）,,,,kb.company.cn,,,,
H007512,2026-07-18 22:21:30,email_open,阅读邮件（内部往来 1）,,,,wiki.company.cn,,,,
H006473,2026-07-18 22:31:06,web_visit,访问内部 OA/知识库,,T1071,,docs.company.cn,,,,
H002844,2026-07-18 23:15:32,web_visit,访问内部 OA/知识库,,T1071,,wiki.company.cn,,,,
H005614,2026-07-18 23:25:05,failed_login,密码错误自动重试,,T1110.001,,,,,,
H009903,2026-07-18 23:27:04,dns_query,域名解析,,T1071.001,,bilibili.com,,,,
H009903,2026-07-18 23:28:45,download,下载文档/更新包 37MB,,T1204.002,,,32807,,,
H002479,2026-07-18 23:42:47,login,登录办公终端,,T1078,,,,天津市,,
H003752,2026-07-19 02:20:38,email_open,阅读邮件（内部往来 1）,,,,mail.company.cn,,,,
H000559,2026-07-19 02:45:47,web_visit,访问内部 OA/知识库,,T1071,,npm.company.cn,,,,
H004953,2026-07-19 04:35:59,dns_query,域名解析,,T1071.001,,qq.com,,,,
H006750,2026-07-19 06:13:41,web_visit,访问内部 OA/知识库,,T1071,,oa.company.cn,,,,
H000987,2026-07-19 06:22:58,login,登录办公终端,,T1078,,,,天津市,,
H002223,2026-07-19 06:33:08,failed_login,密码错误自动重试,,T1110.001,,,,,,
H003752,2026-07-19 06:34:10,login,登录办公终端,,T1078,,,,,,
H003752,2026-07-19 07:05:14,web_visit,访问内部 OA/知识库,,T1071,,wiki.company.cn,,,,
H004362,2026-07-19 07:20:33,email_open,阅读邮件（内部往来 1）,,,,oa.company.cn,,,,
H004953,2026-07-19 07:25:43,upload,上传附件 10MB,,T1567,,docs.company.cn,10723,,,
H000805,2026-07-19 07:44:09,web_visit,访问内部 OA/知识库,,T1071,,wiki.company.cn,,,,
H005767,2026-07-19 07:49:30,email_open,阅读邮件（内部往来 2）,,,,docs.company.cn,,,,
H008057,2026-07-19 07:53:10,email_open,阅读邮件（内部往来 3）,,,,wiki.company.cn,,,,
H008154,2026-07-19 07:59:53,web_visit,访问内部 OA/知识库,,T1071,,mail.company.cn,,,,
H001419,2026-07-19 08:07:11,email_open,阅读邮件（内部往来 1）,,,,wiki.company.cn,,,,
H003752,2026-07-19 08:17:46,failed_login,密码错误自动重试,,T1110.001,,,,,,
H008057,2026-07-19 08:20:55,email_open,阅读邮件（内部往来 4）,,,,wiki.company.cn,,,,
H003910,2026-07-19 08:23:48,web_visit,访问内部 OA/知识库,,T1071,,npm.company.cn,,,,
H006113,2026-07-19 08:24:57,dns_query,域名解析,,T1071.001,,taobao.com,,,,
H008931,2026-07-19 08:28:17,failed_login,密码错误自动重试,,T1110.001,,,,,,
H004080,2026-07-19 08:31:21,download,下载文档/更新包 34MB,,T1204.002,,,10540,,,
H001419,2026-07-19 08:31:52,download,下载文档/更新包 22MB,,T1204.002,,,35477,,,
H006311,2026-07-19 08:32:41,email_open,阅读邮件（内部往来 1）,,,,mail.company.cn,,,,
H005988,2026-07-19 08:35:51,email_open,阅读邮件（内部往来 1）,,,,kb.company.cn,,,,
H000805,2026-07-19 08:40:18,failed_login,密码错误自动重试,,T1110.001,,,,,,
H004775,2026-07-19 08:40:19,email_open,阅读邮件（内部往来 3）,,,,kb.company.cn,,,,
H004902,2026-07-19 08:45:35,web_visit,访问内部 OA/知识库,,T1071,,kb.company.cn,,,,
H003752,2026-07-19 08:46:12,dns_query,域名解析,,T1071.001,,qq.com,,,,
H007512,2026-07-19 08:51:54,email_open,阅读邮件（内部往来 3）,,,,kb.company.cn,,,,
H006049,2026-07-19 08:53:16,login,登录办公终端,,T1078,,,,,,
H008931,2026-07-19 08:55:36,web_visit,访问内部 OA/知识库,,T1071,,wiki.company.cn,,,,
H006473,2026-07-19 08:58:48,web_visit,访问内部 OA/知识库,,T1071,,docs.company.cn,,,,
H008154,2026-07-19 08:59:04,web_visit,访问内部 OA/知识库,,T1071,,wiki.company.cn,,,,
H001177,2026-07-19 09:01:11,login,登录办公终端,,T1078,,,,,,
H002479,2026-07-19 09:03:33,dns_query,域名解析,,T1071.001,,zhihu.com,,,,
H004058,2026-07-19 09:03:52,web_visit,访问内部 OA/知识库,,T1071,,mail.company.cn,,,,
H000117,2026-07-19 09:04:44,email_open,阅读邮件（内部往来 1）,,,,oa.company.cn,,,,
H004724,2026-07-19 09:05:00,dns_query,域名解析,,T1071.001,,github.com,,,,
H001986,2026-07-19 09:09:27,web_visit,访问内部 OA/知识库,,T1071,,docs.company.cn,,,,
H001986,2026-07-19 09:09:27,failed_login,密码错误自动重试,,T1110.001,,,,,,
H000987,2026-07-19 09:10:53,failed_login,密码错误自动重试,,T1110.001,,,,,,
H008154,2026-07-19 09:11:02,login,登录办公终端,,T1078,,,,,,
H004146,2026-07-19 09:14:18,web_visit,访问内部 OA/知识库,,T1071,,oa.company.cn,,,,
H003910,2026-07-19 09:15:06,web_visit,访问内部 OA/知识库,,T1071,,oa.company.cn,,,,
H004724,2026-07-19 09:15:29,download,下载文档/更新包 20MB,,T1204.002,,,43246,,,
H006113,2026-07-19 09:15:39,cleanup,清理回收站与临时文件,,T1070.004,,,,,,
H001668,2026-07-19 09:19:09,web_visit,访问内部 OA/知识库,,T1071,,npm.company.cn,,,,
H008164,2026-07-19 09:20:09,download,下载文档/更新包 25MB,,T1204.002,,,20877,,,
H004724,2026-07-19 09:20:13,email_open,阅读邮件（内部往来 1）,,,,oa.company.cn,,,,
H001419,2026-07-19 09:22:55,web_visit,访问内部 OA/知识库,,T1071,,wiki.company.cn,,,,
H000987,2026-07-19 09:24:09,failed_login,密码错误自动重试,,T1110.001,,,,,,
H006896,2026-07-19 09:25:32,web_visit,访问内部 OA/知识库,,T1071,,wiki.company.cn,,,,
H004080,2026-07-19 09:25:46,web_visit,访问内部 OA/知识库,,T1071,,wiki.company.cn,,,,
H005988,2026-07-19 09:29:04,email_open,阅读邮件（内部往来 3）,,,,kb.company.cn,,,,
H006113,2026-07-19 09:29:24,login,登录办公终端,,T1078,,,,武汉市,,
H006747,2026-07-19 09:30:20,web_visit,访问内部 OA/知识库,,T1071,,mail.company.cn,,,,
H007458,2026-07-19 09:31:44,cleanup,清理回收站与临时文件,,T1070.004,,,,,,
H004080,2026-07-19 09:35:21,login,登录办公终端,,T1078,,,,,,
H001986,2026-07-19 09:36:56,login,登录办公终端,,T1078,,,,,,
H008154,2026-07-19 09:42:56,email_open,阅读邮件（内部往来 2）,,,,mail.company.cn,,,,
H004058,2026-07-19 09:44:59,failed_login,密码错误自动重试,,T1110.001,,,,,,
H006566,2026-07-19 09:51:15,download,下载文档/更新包 29MB,,T1204.002,,,43179,,,
H007030,2026-07-19 09:51:42,email_open,阅读邮件（内部往来 1）,,,,wiki.company.cn,,,,
H004956,2026-07-19 09:52:30,email_open,阅读邮件（内部往来 1）,,,,wiki.company.cn,,,,
H005767,2026-07-19 09:55:05,download,下载文档/更新包 31MB,,T1204.002,,,33467,,,
H001986,2026-07-19 09:57:06,email_open,阅读邮件（内部往来 1）,,,,npm.company.cn,,,,
H007458,2026-07-19 09:57:28,login,登录办公终端,,T1078,,,,,,
H006473,2026-07-19 10:01:18,login,登录办公终端,,T1078,,,,苏州市,,
H000559,2026-07-19 10:02:36,login,登录办公终端,,T1078,,,,,,
H008981,2026-07-19 10:03:50,download,下载文档/更新包 25MB,,T1204.002,,,28623,,,
H004362,2026-07-19 10:04:36,failed_login,密码错误自动重试,,T1110.001,,,,,,
H007030,2026-07-19 10:05:53,download,下载文档/更新包 16MB,,T1204.002,,,2803,,,
H005767,2026-07-19 10:06:51,email_open,阅读邮件（内部往来 1）,,,,mail.company.cn,,,,
H000987,2026-07-19 10:09:27,email_open,阅读邮件（内部往来 2）,,,,npm.company.cn,,,,
H009979,2026-07-19 10:11:46,login,登录办公终端,,T1078,,,,,,
H008057,2026-07-19 10:11:58,email_open,阅读邮件（内部往来 2）,,,,wiki.company.cn,,,,
H002907,2026-07-19 10:12:24,dns_query,域名解析,,T1071.001,,jd.com,,,,
H001177,2026-07-19 10:12:55,failed_login,密码错误自动重试,,T1110.001,,,,,,
H001668,2026-07-19 10:13:23,email_open,阅读邮件（内部往来 1）,,,,npm.company.cn,,,,
H004564,2026-07-19 10:15:03,upload,上传附件 3MB,,T1567,,docs.company.cn,9653,,,
H001824,2026-07-19 10:16:19,failed_login,密码错误自动重试,,T1110.001,,,,,,
H002479,2026-07-19 10:17:17,web_visit,访问内部 OA/知识库,,T1071,,wiki.company.cn,,,,
H007500,2026-07-19 10:19:33,login,登录办公终端,,T1078,,,,,,
H005767,2026-07-19 10:19:58,failed_login,密码错误自动重试,,T1110.001,,,,,,
H006049,2026-07-19 10:20:11,upload,上传附件 3MB,,T1567,,docs.company.cn,14687,,,
H008981,2026-07-19 10:21:20,web_visit,访问内部 OA/知识库,,T1071,,kb.company.cn,,,,
H009979,2026-07-19 10:23:11,web_visit,访问内部 OA/知识库,,T1071,,kb.company.cn,,,,
H007030,2026-07-19 10:23:14,web_visit,访问内部 OA/知识库,,T1071,,kb.company.cn,,,,
H009903,2026-07-19 10:27:01,login,登录办公终端,,T1078,,,,天津市,,
H006747,2026-07-19 10:28:16,login,登录办公终端,,T1078,,,,,,
H007512,2026-07-19 10:29:36,download,下载文档/更新包 16MB,,T1204.002,,,27903,,,
H004360,2026-07-19 10:29:58,download,下载文档/更新包 26MB,,T1204.002,,,12445,,,
H006311,2026-07-19 10:30:26,email_open,阅读邮件（内部往来 2）,,,,mail.company.cn,,,,
H001547,2026-07-19 10:34:15,dns_query,域名解析,,T1071.001,,oa.company.cn,,,,
H009170,2026-07-19 10:37:59,email_open,阅读邮件（内部往来 1）,,,,kb.company.cn,,,,
H009698,2026-07-19 10:39:22,login,登录办公终端,,T1078,,,,,,
H009903,2026-07-19 10:40:21,failed_login,密码错误自动重试,,T1110.001,,,,,,
H005614,2026-07-19 10:40:42,login,登录办公终端,,T1078,,,,西安市,,
H000438,2026-07-19 10:41:23,email_open,阅读邮件（内部往来 2）,,,,oa.company.cn,,,,
H008981,2026-07-19 10:42:07,login,登录办公终端,,T1078,,,,,,
H000438,2026-07-19 10:45:34,email_open,阅读邮件（内部往来 3）,,,,npm.company.cn,,,,
H005988,2026-07-19 10:46:03,email_open,阅读邮件（内部往来 2）,,,,mail.company.cn,,,,
H001177,2026-07-19 10:47:54,download,下载文档/更新包 26MB,,T1204.002,,,11334,,,
H004953,2026-07-19 10:51:04,login,登录办公终端,,T1078,,,,南京市,,
H004394,2026-07-19 10:51:26,web_visit,访问内部 OA/知识库,,T1071,,oa.company.cn,,,,
H001402,2026-07-19 10:52:22,dns_query,域名解析,,T1071.001,,taobao.com,,,,
H004902,2026-07-19 10:52:55,web_visit,访问内部 OA/知识库,,T1071,,mail.company.cn,,,,
H002479,2026-07-19 10:53:14,failed_login,密码错误自动重试,,T1110.001,,,,,,
H001419,2026-07-19 10:53:40,login,登录办公终端,,T1078,,,,,,
H000559,2026-07-19 10:54:13,web_visit,访问内部 OA/知识库,,T1071,,kb.company.cn,,,,
H002223,2026-07-19 10:55:17,download,下载文档/更新包 3MB,,T1204.002,,,28854,,,
H001824,2026-07-19 10:57:35,email_open,阅读邮件（内部往来 1）,,,,oa.company.cn,,,,
H000438,2026-07-19 11:02:04,login,登录办公终端,,T1078,,,,,,
H001547,2026-07-19 11:03:53,web_visit,访问内部 OA/知识库,,T1071,,docs.company.cn,,,,
H008931,2026-07-19 11:07:46,email_open,阅读邮件（内部往来 2）,,,,kb.company.cn,,,,
H004058,2026-07-19 11:17:25,web_visit,访问内部 OA/知识库,,T1071,,docs.company.cn,,,,
H000559,2026-07-19 11:17:29,failed_login,密码错误自动重试,,T1110.001,,,,,,
H001824,2026-07-19 11:20:19,failed_login,密码错误自动重试,,T1110.001,,,,,,
H008164,2026-07-19 11:21:36,login,登录办公终端,,T1078,,,,,,
H004564,2026-07-19 11:23:33,email_open,阅读邮件（内部往来 1）,,,,mail.company.cn,,,,
H002907,2026-07-19 11:23:34,failed_login,密码错误自动重试,,T1110.001,,,,,,
H001547,2026-07-19 11:23:48,email_open,阅读邮件（内部往来 1）,,,,docs.company.cn,,,,
H003973,2026-07-19 11:24:45,dns_query,域名解析,,T1071.001,,qq.com,,,,
H008154,2026-07-19 11:26:43,email_open,阅读邮件（内部往来 1）,,,,docs.company.cn,,,,
H006473,2026-07-19 11:27:19,email_open,阅读邮件（内部往来 1）,,,,wiki.company.cn,,,,
H000438,2026-07-19 11:43:30,dns_query,域名解析,,T1071.001,,github.com,,,,
H007030,2026-07-19 11:44:28,web_visit,访问内部 OA/知识库,,T1071,,mail.company.cn,,,,
H002907,2026-07-19 11:44:36,email_open,阅读邮件（内部往来 1）,,,,kb.company.cn,,,,
H009903,2026-07-19 11:48:43,dns_query,域名解析,,T1071.001,,jd.com,,,,
H000559,2026-07-19 11:52:59,email_open,阅读邮件（内部往来 1）,,,,npm.company.cn,,,,
H006896,2026-07-19 11:53:06,download,下载文档/更新包 13MB,,T1204.002,,,23146,,,
H006049,2026-07-19 11:54:57,web_visit,访问内部 OA/知识库,,T1071,,docs.company.cn,,,,
H007458,2026-07-19 11:55:45,email_open,阅读邮件（内部往来 1）,,,,kb.company.cn,,,,
H002479,2026-07-19 11:56:08,web_visit,访问内部 OA/知识库,,T1071,,mail.company.cn,,,,
H007512,2026-07-19 11:56:12,email_open,阅读邮件（内部往来 1）,,,,npm.company.cn,,,,
H003910,2026-07-19 11:58:25,dns_query,域名解析,,T1071.001,,jd.com,,,,
H004902,2026-07-19 11:59:16,login,登录办公终端,,T1078,,,,,,
H004080,2026-07-19 12:02:27,email_open,阅读邮件（内部往来 2）,,,,kb.company.cn,,,,
H004775,2026-07-19 12:05:52,failed_login,密码错误自动重试,,T1110.001,,,,,,
H006566,2026-07-19 12:07:06,login,登录办公终端,,T1078,,,,,,
H004058,2026-07-19 12:07:17,dns_query,域名解析,,T1071.001,,github.com,,,,
H001402,2026-07-19 12:11:10,email_open,阅读邮件（内部往来 2）,,,,kb.company.cn,,,,
H004080,2026-07-19 12:11:30,email_open,阅读邮件（内部往来 1）,,,,mail.company.cn,,,,
H008931,2026-07-19 12:13:31,upload,上传附件 11MB,,T1567,,docs.company.cn,9078,,,
H009691,2026-07-19 12:15:19,login,登录办公终端,,T1078,,,,东莞市,,
H006750,2026-07-19 12:16:58,web_visit,访问内部 OA/知识库,,T1071,,docs.company.cn,,,,
H003910,2026-07-19 12:26:58,email_open,阅读邮件（内部往来 3）,,,,oa.company.cn,,,,
H000987,2026-07-19 12:30:47,email_open,阅读邮件（内部往来 1）,,,,wiki.company.cn,,,,
H000987,2026-07-19 12:34:46,dns_query,域名解析,,T1071.001,,npm.company.cn,,,,
H000805,2026-07-19 12:37:58,email_open,阅读邮件（内部往来 1）,,,,oa.company.cn,,,,
H006113,2026-07-19 12:38:13,download,下载文档/更新包 37MB,,T1204.002,,,25137,,,
H006750,2026-07-19 12:42:36,failed_login,密码错误自动重试,,T1110.001,,,,,,
H006113,2026-07-19 12:50:05,upload,上传附件 1MB,,T1567,,docs.company.cn,8203,,,
H008057,2026-07-19 12:50:53,login,登录办公终端,,T1078,,,,,,
H004080,2026-07-19 12:56:13,email_open,阅读邮件（内部往来 3）,,,,oa.company.cn,,,,
H008057,2026-07-19 12:59:48,download,下载文档/更新包 28MB,,T1204.002,,,20871,,,
H008057,2026-07-19 13:02:20,failed_login,密码错误自动重试,,T1110.001,,,,,,
H001721,2026-07-19 13:03:42,email_open,阅读邮件（内部往来 1）,,,,kb.company.cn,,,,
H007030,2026-07-19 13:04:09,login,登录办公终端,,T1078,,,,西安市,,
H006473,2026-07-19 13:05:13,web_visit,访问内部 OA/知识库,,T1071,,mail.company.cn,,,,
H003910,2026-07-19 13:23:16,login,登录办公终端,,T1078,,,,,,
H001402,2026-07-19 13:30:09,failed_login,密码错误自动重试,,T1110.001,,,,,,
H004956,2026-07-19 13:46:34,download,下载文档/更新包 3MB,,T1204.002,,,1470,,,
H008931,2026-07-19 14:08:57,dns_query,域名解析,,T1071.001,,wiki.company.cn,,,,
H008931,2026-07-19 14:21:38,web_visit,访问内部 OA/知识库,,T1071,,npm.company.cn,,,,
H009903,2026-07-19 14:24:43,email_open,阅读邮件（内部往来 1）,,,,kb.company.cn,,,,
H007458,2026-07-19 14:32:31,dns_query,域名解析,,T1071.001,,weibo.com,,,,
H004394,2026-07-19 14:33:38,dns_query,域名解析,,T1071.001,,qq.com,,,,
H005988,2026-07-19 14:34:45,login,登录办公终端,,T1078,,,,,,
H003910,2026-07-19 14:37:36,download,下载文档/更新包 27MB,,T1204.002,,,8449,,,
H001547,2026-07-19 14:41:23,failed_login,密码错误自动重试,,T1110.001,,,,,,
H002907,2026-07-19 14:43:33,download,下载文档/更新包 27MB,,T1204.002,,,30909,,,
H001419,2026-07-19 14:47:46,web_visit,访问内部 OA/知识库,,T1071,,kb.company.cn,,,,
H008931,2026-07-19 14:54:40,login,登录办公终端,,T1078,,,,,,
H000559,2026-07-19 14:58:07,email_open,阅读邮件（内部往来 2）,,,,wiki.company.cn,,,,
H004146,2026-07-19 15:01:33,login,登录办公终端,,T1078,,,,,,
H006049,2026-07-19 15:04:27,web_visit,访问内部 OA/知识库,,T1071,,docs.company.cn,,,,
H004146,2026-07-19 15:10:04,email_open,阅读邮件（内部往来 2）,,,,wiki.company.cn,,,,
H002907,2026-07-19 15:10:19,failed_login,密码错误自动重试,,T1110.001,,,,,,
H004564,2026-07-19 15:12:42,login,登录办公终端,,T1078,,,,,,
H006896,2026-07-19 15:18:08,login,登录办公终端,,T1078,,,,,,
H009691,2026-07-19 15:19:17,upload,上传附件 3MB,,T1567,,docs.company.cn,11747,,,
H001419,2026-07-19 15:25:22,email_open,阅读邮件（内部往来 2）,,,,wiki.company.cn,,,,
H006566,2026-07-19 15:25:45,failed_login,密码错误自动重试,,T1110.001,,,,,,
H001819,2026-07-19 15:26:30,dns_query,解析来源不明域名（已拦截）,,T1071.001,,update-cdn-svc.cn,,,,
H007030,2026-07-19 15:26:31,failed_login,密码错误自动重试,,T1110.001,,,,,,
H004724,2026-07-19 15:40:16,login,登录办公终端,,T1078,,,,,,
H004360,2026-07-19 15:43:19,web_visit,访问内部 OA/知识库,,T1071,,docs.company.cn,,,,
H001986,2026-07-19 15:44:14,web_visit,访问内部 OA/知识库,,T1071,,docs.company.cn,,,,
H004775,2026-07-19 15:45:44,email_open,阅读邮件（内部往来 4）,,,,docs.company.cn,,,,
H001177,2026-07-19 15:47:46,failed_login,密码错误自动重试,,T1110.001,,,,,,
H009170,2026-07-19 15:50:57,dns_query,域名解析,,T1071.001,,npm.company.cn,,,,
H002223,2026-07-19 15:53:13,dns_query,域名解析,,T1071.001,,npm.company.cn,,,,
H001721,2026-07-19 15:59:08,login,登录办公终端,,T1078,,,,,,
H005767,2026-07-19 15:59:56,web_visit,访问内部 OA/知识库,,T1071,,wiki.company.cn,,,,
H004775,2026-07-19 16:00:40,web_visit,访问内部 OA/知识库,,T1071,,npm.company.cn,,,,
H005614,2026-07-19 16:02:19,failed_login,密码错误自动重试,,T1110.001,,,,,,
H004360,2026-07-19 16:05:40,login,登录办公终端,,T1078,,,,苏州市,,
H000805,2026-07-19 16:06:45,login,登录办公终端,,T1078,,,,,,
H001668,2026-07-19 16:06:57,login,登录办公终端,,T1078,,,,,,
H008981,2026-07-19 16:07:00,web_visit,访问内部 OA/知识库,,T1071,,npm.company.cn,,,,
H008931,2026-07-19 16:09:22,dns_query,HTTPS 隧道心跳（伪装正常访问）,persist,T1071.001,evasive,cdn-verify-svc.net,,,,
H008931,2026-07-19 16:11:05,failed_login,密码错误自动重试,,T1110.001,,,,,,
H001819,2026-07-19 16:14:56,persist_create,注册软件更新计划任务,,T1053.005,,,,,,
H006113,2026-07-19 16:15:18,failed_login,密码错误自动重试,,T1110.001,,,,,,
H006566,2026-07-19 16:16:53,email_open,阅读邮件（内部往来 1）,,,,oa.company.cn,,,,
H003752,2026-07-19 16:17:24,email_open,阅读邮件（内部往来 2）,,,,oa.company.cn,,,,
H006750,2026-07-19 16:17:28,email_open,阅读邮件（内部往来 1）,,,,mail.company.cn,,,,
H005614,2026-07-19 16:18:30,dns_query,域名解析,,T1071.001,,baidu.com,,,,
H001177,2026-07-19 16:21:43,dns_query,域名解析,,T1071.001,,github.com,,,,
H008057,2026-07-19 16:22:16,email_open,阅读邮件（内部往来 1）,,,,mail.company.cn,,,,
H001269,2026-07-19 16:26:50,dns_query,域名解析,,T1071.001,,mail.company.cn,,,,
H000805,2026-07-19 16:28:19,web_visit,访问内部 OA/知识库,,T1071,,oa.company.cn,,,,
H005988,2026-07-19 16:29:21,web_visit,访问内部 OA/知识库,,T1071,,oa.company.cn,,,,
H008981,2026-07-19 16:31:47,email_open,阅读邮件（内部往来 1）,,,,mail.company.cn,,,,
H007500,2026-07-19 16:31:48,dns_query,域名解析,,T1071.001,,taobao.com,,,,
H006113,2026-07-19 16:34:23,email_open,阅读邮件（内部往来 1）,,,,npm.company.cn,,,,
H001721,2026-07-19 16:35:52,email_open,阅读邮件（内部往来 2）,,,,docs.company.cn,,,,
H007500,2026-07-19 16:37:07,web_visit,访问内部 OA/知识库,,T1071,,oa.company.cn,,,,
H006049,2026-07-19 16:38:30,email_open,阅读邮件（内部往来 1）,,,,npm.company.cn,,,,
H008154,2026-07-19 16:40:50,dns_query,域名解析,,T1071.001,,baidu.com,,,,
H007458,2026-07-19 16:42:45,web_visit,访问内部 OA/知识库,,T1071,,npm.company.cn,,,,
H008164,2026-07-19 16:44:42,email_open,阅读邮件（内部往来 2）,,,,kb.company.cn,,,,
H004953,2026-07-19 16:47:39,email_open,阅读邮件（内部往来 1）,,,,oa.company.cn,,,,
H009979,2026-07-19 16:48:25,web_visit,访问内部 OA/知识库,,T1071,,npm.company.cn,,,,
H003973,2026-07-19 16:56:25,email_open,阅读邮件（内部往来 1）,,,,oa.company.cn,,,,
H001419,2026-07-19 16:56:39,smb_connect,访问文件服务器共享目录,,T1021.002,,,,,,FILE-SRV01
H004058,2026-07-19 17:00:31,email_open,阅读邮件（内部往来 1）,,,,docs.company.cn,,,,
H004058,2026-07-19 17:01:21,login,登录办公终端,,T1078,,,,,,
H004394,2026-07-19 17:02:55,login,登录办公终端,,T1078,,,,,,
H005767,2026-07-19 17:04:18,login,登录办公终端,,T1078,,,,,,
H001402,2026-07-19 17:05:08,login,登录办公终端,,T1078,,,,,,
H004146,2026-07-19 17:08:17,email_open,阅读邮件（内部往来 1）,,,,kb.company.cn,,,,
H000117,2026-07-19 17:09:57,web_visit,访问内部 OA/知识库,,T1071,,wiki.company.cn,,,,
H002907,2026-07-19 17:11:27,email_open,阅读邮件（内部往来 2）,,,,oa.company.cn,,,,
H001402,2026-07-19 17:14:45,email_open,阅读邮件（内部往来 1）,,,,wiki.company.cn,,,,
H004360,2026-07-19 17:18:19,dns_query,域名解析,,T1071.001,,npm.company.cn,,,,
H001269,2026-07-19 17:19:24,email_open,阅读邮件（内部往来 1）,,,,kb.company.cn,,,,
H001419,2026-07-19 17:20:50,dns_query,域名解析,,T1071.001,,docs.company.cn,,,,
H009691,2026-07-19 17:21:10,email_open,阅读邮件（内部往来 1）,,,,docs.company.cn,,,,
H009903,2026-07-19 17:24:17,web_visit,访问内部 OA/知识库,,T1071,,mail.company.cn,,,,
H006113,2026-07-19 17:26:04,web_visit,访问内部 OA/知识库,,T1071,,kb.company.cn,,,,
H001547,2026-07-19 17:27:26,email_open,阅读邮件（内部往来 3）,,,,mail.company.cn,,,,
H003910,2026-07-19 17:29:15,email_open,阅读邮件（内部往来 1）,,,,kb.company.cn,,,,
H005600,2026-07-19 17:29:59,failed_login,密码错误自动重试,,T1110.001,,,,,,
H004775,2026-07-19 17:31:32,failed_login,密码错误自动重试,,T1110.001,,,,,,
H000117,2026-07-19 17:32:59,login,登录办公终端,,T1078,,,,,,
H002894,2026-07-19 17:34:06,failed_login,密码错误自动重试,,T1110.001,,,,,,
H001668,2026-07-19 17:38:38,dns_query,域名解析,,T1071.001,,docs.company.cn,,,,
H001419,2026-07-19 17:38:41,failed_login,密码错误自动重试,,T1110.001,,,,,,
H009698,2026-07-19 17:39:35,download,下载文档/更新包 39MB,,T1204.002,,,19471,,,
H004564,2026-07-19 17:41:31,dns_query,域名解析,,T1071.001,,github.com,,,,
H005614,2026-07-19 17:42:03,email_open,阅读邮件（内部往来 1）,,,,kb.company.cn,,,,
H001269,2026-07-19 17:44:07,login,登录办公终端,,T1078,,,,,,
H004360,2026-07-19 17:45:18,failed_login,密码错误自动重试,,T1110.001,,,,,,
H006750,2026-07-19 17:45:45,login,登录办公终端,,T1078,,,,,,
H003752,2026-07-19 17:48:42,failed_login,密码错误自动重试,,T1110.001,,,,,,
H000438,2026-07-19 17:49:34,web_visit,访问内部 OA/知识库,,T1071,,wiki.company.cn,,,,
H004080,2026-07-19 17:50:39,dns_query,域名解析,,T1071.001,,bilibili.com,,,,
H004080,2026-07-19 17:52:00,web_visit,访问内部 OA/知识库,,T1071,,kb.company.cn,,,,
H002894,2026-07-19 17:54:03,email_open,阅读邮件（内部往来 1）,,,,docs.company.cn,,,,
H004775,2026-07-19 17:54:29,email_open,阅读邮件（内部往来 2）,,,,kb.company.cn,,,,
H001824,2026-07-19 17:55:47,web_visit,访问内部 OA/知识库,,T1071,,oa.company.cn,,,,
H006896,2026-07-19 17:56:49,email_open,阅读邮件（内部往来 1）,,,,npm.company.cn,,,,
H002907,2026-07-19 17:57:04,login,登录办公终端,,T1078,,,,,,
H001402,2026-07-19 17:59:14,failed_login,密码错误自动重试,,T1110.001,,,,,,
H008164,2026-07-19 17:59:40,email_open,阅读邮件（内部往来 3）,,,,wiki.company.cn,,,,
H002223,2026-07-19 18:00:38,login,登录办公终端,,T1078,,,,苏州市,,
H006750,2026-07-19 18:01:31,email_open,阅读邮件（内部往来 2）,,,,docs.company.cn,,,,
H003910,2026-07-19 18:04:24,email_open,阅读邮件（内部往来 2）,,,,kb.company.cn,,,,
H004956,2026-07-19 18:06:50,web_visit,访问内部 OA/知识库,,T1071,,kb.company.cn,,,,
H008164,2026-07-19 18:11:07,web_visit,访问内部 OA/知识库,,T1071,,kb.company.cn,,,,
H004775,2026-07-19 18:12:43,login,登录办公终端,,T1078,,,,,,
H002894,2026-07-19 18:12:53,web_visit,访问内部 OA/知识库,,T1071,,mail.company.cn,,,,
H006750,2026-07-19 18:13:27,download,下载文档/更新包 23MB,,T1204.002,,,19630,,,
H003973,2026-07-19 18:18:08,login,登录办公终端,,T1078,,,,,,
H008931,2026-07-19 18:19:26,email_open,阅读邮件（内部往来 1）,,,,npm.company.cn,,,,
H009170,2026-07-19 18:20:18,login,登录办公终端,,T1078,,,,,,
H000117,2026-07-19 18:31:22,email_open,阅读邮件（内部往来 2）,,,,kb.company.cn,,,,
H001986,2026-07-19 18:32:51,download,下载文档/更新包 5MB,,T1204.002,,,26959,,,
H000438,2026-07-19 18:35:45,email_open,阅读邮件（内部往来 1）,,,,docs.company.cn,,,,
H000559,2026-07-19 18:36:59,dns_query,域名解析,,T1071.001,,docs.company.cn,,,,
H007512,2026-07-19 18:37:42,login,登录办公终端,,T1078,,,,,,
H006311,2026-07-19 18:37:47,dns_query,域名解析,,T1071.001,,weibo.com,,,,
H001824,2026-07-19 18:37:51,failed_login,密码错误自动重试,,T1110.001,,,,,,
H002894,2026-07-19 18:41:18,login,登录办公终端,,T1078,,,,,,
H002223,2026-07-19 18:42:17,web_visit,访问内部 OA/知识库,,T1071,,kb.company.cn,,,,
H001547,2026-07-19 18:46:22,email_open,阅读邮件（内部往来 2）,,,,mail.company.cn,,,,
H007030,2026-07-19 18:48:34,failed_login,密码错误自动重试,,T1110.001,,,,,,
H001824,2026-07-19 18:49:03,login,登录办公终端,,T1078,,,,,,
H006473,2026-07-19 18:49:11,email_open,阅读邮件（内部往来 2）,,,,oa.company.cn,,,,
H004724,2026-07-19 18:49:16,web_visit,访问内部 OA/知识库,,T1071,,kb.company.cn,,,,
H002907,2026-07-19 18:49:40,email_open,阅读邮件（内部往来 3）,,,,docs.company.cn,,,,
H004775,2026-07-19 18:49:44,email_open,阅读邮件（内部往来 1）,,,,mail.company.cn,,,,
H004362,2026-07-19 18:52:50,login,登录办公终端,,T1078,,,,,,
H004956,2026-07-19 18:53:54,failed_login,密码错误自动重试,,T1110.001,,,,,,
H002894,2026-07-19 19:01:58,dns_query,域名解析,,T1071.001,,mail.company.cn,,,,
H004146,2026-07-19 19:02:12,failed_login,密码错误自动重试,,T1110.001,,,,,,
H008057,2026-07-19 19:04:26,dns_query,域名解析,,T1071.001,,npm.company.cn,,,,
H000117,2026-07-19 19:10:03,web_visit,访问内部 OA/知识库,,T1071,,npm.company.cn,,,,
H004902,2026-07-19 19:20:13,email_open,阅读邮件（内部往来 1）,,,,mail.company.cn,,,,
H008164,2026-07-19 19:20:37,web_visit,访问内部 OA/知识库,,T1071,,npm.company.cn,,,,
H007512,2026-07-19 19:27:27,email_open,阅读邮件（内部往来 2）,,,,kb.company.cn,,,,
H002479,2026-07-19 19:27:35,email_open,阅读邮件（内部往来 1）,,,,npm.company.cn,,,,
H002894,2026-07-19 19:27:45,email_open,阅读邮件（内部往来 2）,,,,wiki.company.cn,,,,
H002479,2026-07-19 19:28:02,login,登录办公终端,,T1078,,,,天津市,,
H001547,2026-07-19 19:28:52,login,登录办公终端,,T1078,,,,南京市,,
H008164,2026-07-19 19:35:38,email_open,阅读邮件（内部往来 1）,,,,npm.company.cn,,,,
H007512,2026-07-19 19:40:14,web_visit,访问内部 OA/知识库,,T1071,,wiki.company.cn,,,,
H008154,2026-07-19 19:41:36,download,下载文档/更新包 22MB,,T1204.002,,,1796,,,
H004775,2026-07-19 19:50:22,download,下载文档/更新包 45MB,,T1204.002,,,41525,,,
H006311,2026-07-19 19:54:22,login,登录办公终端,,T1078,,,,,,
H009903,2026-07-19 19:58:07,web_visit,访问内部 OA/知识库,,T1071,,npm.company.cn,,,,
H000117,2026-07-19 20:02:46,download,下载文档/更新包 13MB,,T1204.002,,,25962,,,
H009691,2026-07-19 20:14:17,web_visit,访问内部 OA/知识库,,T1071,,kb.company.cn,,,,
H005600,2026-07-19 20:33:28,login,登录办公终端,,T1078,,,,,,
H000438,2026-07-19 20:42:38,download,下载文档/更新包 9MB,,T1204.002,,,30788,,,
H004956,2026-07-19 21:36:47,login,登录办公终端,,T1078,,,,,,
H001986,2026-07-19 21:59:25,dns_query,域名解析,,T1071.001,,wiki.company.cn,,,,
H004058,2026-07-19 22:00:24,failed_login,密码错误自动重试,,T1110.001,,,,,,
H005614,2026-07-19 22:00:55,upload,外传数据 75MB（疑似误用）,,T1567,,yunpan-free.net,76800,,,
H005614,2026-07-19 22:07:55,upload,外传数据 79MB（疑似误用）,,T1567,,box-share.cc,80896,,,
H005614,2026-07-19 22:10:55,upload,外传数据 59MB（疑似误用）,,T1567,,yunpan-free.net,60416,,,
H004775,2026-07-19 23:00:58,failed_login,密码错误自动重试,,T1110.001,,,,,,
H009982,2026-07-20 02:12:35,dns_query,域名解析,,T1071.001,,bilibili.com,,,,
H007458,2026-07-20 05:55:05,failed_login,密码错误自动重试,,T1110.001,,,,,,
H008871,2026-07-20 07:00:18,web_visit,访问内部 OA/知识库,,T1071,,kb.company.cn,,,,
H000438,2026-07-20 07:14:20,email_open,阅读邮件（内部往来 2）,,,,mail.company.cn,,,,
H004724,2026-07-20 07:23:49,login,登录办公终端,,T1078,,,,,,
H000117,2026-07-20 07:39:16,email_open,阅读邮件（内部往来 1）,,,,mail.company.cn,,,,
H004724,2026-07-20 07:44:45,email_open,阅读邮件（内部往来 3）,,,,wiki.company.cn,,,,
H007458,2026-07-20 07:49:06,web_visit,访问内部 OA/知识库,,T1071,,npm.company.cn,,,,
H001235,2026-07-20 07:56:12,email_open,阅读邮件（内部往来 2）,,,,oa.company.cn,,,,
H008871,2026-07-20 07:56:43,login,登录办公终端,,T1078,,,,南京市,,
H000527,2026-07-20 08:07:10,upload,上传附件 4MB,,T1567,,docs.company.cn,14603,,,
H002223,2026-07-20 08:16:02,login,登录办公终端,,T1078,,,,苏州市,,
H006738,2026-07-20 08:16:32,failed_login,密码错误自动重试,,T1110.001,,,,,,
H004058,2026-07-20 08:18:24,failed_login,密码错误自动重试,,T1110.001,,,,,,
H002540,2026-07-20 08:36:27,web_visit,访问内部 OA/知识库,,T1071,,oa.company.cn,,,,
H001235,2026-07-20 08:38:15,failed_login,密码错误自动重试,,T1110.001,,,,,,
H004902,2026-07-20 08:39:55,login,登录办公终端,,T1078,,,,,,
H006738,2026-07-20 08:44:51,dns_query,域名解析,,T1071.001,,wiki.company.cn,,,,
H005151,2026-07-20 08:48:03,email_open,阅读邮件（内部往来 1）,,,,kb.company.cn,,,,
H000527,2026-07-20 08:48:19,failed_login,密码错误自动重试,,T1110.001,,,,,,
H008981,2026-07-20 08:52:54,download,下载文档/更新包 16MB,,T1204.002,,,36339,,,
H002223,2026-07-20 08:53:45,email_open,阅读邮件（内部往来 1）,,,,mail.company.cn,,,,
H009698,2026-07-20 08:55:19,download,下载文档/更新包 15MB,,T1204.002,,,28698,,,
H008981,2026-07-20 08:55:26,dns_query,域名解析,,T1071.001,,docs.company.cn,,,,
H006566,2026-07-20 08:55:56,web_visit,访问内部 OA/知识库,,T1071,,kb.company.cn,,,,
H004564,2026-07-20 09:05:36,email_open,阅读邮件（内部往来 1）,,,,npm.company.cn,,,,
H001547,2026-07-20 09:06:54,download,下载文档/更新包 3MB,,T1204.002,,,24142,,,
H004950,2026-07-20 09:09:46,email_open,阅读邮件（内部往来 1）,,,,mail.company.cn,,,,
H007458,2026-07-20 09:10:31,email_open,阅读邮件（内部往来 1）,,,,npm.company.cn,,,,
H008154,2026-07-20 09:10:53,login,登录办公终端,,T1078,,,,,,
H000466,2026-07-20 09:12:14,web_visit,访问内部 OA/知识库,,T1071,,oa.company.cn,,,,
H001269,2026-07-20 09:13:01,failed_login,密码错误自动重试,,T1110.001,,,,,,
H003043,2026-07-20 09:26:13,web_visit,访问内部 OA/知识库,,T1071,,kb.company.cn,,,,
H006896,2026-07-20 09:27:47,download,下载文档/更新包 38MB,,T1204.002,,,25727,,,
H000466,2026-07-20 09:28:33,email_open,阅读邮件（内部往来 1）,,,,oa.company.cn,,,,
H008931,2026-07-20 09:30:35,email_open,阅读邮件（内部往来 1）,,,,wiki.company.cn,,,,
H008164,2026-07-20 09:36:21,dns_query,域名解析,,T1071.001,,weibo.com,,,,
H000438,2026-07-20 09:38:34,email_open,阅读邮件（内部往来 1）,,,,mail.company.cn,,,,
H008164,2026-07-20 09:40:00,upload,上传附件 4MB,,T1567,,docs.company.cn,1394,,,
H009500,2026-07-20 09:41:04,web_visit,访问内部 OA/知识库,,T1071,,kb.company.cn,,,,
H001668,2026-07-20 09:43:21,login,登录办公终端,,T1078,,,,,,
H000466,2026-07-20 09:44:02,failed_login,密码错误自动重试,,T1110.001,,,,,,
H008164,2026-07-20 09:48:40,web_visit,访问内部 OA/知识库,,T1071,,wiki.company.cn,,,,
H007458,2026-07-20 09:50:00,login,登录办公终端,,T1078,,,,,,
H000987,2026-07-20 09:50:32,email_open,阅读邮件（内部往来 1）,,,,wiki.company.cn,,,,
H009979,2026-07-20 09:50:55,failed_login,密码错误自动重试,,T1110.001,,,,,,
H004902,2026-07-20 09:52:49,email_open,阅读邮件（内部往来 1）,,,,oa.company.cn,,,,
H001235,2026-07-20 09:54:19,download,下载文档/更新包 34MB,,T1204.002,,,41673,,,
H001269,2026-07-20 09:54:34,download,下载文档/更新包 27MB,,T1204.002,,,43520,,,
H005988,2026-07-20 09:54:57,login,登录办公终端,,T1078,,,,,,
H002540,2026-07-20 09:55:19,login,登录办公终端,,T1078,,,,,,
H002907,2026-07-20 09:59:50,download,下载文档/更新包 8MB,,T1204.002,,,13035,,,
H002479,2026-07-20 10:02:06,login,登录办公终端,,T1078,,,,天津市,,
H000438,2026-07-20 10:03:33,login,登录办公终端,,T1078,,,,,,
H008154,2026-07-20 10:03:44,email_open,阅读邮件（内部往来 1）,,,,wiki.company.cn,,,,
H008164,2026-07-20 10:04:15,login,登录办公终端,,T1078,,,,,,
H008154,2026-07-20 10:05:03,email_open,阅读邮件（内部往来 3）,,,,oa.company.cn,,,,
H002479,2026-07-20 10:08:19,web_visit,访问内部 OA/知识库,,T1071,,wiki.company.cn,,,,
H001177,2026-07-20 10:08:53,failed_login,密码错误自动重试,,T1110.001,,,,,,
H003416,2026-07-20 10:22:25,web_visit,访问内部 OA/知识库,,T1071,,mail.company.cn,,,,
H009979,2026-07-20 10:22:48,login,登录办公终端,,T1078,,,,,,
H009500,2026-07-20 10:23:40,failed_login,密码错误自动重试,,T1110.001,,,,,,
H004724,2026-07-20 10:23:59,web_visit,访问内部 OA/知识库,,T1071,,mail.company.cn,,,,
H007500,2026-07-20 10:24:13,web_visit,访问内部 OA/知识库,,T1071,,wiki.company.cn,,,,
H005767,2026-07-20 10:25:28,dns_query,域名解析,,T1071.001,,docs.company.cn,,,,
H000527,2026-07-20 10:26:40,web_visit,访问内部 OA/知识库,,T1071,,kb.company.cn,,,,
H004058,2026-07-20 10:26:53,web_visit,访问内部 OA/知识库,,T1071,,wiki.company.cn,,,,
H009982,2026-07-20 10:32:44,email_open,阅读邮件（内部往来 1）,,,,kb.company.cn,,,,
H001668,2026-07-20 10:33:55,email_open,阅读邮件（内部往来 1）,,,,npm.company.cn,,,,
H000987,2026-07-20 10:35:27,login,登录办公终端,,T1078,,,,天津市,,
H001177,2026-07-20 10:37:21,login,登录办公终端,,T1078,,,,,,
H004775,2026-07-20 10:43:03,download,下载文档/更新包 42MB,,T1204.002,,,7016,,,
H006566,2026-07-20 10:44:38,login,登录办公终端,,T1078,,,,,,
H005614,2026-07-20 10:45:47,login,登录办公终端,,T1078,,,,西安市,,
H008154,2026-07-20 10:46:02,download,下载文档/更新包 34MB,,T1204.002,,,37322,,,
H002479,2026-07-20 10:48:51,failed_login,密码错误自动重试,,T1110.001,,,,,,
H001177,2026-07-20 10:51:22,dns_query,域名解析,,T1071.001,,github.com,,,,
H004950,2026-07-20 10:55:34,login,登录办公终端,,T1078,,,,,,
H002844,2026-07-20 11:00:08,email_open,阅读邮件（内部往来 1）,,,,oa.company.cn,,,,
H009979,2026-07-20 11:03:15,upload,上传附件 1MB,,T1567,,docs.company.cn,7215,,,
H004724,2026-07-20 11:18:27,email_open,阅读邮件（内部往来 1）,,,,mail.company.cn,,,,
H009979,2026-07-20 11:18:33,web_visit,访问内部 OA/知识库,,T1071,,mail.company.cn,,,,
H001419,2026-07-20 11:19:42,dns_query,域名解析,,T1071.001,,taobao.com,,,,
H004902,2026-07-20 11:21:21,email_open,阅读邮件（内部往来 2）,,,,kb.company.cn,,,,
H009500,2026-07-20 11:24:01,web_visit,访问内部 OA/知识库,,T1071,,oa.company.cn,,,,
H009170,2026-07-20 11:25:58,privesc,安装办公软件（UAC 授权通过）,,T1543.003,,,,,,
H003533,2026-07-20 11:26:55,login,登录办公终端,,T1078,,,,武汉市,,
H000763,2026-07-20 11:31:00,upload,上传附件 1MB,,T1567,,docs.company.cn,7627,,,
H004080,2026-07-20 11:33:08,dns_query,域名解析,,T1071.001,,zhihu.com,,,,
H004950,2026-07-20 11:36:06,web_visit,访问内部 OA/知识库,,T1071,,npm.company.cn,,,,
H005767,2026-07-20 11:37:51,login,登录办公终端,,T1078,,,,,,
H004724,2026-07-20 11:40:35,web_visit,访问内部 OA/知识库,,T1071,,npm.company.cn,,,,
H006049,2026-07-20 11:44:03,failed_login,密码错误自动重试,,T1110.001,,,,,,
H001177,2026-07-20 11:44:34,web_visit,访问内部 OA/知识库,,T1071,,mail.company.cn,,,,
H004080,2026-07-20 11:44:56,email_open,阅读邮件（内部往来 1）,,,,wiki.company.cn,,,,
H004080,2026-07-20 11:48:39,email_open,阅读邮件（内部往来 2）,,,,kb.company.cn,,,,
H004775,2026-07-20 11:50:14,email_open,阅读邮件（内部往来 1）,,,,mail.company.cn,,,,
H008871,2026-07-20 12:00:04,web_visit,访问内部 OA/知识库,,T1071,,wiki.company.cn,,,,
H005767,2026-07-20 12:02:32,failed_login,密码错误自动重试,,T1110.001,,,,,,
H006896,2026-07-20 12:03:36,web_visit,访问内部 OA/知识库,,T1071,,mail.company.cn,,,,
H006373,2026-07-20 12:06:00,email_open,阅读邮件（内部往来 1）,,,,wiki.company.cn,,,,
H002844,2026-07-20 12:09:30,login,登录办公终端,,T1078,,,,苏州市,,
H004564,2026-07-20 12:10:11,login,登录办公终端,,T1078,,,,,,
H006373,2026-07-20 12:12:58,email_open,阅读邮件（内部往来 2）,,,,docs.company.cn,,,,
H004775,2026-07-20 12:13:43,login,登录办公终端,,T1078,,,,,,
H002907,2026-07-20 12:15:41,upload,上传附件 8MB,,T1567,,docs.company.cn,5421,,,
H001668,2026-07-20 12:16:20,web_visit,访问内部 OA/知识库,,T1071,,docs.company.cn,,,,
H002223,2026-07-20 12:16:27,email_open,阅读邮件（内部往来 2）,,,,mail.company.cn,,,,
H006738,2026-07-20 12:18:24,download,下载文档/更新包 11MB,,T1204.002,,,6623,,,
H004717,2026-07-20 12:34:54,email_open,阅读邮件（内部往来 1）,,,,docs.company.cn,,,,
H004763,2026-07-20 12:37:42,login,登录办公终端,,T1078,,,,,,
H008981,2026-07-20 12:38:33,web_visit,访问内部 OA/知识库,,T1071,,docs.company.cn,,,,
H001269,2026-07-20 12:39:04,email_open,阅读邮件（内部往来 1）,,,,kb.company.cn,,,,
H007500,2026-07-20 12:40:06,login,登录办公终端,,T1078,,,,,,
H006311,2026-07-20 12:46:47,email_open,阅读邮件（内部往来 1）,,,,kb.company.cn,,,,
H009982,2026-07-20 12:49:06,login,登录办公终端,,T1078,,,,东莞市,,
H003043,2026-07-20 12:52:27,login,登录办公终端,,T1078,,,,,,
H008214,2026-07-20 12:58:49,failed_login,密码错误自动重试,,T1110.001,,,,,,
H005496,2026-07-20 13:00:13,upload,外发数据 28MB（含客户名单片段）,exfil,T1567,evasive,share-doc.company.cn,28672,,,
H008931,2026-07-20 13:04:19,login,登录办公终端,,T1078,,,,,,
H004717,2026-07-20 13:07:02,web_visit,访问内部 OA/知识库,,T1071,,mail.company.cn,,,,
H007458,2026-07-20 13:13:25,email_open,阅读邮件（内部往来 2）,,,,docs.company.cn,,,,
H004724,2026-07-20 13:13:49,email_open,阅读邮件（内部往来 2）,,,,kb.company.cn,,,,
H003973,2026-07-20 13:15:52,login,登录办公终端,,T1078,,,,,,
H005496,2026-07-20 13:17:13,cleanup,清除本地外发缓存,cover,T1070.004,evasive,,,,,
H006311,2026-07-20 13:18:41,login,登录办公终端,,T1078,,,,,,
H008981,2026-07-20 13:27:06,email_open,阅读邮件（内部往来 1）,,,,kb.company.cn,,,,
H005767,2026-07-20 13:33:45,web_visit,访问内部 OA/知识库,,T1071,,mail.company.cn,,,,
H001235,2026-07-20 13:36:23,web_visit,访问内部 OA/知识库,,T1071,,npm.company.cn,,,,
H008214,2026-07-20 13:37:38,failed_login,密码错误自动重试,,T1110.001,,,,,,
H006049,2026-07-20 13:49:06,login,登录办公终端,,T1078,,,,,,
H004058,2026-07-20 13:50:45,email_open,阅读邮件（内部往来 1）,,,,npm.company.cn,,,,
H004564,2026-07-20 13:57:02,email_open,阅读邮件（内部往来 2）,,,,docs.company.cn,,,,
H002223,2026-07-20 14:01:43,web_visit,访问内部 OA/知识库,,T1071,,mail.company.cn,,,,
H009698,2026-07-20 14:07:04,login,登录办公终端,,T1078,,,,,,
H009535,2026-07-20 14:08:43,web_visit,访问内部 OA/知识库,,T1071,,npm.company.cn,,,,
H006896,2026-07-20 14:10:06,login,登录办公终端,,T1078,,,,,,
H005767,2026-07-20 14:12:49,failed_login,密码错误自动重试,,T1110.001,,,,,,
H009535,2026-07-20 14:13:01,failed_login,密码错误自动重试,,T1110.001,,,,,,
H000987,2026-07-20 14:15:19,web_visit,访问内部 OA/知识库,,T1071,,npm.company.cn,,,,
H005988,2026-07-20 14:29:34,dns_query,域名解析,,T1071.001,,github.com,,,,
H009903,2026-07-20 14:31:45,web_visit,访问内部 OA/知识库,,T1071,,docs.company.cn,,,,
H001419,2026-07-20 14:32:57,login,登录办公终端,,T1078,,,,,,
H006566,2026-07-20 14:34:19,email_open,阅读邮件（内部往来 1）,,,,wiki.company.cn,,,,
H006566,2026-07-20 14:44:08,email_open,阅读邮件（内部往来 2）,,,,kb.company.cn,,,,
H001419,2026-07-20 14:48:06,web_visit,访问内部 OA/知识库,,T1071,,mail.company.cn,,,,
H000438,2026-07-20 14:50:35,web_visit,访问内部 OA/知识库,,T1071,,kb.company.cn,,,,
H001269,2026-07-20 14:55:56,web_visit,访问内部 OA/知识库,,T1071,,mail.company.cn,,,,
H003533,2026-07-20 14:57:00,web_visit,访问内部 OA/知识库,,T1071,,npm.company.cn,,,,
H002223,2026-07-20 15:02:13,upload,上传附件 15MB,,T1567,,docs.company.cn,13915,,,
H004080,2026-07-20 15:03:44,web_visit,访问内部 OA/知识库,,T1071,,mail.company.cn,,,,
H005988,2026-07-20 15:07:56,email_open,阅读邮件（内部往来 1）,,,,docs.company.cn,,,,
H001419,2026-07-20 15:07:59,failed_login,密码错误自动重试,,T1110.001,,,,,,
H000763,2026-07-20 15:14:14,web_visit,访问内部 OA/知识库,,T1071,,docs.company.cn,,,,
H004080,2026-07-20 15:22:18,download,下载文档/更新包 9MB,,T1204.002,,,21805,,,
H006896,2026-07-20 15:27:43,email_open,阅读邮件（内部往来 1）,,,,oa.company.cn,,,,
H002907,2026-07-20 15:33:14,login,登录办公终端,,T1078,,,,,,
H004080,2026-07-20 15:33:28,email_open,阅读邮件（内部往来 3）,,,,docs.company.cn,,,,
H001235,2026-07-20 15:36:49,failed_login,密码错误自动重试,,T1110.001,,,,,,
H001177,2026-07-20 15:37:00,email_open,阅读邮件（内部往来 1）,,,,oa.company.cn,,,,
H002844,2026-07-20 15:39:13,email_open,阅读邮件（内部往来 2）,,,,kb.company.cn,,,,
H000527,2026-07-20 15:45:08,email_open,阅读邮件（内部往来 1）,,,,npm.company.cn,,,,
H002540,2026-07-20 15:51:22,email_open,阅读邮件（内部往来 1）,,,,npm.company.cn,,,,
H009698,2026-07-20 15:54:17,dns_query,域名解析,,T1071.001,,mail.company.cn,,,,
H001235,2026-07-20 16:00:56,web_visit,访问内部 OA/知识库,,T1071,,wiki.company.cn,,,,
H000438,2026-07-20 16:02:05,download,下载文档/更新包 39MB,,T1204.002,,,14578,,,
H001547,2026-07-20 16:02:49,dns_query,域名解析,,T1071.001,,baidu.com,,,,
H009500,2026-07-20 16:03:12,failed_login,密码错误自动重试,,T1110.001,,,,,,
H009982,2026-07-20 16:04:03,email_open,阅读邮件（内部往来 2）,,,,npm.company.cn,,,,
H008931,2026-07-20 16:04:21,email_open,阅读邮件（内部往来 2）,,,,npm.company.cn,,,,
H004058,2026-07-20 16:08:30,web_visit,访问内部 OA/知识库,,T1071,,wiki.company.cn,,,,
H006738,2026-07-20 16:11:53,email_open,阅读邮件（内部往来 1）,,,,kb.company.cn,,,,
H003043,2026-07-20 16:15:39,email_open,阅读邮件（内部往来 1）,,,,wiki.company.cn,,,,
H007458,2026-07-20 16:19:17,dns_query,域名解析,,T1071.001,,zhihu.com,,,,
H000117,2026-07-20 16:22:26,login,登录办公终端,,T1078,,,,,,
H008154,2026-07-20 16:23:41,dns_query,域名解析,,T1071.001,,kb.company.cn,,,,
H001235,2026-07-20 16:25:03,email_open,阅读邮件（内部往来 1）,,,,npm.company.cn,,,,
H009535,2026-07-20 16:26:19,login,登录办公终端,,T1078,,,,,,
H000987,2026-07-20 16:29:00,email_open,阅读邮件（内部往来 2）,,,,wiki.company.cn,,,,
H009691,2026-07-20 16:29:08,login,登录办公终端,,T1078,,,,东莞市,,
H002907,2026-07-20 16:29:53,failed_login,密码错误自动重试,,T1110.001,,,,,,
H009500,2026-07-20 16:30:52,login,登录办公终端,,T1078,,,,,,
H000527,2026-07-20 16:30:55,login,登录办公终端,,T1078,,,,,,
H006049,2026-07-20 16:31:45,failed_login,密码错误自动重试,,T1110.001,,,,,,
H006311,2026-07-20 16:34:51,web_visit,访问内部 OA/知识库,,T1071,,docs.company.cn,,,,
H000763,2026-07-20 16:40:18,login,登录办公终端,,T1078,,,,,,
H003043,2026-07-20 16:46:21,email_open,阅读邮件（内部往来 2）,,,,oa.company.cn,,,,
H002907,2026-07-20 16:48:21,dns_query,域名解析,,T1071.001,,weibo.com,,,,
H008164,2026-07-20 16:53:51,email_open,阅读邮件（内部往来 1）,,,,wiki.company.cn,,,,
H007500,2026-07-20 16:54:13,web_visit,访问内部 OA/知识库,,T1071,,oa.company.cn,,,,
H009691,2026-07-20 16:54:53,dns_query,域名解析,,T1071.001,,zhihu.com,,,,
H009903,2026-07-20 16:55:00,login,登录办公终端,,T1078,,,,天津市,,
H004950,2026-07-20 17:02:42,web_visit,访问内部 OA/知识库,,T1071,,wiki.company.cn,,,,
H004058,2026-07-20 17:03:33,failed_login,密码错误自动重试,,T1110.001,,,,,,
H004717,2026-07-20 17:03:37,web_visit,访问内部 OA/知识库,,T1071,,npm.company.cn,,,,
H004058,2026-07-20 17:03:38,login,登录办公终端,,T1078,,,,,,
H001235,2026-07-20 17:05:54,login,登录办公终端,,T1078,,,,,,
H004724,2026-07-20 17:06:27,email_open,阅读邮件（内部往来 4）,,,,wiki.company.cn,,,,
H003533,2026-07-20 17:13:26,web_visit,访问内部 OA/知识库,,T1071,,wiki.company.cn,,,,
H006738,2026-07-20 17:13:55,web_visit,访问内部 OA/知识库,,T1071,,mail.company.cn,,,,
H009903,2026-07-20 17:24:33,web_visit,访问内部 OA/知识库,,T1071,,npm.company.cn,,,,
H001547,2026-07-20 17:25:47,login,登录办公终端,,T1078,,,,南京市,,
H004763,2026-07-20 17:31:44,web_visit,访问内部 OA/知识库,,T1071,,kb.company.cn,,,,
H006738,2026-07-20 17:32:02,email_open,阅读邮件（内部往来 2）,,,,npm.company.cn,,,,
H006049,2026-07-20 17:32:48,failed_login,密码错误自动重试,,T1110.001,,,,,,
H004956,2026-07-20 17:33:09,email_open,阅读邮件（内部往来 1）,,,,oa.company.cn,,,,
H006738,2026-07-20 17:35:56,login,登录办公终端,,T1078,,,,,,
H002540,2026-07-20 17:44:14,download,下载文档/更新包 33MB,,T1204.002,,,2695,,,
H004763,2026-07-20 17:45:16,failed_login,密码错误自动重试,,T1110.001,,,,,,
H009535,2026-07-20 17:46:04,email_open,阅读邮件（内部往来 1）,,,,docs.company.cn,,,,
H005767,2026-07-20 17:50:49,email_open,阅读邮件（内部往来 1）,,,,oa.company.cn,,,,
H001547,2026-07-20 18:00:27,email_open,阅读邮件（内部往来 1）,,,,docs.company.cn,,,,
H009979,2026-07-20 18:04:11,web_visit,访问内部 OA/知识库,,T1071,,oa.company.cn,,,,
H009535,2026-07-20 18:08:24,web_visit,访问内部 OA/知识库,,T1071,,kb.company.cn,,,,
H009691,2026-07-20 18:09:21,email_open,阅读邮件（内部往来 1）,,,,npm.company.cn,,,,
H007500,2026-07-20 18:11:45,email_open,阅读邮件（内部往来 1）,,,,docs.company.cn,,,,
H004080,2026-07-20 18:20:46,login,登录办公终端,,T1078,,,,,,
H004956,2026-07-20 18:25:19,login,登录办公终端,,T1078,,,,,,
H009982,2026-07-20 18:27:37,failed_login,密码错误自动重试,,T1110.001,,,,,,
H004717,2026-07-20 18:31:43,login,登录办公终端,,T1078,,,,,,
H000117,2026-07-20 18:34:24,download,下载文档/更新包 30MB,,T1204.002,,,1336,,,
H001668,2026-07-20 18:37:30,failed_login,密码错误自动重试,,T1110.001,,,,,,
H001269,2026-07-20 18:42:14,login,登录办公终端,,T1078,,,,,,
H004956,2026-07-20 18:45:23,web_visit,访问内部 OA/知识库,,T1071,,docs.company.cn,,,,
H008981,2026-07-20 18:45:46,web_visit,访问内部 OA/知识库,,T1071,,npm.company.cn,,,,
H008154,2026-07-20 18:46:17,email_open,阅读邮件（内部往来 2）,,,,oa.company.cn,,,,
H000763,2026-07-20 18:46:56,download,下载文档/更新包 11MB,,T1204.002,,,24588,,,
H003043,2026-07-20 18:48:00,failed_login,密码错误自动重试,,T1110.001,,,,,,
H000763,2026-07-20 18:49:55,email_open,阅读邮件（内部往来 1）,,,,npm.company.cn,,,,
H005151,2026-07-20 18:53:01,login,登录办公终端,,T1078,,,,,,
H003752,2026-07-20 19:00:06,upload,外传数据 83MB（疑似误用）,,T1567,,box-share.cc,84992,,,
H003752,2026-07-20 19:04:06,upload,外传数据 82MB（疑似误用）,,T1567,,mail-personal.cn,83968,,,
H004564,2026-07-20 19:04:25,web_visit,访问内部 OA/知识库,,T1071,,wiki.company.cn,,,,
H009982,2026-07-20 19:04:34,web_visit,访问内部 OA/知识库,,T1071,,kb.company.cn,,,,
H003752,2026-07-20 19:06:06,upload,外传数据 57MB（疑似误用）,,T1567,,box-share.cc,58368,,,
H009691,2026-07-20 19:07:00,web_visit,访问内部 OA/知识库,,T1071,,docs.company.cn,,,,
H001269,2026-07-20 19:08:22,failed_login,密码错误自动重试,,T1110.001,,,,,,
H009500,2026-07-20 19:13:21,failed_login,密码错误自动重试,,T1110.001,,,,,,
H003973,2026-07-20 19:13:48,email_open,阅读邮件（内部往来 1）,,,,kb.company.cn,,,,
H001269,2026-07-20 19:23:21,dns_query,域名解析,,T1071.001,,taobao.com,,,,
H003752,2026-07-20 19:27:06,upload,外传数据 47MB（疑似误用）,,T1567,,yunpan-free.net,48128,,,
H003416,2026-07-20 19:30:01,login,登录办公终端,,T1078,,,,,,
H009979,2026-07-20 19:36:35,dns_query,域名解析,,T1071.001,,github.com,,,,
H006311,2026-07-20 19:39:36,web_visit,访问内部 OA/知识库,,T1071,,docs.company.cn,,,,
H004564,2026-07-20 19:43:58,download,下载文档/更新包 1MB,,T1204.002,,,19124,,,
H002907,2026-07-20 19:44:38,email_open,阅读邮件（内部往来 1）,,,,wiki.company.cn,,,,
H008981,2026-07-20 19:45:57,login,登录办公终端,,T1078,,,,,,
H006049,2026-07-20 19:58:43,web_visit,访问内部 OA/知识库,,T1071,,wiki.company.cn,,,,
H005614,2026-07-20 20:03:47,download,下载文档/更新包 27MB,,T1204.002,,,37615,,,
H006373,2026-07-20 20:13:31,login,登录办公终端,,T1078,,,,苏州市,,
H008214,2026-07-20 20:17:34,web_visit,访问内部 OA/知识库,,T1071,,kb.company.cn,,,,
H008871,2026-07-20 20:21:58,download,下载文档/更新包 39MB,,T1204.002,,,43366,,,
H003043,2026-07-20 20:22:04,email_open,阅读邮件（内部往来 3）,,,,mail.company.cn,,,,
H006373,2026-07-20 20:44:52,email_open,阅读邮件（内部往来 3）,,,,docs.company.cn,,,,
H005614,2026-07-20 20:58:28,web_visit,访问内部 OA/知识库,,T1071,,kb.company.cn,,,,
H009903,2026-07-20 21:00:25,email_open,阅读邮件（内部往来 1）,,,,docs.company.cn,,,,
H008154,2026-07-20 21:08:55,web_visit,访问内部 OA/知识库,,T1071,,kb.company.cn,,,,
H009903,2026-07-20 21:17:25,download,下载文档/更新包 2MB,,T1204.002,,,35255,,,
H000466,2026-07-20 21:28:02,login,登录办公终端,,T1078,,,,,,
H000466,2026-07-20 21:35:49,email_open,阅读邮件（内部往来 2）,,,,wiki.company.cn,,,,
H000527,2026-07-20 21:43:05,web_visit,访问内部 OA/知识库,,T1071,,mail.company.cn,,,,
H005767,2026-07-20 21:48:34,web_visit,访问内部 OA/知识库,,T1071,,npm.company.cn,,,,
H007500,2026-07-20 22:14:20,dns_query,域名解析,,T1071.001,,qq.com,,,,
H008214,2026-07-20 22:22:54,login,登录办公终端,,T1078,,,,东莞市,,
H000987,2026-07-20 22:40:42,email_open,阅读邮件（内部往来 3）,,,,docs.company.cn,,,,
H005614,2026-07-20 23:13:03,dns_query,域名解析,,T1071.001,,npm.company.cn,,,,
H006373,2026-07-20 23:14:34,web_visit,访问内部 OA/知识库,,T1071,,kb.company.cn,,,,
H008214,2026-07-20 23:24:50,failed_login,密码错误自动重试,,T1110.001,,,,,,
H002479,2026-07-20 23:50:23,web_visit,访问内部 OA/知识库,,T1071,,oa.company.cn,,,,
H000805,2026-07-21 01:02:53,web_visit,访问内部 OA/知识库,,T1071,,npm.company.cn,,,,
H006738,2026-07-21 01:03:59,failed_login,密码错误自动重试,,T1110.001,,,,,,
H004950,2026-07-21 01:41:21,email_open,阅读邮件（内部往来 1）,,,,wiki.company.cn,,,,
H007458,2026-07-21 04:00:04,failed_login,登录尝试失败（连续输错）,,T1110.001,,,,深圳市,,
H007458,2026-07-21 04:02:04,failed_login,登录尝试失败（连续输错）,,T1110.001,,,,成都市,,
H007458,2026-07-21 04:06:04,failed_login,登录尝试失败（连续输错）,,T1110.001,,,,北京市,,
H007458,2026-07-21 04:09:04,failed_login,登录尝试失败（连续输错）,,T1110.001,,,,北京市,,
H006311,2026-07-21 05:34:29,web_visit,访问内部 OA/知识库,,T1071,,wiki.company.cn,,,,
H002907,2026-07-21 05:36:06,email_open,阅读邮件（内部往来 1）,,,,kb.company.cn,,,,
H005988,2026-07-21 05:55:26,login,登录办公终端,,T1078,,,,,,
H006896,2026-07-21 06:47:42,dns_query,域名解析,,T1071.001,,bilibili.com,,,,
H004360,2026-07-21 06:50:02,login,登录办公终端,,T1078,,,,苏州市,,
H003910,2026-07-21 06:55:03,email_open,阅读邮件（内部往来 1）,,,,npm.company.cn,,,,
H003043,2026-07-21 07:12:01,failed_login,密码错误自动重试,,T1110.001,,,,,,
H006113,2026-07-21 07:14:49,failed_login,密码错误自动重试,,T1110.001,,,,,,
H001651,2026-07-21 07:18:29,email_open,阅读邮件（内部往来 1）,,,,mail.company.cn,,,,
H001721,2026-07-21 07:23:04,login,登录办公终端,,T1078,,,,,,
H000117,2026-07-21 07:37:30,failed_login,密码错误自动重试,,T1110.001,,,,,,
H006738,2026-07-21 07:47:22,failed_login,密码错误自动重试,,T1110.001,,,,,,
H007458,2026-07-21 07:48:04,dns_query,域名解析,,T1071.001,,wiki.company.cn,,,,
H001547,2026-07-21 07:48:06,login,登录办公终端,,T1078,,,,南京市,,
H004763,2026-07-21 08:02:33,web_visit,访问内部 OA/知识库,,T1071,,npm.company.cn,,,,
H006419,2026-07-21 08:11:06,email_open,阅读邮件（内部往来 1）,,,,wiki.company.cn,,,,
H006566,2026-07-21 08:19:26,dns_query,域名解析,,T1071.001,,npm.company.cn,,,,
H003923,2026-07-21 08:20:59,login,登录办公终端,,T1078,,,,,,
H006311,2026-07-21 08:22:48,upload,上传附件 10MB,,T1567,,docs.company.cn,12408,,,
H002480,2026-07-21 08:25:33,email_open,阅读邮件（内部往来 1）,,,,oa.company.cn,,,,
H001269,2026-07-21 08:30:10,email_open,阅读邮件（内部往来 1）,,,,docs.company.cn,,,,
H008214,2026-07-21 08:45:10,web_visit,访问内部 OA/知识库,,T1071,,kb.company.cn,,,,
H006747,2026-07-21 09:02:12,failed_login,密码错误自动重试,,T1110.001,,,,,,
H004763,2026-07-21 09:02:30,web_visit,访问内部 OA/知识库,,T1071,,docs.company.cn,,,,
H002894,2026-07-21 09:03:52,login,登录办公终端,,T1078,,,,,,
H001547,2026-07-21 09:05:39,failed_login,密码错误自动重试,,T1110.001,,,,,,
H004816,2026-07-21 09:07:21,login,登录办公终端,,T1078,,,,,,
H009500,2026-07-21 09:08:24,email_open,阅读邮件（内部往来 1）,,,,oa.company.cn,,,,
H002907,2026-07-21 09:09:08,web_visit,访问内部 OA/知识库,,T1071,,mail.company.cn,,,,
H009691,2026-07-21 09:09:34,email_open,阅读邮件（内部往来 2）,,,,wiki.company.cn,,,,
H003910,2026-07-21 09:13:42,login,登录办公终端,,T1078,,,,,,
H000117,2026-07-21 09:14:49,email_open,阅读邮件（内部往来 1）,,,,npm.company.cn,,,,
H007500,2026-07-21 09:16:09,email_open,阅读邮件（内部往来 2）,,,,npm.company.cn,,,,
H008164,2026-07-21 09:16:45,login,登录办公终端,,T1078,,,,,,
H009170,2026-07-21 09:18:29,login,登录办公终端,,T1078,,,,,,
H004953,2026-07-21 09:19:01,download,下载文档/更新包 10MB,,T1204.002,,,32350,,,
H005988,2026-07-21 09:19:15,email_open,阅读邮件（内部往来 2）,,,,docs.company.cn,,,,
H004080,2026-07-21 09:19:16,download,下载文档/更新包 28MB,,T1204.002,,,4480,,,
H008214,2026-07-21 09:24:06,login,登录办公终端,,T1078,,,,东莞市,,
H005220,2026-07-21 09:24:42,email_open,阅读邮件（内部往来 2）,,,,docs.company.cn,,,,
H008164,2026-07-21 09:24:47,failed_login,密码错误自动重试,,T1110.001,,,,,,
H008931,2026-07-21 09:27:35,dns_query,域名解析,,T1071.001,,qq.com,,,,
H005496,2026-07-21 09:30:37,login,登录办公终端,,T1078,,,,,,
H003416,2026-07-21 09:31:54,login,登录办公终端,,T1078,,,,,,
H000527,2026-07-21 09:32:15,web_visit,访问内部 OA/知识库,,T1071,,wiki.company.cn,,,,
H006311,2026-07-21 09:34:10,failed_login,密码错误自动重试,,T1110.001,,,,,,
H001177,2026-07-21 09:34:26,login,登录办公终端,,T1078,,,,,,
H009500,2026-07-21 09:36:24,dns_query,域名解析,,T1071.001,,kb.company.cn,,,,
H004950,2026-07-21 09:39:48,upload,上传附件 4MB,,T1567,,docs.company.cn,13021,,,
H004080,2026-07-21 09:41:36,login,登录办公终端,,T1078,,,,,,
H002907,2026-07-21 09:41:41,failed_login,密码错误自动重试,,T1110.001,,,,,,
H006738,2026-07-21 09:44:16,login,登录办公终端,,T1078,,,,,,
H005220,2026-07-21 09:45:13,login,登录办公终端,,T1078,,,,,,
H006747,2026-07-21 09:46:03,email_open,阅读邮件（内部往来 1）,,,,docs.company.cn,,,,
H004080,2026-07-21 09:48:57,failed_login,密码错误自动重试,,T1110.001,,,,,,
H004080,2026-07-21 09:51:10,failed_login,密码错误自动重试,,T1110.001,,,,,,
H009535,2026-07-21 09:52:19,email_open,阅读邮件（内部往来 3）,,,,oa.company.cn,,,,
H000805,2026-07-21 09:54:10,email_open,阅读邮件（内部往来 1）,,,,wiki.company.cn,,,,
H006738,2026-07-21 09:57:28,web_visit,访问内部 OA/知识库,,T1071,,oa.company.cn,,,,
H001796,2026-07-21 10:03:01,failed_login,密码错误自动重试,,T1110.001,,,,,,
H003043,2026-07-21 10:03:40,failed_login,密码错误自动重试,,T1110.001,,,,,,
H000805,2026-07-21 10:04:57,email_open,阅读邮件（内部往来 2）,,,,docs.company.cn,,,,
H007129,2026-07-21 10:06:00,email_open,阅读邮件（内部往来 1）,,,,wiki.company.cn,,,,
H006566,2026-07-21 10:06:18,web_visit,访问内部 OA/知识库,,T1071,,docs.company.cn,,,,
H009535,2026-07-21 10:11:57,download,下载文档/更新包 37MB,,T1204.002,,,5239,,,
H006718,2026-07-21 10:13:26,login,登录办公终端,,T1078,,,,,,
H002774,2026-07-21 10:13:39,email_open,阅读邮件（内部往来 1）,,,,wiki.company.cn,,,,
H002894,2026-07-21 10:14:16,email_open,阅读邮件（内部往来 1）,,,,npm.company.cn,,,,
H005614,2026-07-21 10:15:31,dns_query,域名解析,,T1071.001,,docs.company.cn,,,,
H002894,2026-07-21 10:15:46,dns_query,域名解析,,T1071.001,,wiki.company.cn,,,,
H003785,2026-07-21 10:18:40,login,登录办公终端,,T1078,,,,苏州市,,
H000805,2026-07-21 10:20:16,web_visit,访问内部 OA/知识库,,T1071,,kb.company.cn,,,,
H002894,2026-07-21 10:21:00,email_open,阅读邮件（内部往来 2）,,,,oa.company.cn,,,,
H006896,2026-07-21 10:27:40,email_open,阅读邮件（内部往来 2）,,,,mail.company.cn,,,,
H004902,2026-07-21 10:28:35,email_open,阅读邮件（内部往来 1）,,,,oa.company.cn,,,,
H006419,2026-07-21 10:30:37,web_visit,访问内部 OA/知识库,,T1071,,kb.company.cn,,,,
H000117,2026-07-21 10:41:58,email_open,阅读邮件（内部往来 2）,,,,oa.company.cn,,,,
H001721,2026-07-21 10:46:19,web_visit,访问内部 OA/知识库,,T1071,,npm.company.cn,,,,
H002774,2026-07-21 10:46:36,email_open,阅读邮件（内部往来 2）,,,,mail.company.cn,,,,
H004149,2026-07-21 10:52:18,login,登录办公终端,,T1078,,,,,,
H000559,2026-07-21 10:52:19,web_visit,访问内部 OA/知识库,,T1071,,kb.company.cn,,,,
H000466,2026-07-21 10:54:27,data_stage,打包资料压缩包 119MB（内部协作）,,T1074.001,,,121856,,,
H006738,2026-07-21 10:55:23,web_visit,访问内部 OA/知识库,,T1071,,oa.company.cn,,,,
H002774,2026-07-21 10:57:07,web_visit,访问内部 OA/知识库,,T1071,,oa.company.cn,,,,
H008164,2026-07-21 10:58:01,email_open,阅读邮件（内部往来 1）,,,,docs.company.cn,,,,
H003725,2026-07-21 11:00:37,web_visit,访问内部 OA/知识库,,T1071,,docs.company.cn,,,,
H008931,2026-07-21 11:01:42,email_open,阅读邮件（内部往来 3）,,,,docs.company.cn,,,,
H001547,2026-07-21 11:02:04,data_stage,打包资料压缩包 115MB（内部协作）,,T1074.001,,,117760,,,
H001796,2026-07-21 11:02:16,web_visit,访问内部 OA/知识库,,T1071,,kb.company.cn,,,,
H006419,2026-07-21 11:03:45,login,登录办公终端,,T1078,,,,南京市,,
H001547,2026-07-21 11:05:13,failed_login,密码错误自动重试,,T1110.001,,,,,,
H003416,2026-07-21 11:08:05,web_visit,访问内部 OA/知识库,,T1071,,wiki.company.cn,,,,
H007129,2026-07-21 11:16:30,email_open,阅读邮件（内部往来 2）,,,,kb.company.cn,,,,
H004950,2026-07-21 11:19:20,login,登录办公终端,,T1078,,,,,,
H002907,2026-07-21 11:20:46,login,登录办公终端,,T1078,,,,,,
H006747,2026-07-21 11:26:23,email_open,阅读邮件（内部往来 3）,,,,kb.company.cn,,,,
H007500,2026-07-21 11:30:18,login,登录办公终端,,T1078,,,,,,
H002894,2026-07-21 11:32:39,email_open,阅读邮件（内部往来 4）,,,,oa.company.cn,,,,
H008214,2026-07-21 11:35:24,web_visit,访问内部 OA/知识库,,T1071,,mail.company.cn,,,,
H001235,2026-07-21 11:35:26,login,登录办公终端,,T1078,,,,,,
H001177,2026-07-21 11:38:10,email_open,阅读邮件（内部往来 2）,,,,oa.company.cn,,,,
H006566,2026-07-21 11:38:57,email_open,阅读邮件（内部往来 2）,,,,kb.company.cn,,,,
H004360,2026-07-21 11:48:40,failed_login,密码错误自动重试,,T1110.001,,,,,,
H006747,2026-07-21 11:52:51,web_visit,访问内部 OA/知识库,,T1071,,npm.company.cn,,,,
H006113,2026-07-21 11:53:29,login,登录办公终端,,T1078,,,,武汉市,,
H005614,2026-07-21 11:53:51,email_open,阅读邮件（内部往来 1）,,,,wiki.company.cn,,,,
H007458,2026-07-21 11:59:15,email_open,阅读邮件（内部往来 1）,,,,npm.company.cn,,,,
H000527,2026-07-21 12:02:05,failed_login,密码错误自动重试,,T1110.001,,,,,,
H004564,2026-07-21 12:02:23,login,登录办公终端,,T1078,,,,,,
H008164,2026-07-21 12:04:24,email_open,阅读邮件（内部往来 2）,,,,wiki.company.cn,,,,
H007129,2026-07-21 12:05:07,dns_query,域名解析,,T1071.001,,baidu.com,,,,
H004816,2026-07-21 12:15:58,email_open,阅读邮件（内部往来 1）,,,,oa.company.cn,,,,
H002480,2026-07-21 12:18:11,login,登录办公终端,,T1078,,,,,,
H003725,2026-07-21 12:19:34,login,登录办公终端,,T1078,,,,,,
H009500,2026-07-21 12:21:20,login,登录办公终端,,T1078,,,,,,
H002907,2026-07-21 12:23:54,web_visit,访问内部 OA/知识库,,T1071,,mail.company.cn,,,,
H004564,2026-07-21 12:31:27,email_open,阅读邮件（内部往来 1）,,,,mail.company.cn,,,,
H002894,2026-07-21 12:33:46,email_open,阅读邮件（内部往来 3）,,,,kb.company.cn,,,,
H003923,2026-07-21 12:35:30,failed_login,密码错误自动重试,,T1110.001,,,,,,
H006311,2026-07-21 12:35:59,login,登录办公终端,,T1078,,,,,,
H005496,2026-07-21 12:38:09,web_visit,访问内部 OA/知识库,,T1071,,kb.company.cn,,,,
H005614,2026-07-21 12:44:28,download,下载文档/更新包 15MB,,T1204.002,,,19874,,,
H005220,2026-07-21 12:44:30,email_open,阅读邮件（内部往来 1）,,,,oa.company.cn,,,,
H006113,2026-07-21 12:46:56,web_visit,访问内部 OA/知识库,,T1071,,mail.company.cn,,,,
H006419,2026-07-21 12:50:47,email_open,阅读邮件（内部往来 3）,,,,oa.company.cn,,,,
H009535,2026-07-21 12:55:29,login,登录办公终端,,T1078,,,,,,
H001651,2026-07-21 12:57:23,login,登录办公终端,,T1078,,,,,,
H005767,2026-07-21 13:07:21,failed_login,密码错误自动重试,,T1110.001,,,,,,
H000987,2026-07-21 13:11:30,email_open,阅读邮件（内部往来 1）,,,,mail.company.cn,,,,
H002479,2026-07-21 13:11:35,failed_login,密码错误自动重试,,T1110.001,,,,,,
H001269,2026-07-21 13:14:19,email_open,阅读邮件（内部往来 3）,,,,docs.company.cn,,,,
H006738,2026-07-21 13:15:18,failed_login,密码错误自动重试,,T1110.001,,,,,,
H006473,2026-07-21 13:18:41,failed_login,密码错误自动重试,,T1110.001,,,,,,
H009979,2026-07-21 13:25:47,email_open,阅读邮件（内部往来 2）,,,,npm.company.cn,,,,
H009979,2026-07-21 13:33:31,login,登录办公终端,,T1078,,,,,,
H003785,2026-07-21 13:33:57,upload,上传附件 2MB,,T1567,,docs.company.cn,4016,,,
H005151,2026-07-21 13:39:56,email_open,阅读邮件（内部往来 1）,,,,mail.company.cn,,,,
H006896,2026-07-21 13:42:15,login,登录办公终端,,T1078,,,,,,
H000117,2026-07-21 13:50:45,download,下载文档/更新包 5MB,,T1204.002,,,2049,,,
H006718,2026-07-21 13:51:51,email_open,阅读邮件（内部往来 2）,,,,oa.company.cn,,,,
H006311,2026-07-21 13:52:07,download,下载文档/更新包 36MB,,T1204.002,,,41742,,,
H007129,2026-07-21 13:56:47,web_visit,访问内部 OA/知识库,,T1071,,docs.company.cn,,,,
H001269,2026-07-21 13:58:50,login,登录办公终端,,T1078,,,,,,
H007458,2026-07-21 13:58:51,email_open,阅读邮件（内部往来 2）,,,,kb.company.cn,,,,
H005988,2026-07-21 13:59:24,email_open,阅读邮件（内部往来 1）,,,,mail.company.cn,,,,
H002479,2026-07-21 14:06:54,web_visit,访问内部 OA/知识库,,T1071,,oa.company.cn,,,,
H004360,2026-07-21 14:15:20,email_open,阅读邮件（内部往来 1）,,,,mail.company.cn,,,,
H001651,2026-07-21 14:22:24,email_open,阅读邮件（内部往来 2）,,,,mail.company.cn,,,,
H009903,2026-07-21 14:28:07,dns_query,域名解析,,T1071.001,,taobao.com,,,,
H003910,2026-07-21 14:28:25,web_visit,访问内部 OA/知识库,,T1071,,docs.company.cn,,,,
H006473,2026-07-21 14:37:06,web_visit,访问内部 OA/知识库,,T1071,,npm.company.cn,,,,
H001177,2026-07-21 14:43:19,email_open,阅读邮件（内部往来 1）,,,,wiki.company.cn,,,,
H006311,2026-07-21 14:47:01,email_open,阅读邮件（内部往来 1）,,,,oa.company.cn,,,,
H004763,2026-07-21 14:49:57,email_open,阅读邮件（内部往来 1）,,,,npm.company.cn,,,,
H009500,2026-07-21 14:53:45,email_open,阅读邮件（内部往来 2）,,,,docs.company.cn,,,,
H003725,2026-07-21 14:56:17,email_open,阅读邮件（内部往来 1）,,,,wiki.company.cn,,,,
H007129,2026-07-21 15:01:43,login,登录办公终端,,T1078,,,,,,
H006473,2026-07-21 15:02:15,login,登录办公终端,,T1078,,,,苏州市,,
H004902,2026-07-21 15:09:55,web_visit,访问内部 OA/知识库,,T1071,,docs.company.cn,,,,
H006311,2026-07-21 15:10:06,dns_query,域名解析,,T1071.001,,kb.company.cn,,,,
H004902,2026-07-21 15:10:16,login,登录办公终端,,T1078,,,,,,
H005220,2026-07-21 15:10:44,upload,上传附件 1MB,,T1567,,docs.company.cn,10385,,,
H005767,2026-07-21 15:17:41,failed_login,密码错误自动重试,,T1110.001,,,,,,
H001796,2026-07-21 15:26:18,failed_login,密码错误自动重试,,T1110.001,,,,,,
H001796,2026-07-21 15:26:56,login,登录办公终端,,T1078,,,,,,
H001721,2026-07-21 15:32:13,download,下载文档/更新包 35MB,,T1204.002,,,28766,,,
H005220,2026-07-21 15:33:41,web_visit,访问内部 OA/知识库,,T1071,,mail.company.cn,,,,
H002480,2026-07-21 15:34:38,web_visit,访问内部 OA/知识库,,T1071,,docs.company.cn,,,,
H006566,2026-07-21 15:37:40,login,登录办公终端,,T1078,,,,,,
H008931,2026-07-21 15:39:38,email_open,阅读邮件（内部往来 1）,,,,kb.company.cn,,,,
H000559,2026-07-21 15:42:02,upload,上传附件 15MB,,T1567,,docs.company.cn,10342,,,
H009535,2026-07-21 15:50:19,email_open,阅读邮件（内部往来 1）,,,,mail.company.cn,,,,
H003043,2026-07-21 15:51:52,failed_login,密码错误自动重试,,T1110.001,,,,,,
H005767,2026-07-21 15:53:22,web_visit,访问内部 OA/知识库,,T1071,,oa.company.cn,,,,
H004564,2026-07-21 15:54:39,email_open,阅读邮件（内部往来 2）,,,,oa.company.cn,,,,
H004146,2026-07-21 15:54:53,login,登录办公终端,,T1078,,,,,,
H001235,2026-07-21 15:57:11,web_visit,访问内部 OA/知识库,,T1071,,oa.company.cn,,,,
H009535,2026-07-21 15:57:30,web_visit,访问内部 OA/知识库,,T1071,,kb.company.cn,,,,
H004564,2026-07-21 15:57:33,dns_query,域名解析,,T1071.001,,qq.com,,,,
H009903,2026-07-21 15:58:00,login,登录办公终端,,T1078,,,,天津市,,
H005151,2026-07-21 15:58:58,dns_query,域名解析,,T1071.001,,kb.company.cn,,,,
H006718,2026-07-21 16:02:22,email_open,阅读邮件（内部往来 1）,,,,docs.company.cn,,,,
H007500,2026-07-21 16:02:47,email_open,阅读邮件（内部往来 1）,,,,docs.company.cn,,,,
H000805,2026-07-21 16:12:21,failed_login,密码错误自动重试,,T1110.001,,,,,,
H000987,2026-07-21 16:12:27,dns_query,域名解析,,T1071.001,,npm.company.cn,,,,
H009691,2026-07-21 16:21:08,email_open,阅读邮件（内部往来 1）,,,,kb.company.cn,,,,
H000805,2026-07-21 16:21:44,upload,上传附件 10MB,,T1567,,docs.company.cn,4795,,,
H009170,2026-07-21 16:26:31,email_open,阅读邮件（内部往来 1）,,,,mail.company.cn,,,,
H001235,2026-07-21 16:31:09,web_visit,访问内部 OA/知识库,,T1071,,wiki.company.cn,,,,
H005767,2026-07-21 16:33:48,web_visit,访问内部 OA/知识库,,T1071,,mail.company.cn,,,,
H008931,2026-07-21 16:36:56,dns_query,HTTPS 隧道心跳（伪装正常访问）,persist,T1071.001,evasive,cdn-verify-svc.net,,,,
H009903,2026-07-21 16:39:10,web_visit,访问内部 OA/知识库,,T1071,,docs.company.cn,,,,
H006419,2026-07-21 16:43:03,download,下载文档/更新包 32MB,,T1204.002,,,4595,,,
H002907,2026-07-21 16:50:04,failed_login,密码错误自动重试,,T1110.001,,,,,,
H009903,2026-07-21 16:52:12,web_visit,访问内部 OA/知识库,,T1071,,wiki.company.cn,,,,
H006718,2026-07-21 16:52:51,failed_login,密码错误自动重试,,T1110.001,,,,,,
H004816,2026-07-21 16:53:48,email_open,阅读邮件（内部往来 2）,,,,kb.company.cn,,,,
H004950,2026-07-21 17:06:13,failed_login,密码错误自动重试,,T1110.001,,,,,,
H005767,2026-07-21 17:07:21,login,登录办公终端,,T1078,,,,,,
H003785,2026-07-21 17:07:36,web_visit,访问内部 OA/知识库,,T1071,,wiki.company.cn,,,,
H007458,2026-07-21 17:09:34,login,登录办公终端,,T1078,,,,,,
H005767,2026-07-21 17:11:55,failed_login,密码错误自动重试,,T1110.001,,,,,,
H008164,2026-07-21 17:11:56,email_open,阅读邮件（内部往来 3）,,,,mail.company.cn,,,,
H004149,2026-07-21 17:15:24,email_open,阅读邮件（内部往来 1）,,,,wiki.company.cn,,,,
H001269,2026-07-21 17:16:25,web_visit,访问内部 OA/知识库,,T1071,,mail.company.cn,,,,
H001269,2026-07-21 17:23:59,download,下载文档/更新包 8MB,,T1204.002,,,33711,,,
H001721,2026-07-21 17:26:25,email_open,阅读邮件（内部往来 1）,,,,docs.company.cn,,,,
H004564,2026-07-21 17:27:57,web_visit,访问内部 OA/知识库,,T1071,,npm.company.cn,,,,
H006473,2026-07-21 17:28:03,failed_login,密码错误自动重试,,T1110.001,,,,,,
H005151,2026-07-21 17:29:42,upload,上传附件 8MB,,T1567,,docs.company.cn,9775,,,
H006113,2026-07-21 17:30:41,failed_login,密码错误自动重试,,T1110.001,,,,,,
H006747,2026-07-21 17:31:16,login,登录办公终端,,T1078,,,,,,
H003043,2026-07-21 17:35:11,login,登录办公终端,,T1078,,,,,,
H007458,2026-07-21 17:36:39,download,下载文档/更新包 9MB,,T1204.002,,,33890,,,
H000527,2026-07-21 17:37:32,login,登录办公终端,,T1078,,,,,,
H002844,2026-07-21 17:38:06,data_stage,打包资料压缩包 76MB（内部协作）,,T1074.001,,,77824,,,
H001721,2026-07-21 17:39:23,web_visit,访问内部 OA/知识库,,T1071,,docs.company.cn,,,,
H004146,2026-07-21 17:39:55,email_open,阅读邮件（内部往来 1）,,,,npm.company.cn,,,,
H002480,2026-07-21 17:40:56,email_open,阅读邮件（内部往来 4）,,,,mail.company.cn,,,,
H002774,2026-07-21 17:41:42,email_open,阅读邮件（内部往来 3）,,,,mail.company.cn,,,,
H005151,2026-07-21 17:47:53,login,登录办公终端,,T1078,,,,,,
H009691,2026-07-21 17:48:29,dns_query,域名解析,,T1071.001,,github.com,,,,
H004149,2026-07-21 17:49:16,failed_login,密码错误自动重试,,T1110.001,,,,,,
H008931,2026-07-21 17:49:47,login,登录办公终端,,T1078,,,,,,
H004950,2026-07-21 17:50:41,failed_login,密码错误自动重试,,T1110.001,,,,,,
H004763,2026-07-21 17:51:49,login,登录办公终端,,T1078,,,,,,
H002480,2026-07-21 17:52:44,email_open,阅读邮件（内部往来 3）,,,,npm.company.cn,,,,
H007458,2026-07-21 17:53:55,email_open,阅读邮件（内部往来 3）,,,,mail.company.cn,,,,
H001269,2026-07-21 17:55:28,email_open,阅读邮件（内部往来 2）,,,,wiki.company.cn,,,,
H002479,2026-07-21 17:57:41,login,登录办公终端,,T1078,,,,天津市,,
H009979,2026-07-21 17:57:45,email_open,阅读邮件（内部往来 1）,,,,npm.company.cn,,,,
H001547,2026-07-21 18:00:37,email_open,阅读邮件（内部往来 1）,,,,mail.company.cn,,,,
H009535,2026-07-21 18:01:33,email_open,阅读邮件（内部往来 2）,,,,kb.company.cn,,,,
H004146,2026-07-21 18:02:43,web_visit,访问内部 OA/知识库,,T1071,,wiki.company.cn,,,,
H005220,2026-07-21 18:04:11,failed_login,密码错误自动重试,,T1110.001,,,,,,
H008931,2026-07-21 18:04:53,web_visit,访问内部 OA/知识库,,T1071,,docs.company.cn,,,,
H001721,2026-07-21 18:05:55,failed_login,密码错误自动重试,,T1110.001,,,,,,
H009691,2026-07-21 18:16:05,login,登录办公终端,,T1078,,,,东莞市,,
H003043,2026-07-21 18:16:57,email_open,阅读邮件（内部往来 1）,,,,kb.company.cn,,,,
H009535,2026-07-21 18:21:01,dns_query,域名解析,,T1071.001,,docs.company.cn,,,,
H006473,2026-07-21 18:22:34,dns_query,域名解析,,T1071.001,,weibo.com,,,,
H004360,2026-07-21 18:24:31,web_visit,访问内部 OA/知识库,,T1071,,kb.company.cn,,,,
H006419,2026-07-21 18:28:08,email_open,阅读邮件（内部往来 2）,,,,kb.company.cn,,,,
H006419,2026-07-21 18:30:33,failed_login,密码错误自动重试,,T1110.001,,,,,,
H002480,2026-07-21 18:32:11,email_open,阅读邮件（内部往来 2）,,,,mail.company.cn,,,,
H000987,2026-07-21 18:34:24,login,登录办公终端,,T1078,,,,天津市,,
H006566,2026-07-21 18:41:59,privesc,安装办公软件（UAC 授权通过）,,T1543.003,,,,,,
H003785,2026-07-21 18:43:45,email_open,阅读邮件（内部往来 1）,,,,wiki.company.cn,,,,
H004763,2026-07-21 18:46:02,email_open,阅读邮件（内部往来 2）,,,,kb.company.cn,,,,
H006419,2026-07-21 18:51:42,dns_query,域名解析,,T1071.001,,qq.com,,,,
H004149,2026-07-21 18:54:48,email_open,阅读邮件（内部往来 2）,,,,mail.company.cn,,,,
H004816,2026-07-21 18:55:23,dns_query,域名解析,,T1071.001,,mail.company.cn,,,,
H000527,2026-07-21 18:58:05,email_open,阅读邮件（内部往来 1）,,,,npm.company.cn,,,,
H002480,2026-07-21 18:58:51,web_visit,访问内部 OA/知识库,,T1071,,kb.company.cn,,,,
H000559,2026-07-21 19:07:32,login,登录办公终端,,T1078,,,,,,
H006896,2026-07-21 19:08:12,email_open,阅读邮件（内部往来 1）,,,,oa.company.cn,,,,
H006566,2026-07-21 19:09:01,email_open,阅读邮件（内部往来 1）,,,,wiki.company.cn,,,,
H000559,2026-07-21 19:13:19,email_open,阅读邮件（内部往来 1）,,,,oa.company.cn,,,,
H005767,2026-07-21 19:21:54,email_open,阅读邮件（内部往来 1）,,,,wiki.company.cn,,,,
H006747,2026-07-21 19:22:23,email_open,阅读邮件（内部往来 2）,,,,oa.company.cn,,,,
H000117,2026-07-21 19:25:36,login,登录办公终端,,T1078,,,,,,
H006473,2026-07-21 19:33:03,download,下载文档/更新包 23MB,,T1204.002,,,32319,,,
H004950,2026-07-21 19:38:56,web_visit,访问内部 OA/知识库,,T1071,,docs.company.cn,,,,
H000805,2026-07-21 19:39:00,login,登录办公终端,,T1078,,,,,,
H008931,2026-07-21 19:40:48,email_open,阅读邮件（内部往来 2）,,,,docs.company.cn,,,,
H005614,2026-07-21 19:43:26,login,登录办公终端,,T1078,,,,西安市,,
H004360,2026-07-21 19:47:09,dns_query,域名解析,,T1071.001,,docs.company.cn,,,,
H002774,2026-07-21 19:49:39,login,登录办公终端,,T1078,,,,,,
H003416,2026-07-21 19:50:35,dns_query,域名解析,,T1071.001,,github.com,,,,
H003416,2026-07-21 19:51:59,web_visit,访问内部 OA/知识库,,T1071,,wiki.company.cn,,,,
H006113,2026-07-21 19:54:17,email_open,阅读邮件（内部往来 1）,,,,kb.company.cn,,,,
H006113,2026-07-21 20:08:53,download,下载文档/更新包 42MB,,T1204.002,,,23660,,,
H002774,2026-07-21 20:09:27,download,下载文档/更新包 16MB,,T1204.002,,,32856,,,
H004953,2026-07-21 20:13:30,login,登录办公终端,,T1078,,,,南京市,,
H005614,2026-07-21 20:41:25,web_visit,访问内部 OA/知识库,,T1071,,mail.company.cn,,,,
H007500,2026-07-21 21:21:34,upload,上传附件 14MB,,T1567,,docs.company.cn,11192,,,
H006311,2026-07-21 21:38:12,email_open,阅读邮件（内部往来 2）,,,,oa.company.cn,,,,
H001721,2026-07-21 21:57:09,failed_login,密码错误自动重试,,T1110.001,,,,,,
H004953,2026-07-21 22:27:50,email_open,阅读邮件（内部往来 1）,,,,oa.company.cn,,,,
H001235,2026-07-21 22:38:51,email_open,阅读邮件（内部往来 1）,,,,wiki.company.cn,,,,
H005496,2026-07-21 22:40:47,failed_login,密码错误自动重试,,T1110.001,,,,,,
H006473,2026-07-21 23:17:04,web_visit,访问内部 OA/知识库,,T1071,,npm.company.cn,,,,
H004080,2026-07-22 00:11:11,email_open,阅读邮件（内部往来 1）,,,,mail.company.cn,,,,
H004717,2026-07-22 00:25:17,login,登录办公终端,,T1078,,,,,,
H003833,2026-07-22 00:43:58,dns_query,域名解析,,T1071.001,,qq.com,,,,
H004146,2026-07-22 04:14:26,email_open,阅读邮件（内部往来 1）,,,,npm.company.cn,,,,
H006049,2026-07-22 06:52:17,web_visit,访问内部 OA/知识库,,T1071,,npm.company.cn,,,,
H002907,2026-07-22 07:06:43,email_open,阅读邮件（内部往来 1）,,,,kb.company.cn,,,,
H001177,2026-07-22 07:16:01,web_visit,访问内部 OA/知识库,,T1071,,npm.company.cn,,,,
H004816,2026-07-22 07:30:52,login,登录办公终端,,T1078,,,,,,
H006113,2026-07-22 07:32:06,download,下载文档/更新包 15MB,,T1204.002,,,12323,,,
H003833,2026-07-22 07:42:55,login,登录办公终端,,T1078,,,,,,
H001819,2026-07-22 08:04:41,dns_query,域名解析,,T1071.001,,kb.company.cn,,,,
H004763,2026-07-22 08:05:15,login,登录办公终端,,T1078,,,,,,
H003416,2026-07-22 08:05:28,upload,上传附件 7MB,,T1567,,docs.company.cn,4738,,,
H008931,2026-07-22 08:07:38,download,下载文档/更新包 42MB,,T1204.002,,,10757,,,
H004775,2026-07-22 08:14:34,dns_query,域名解析,,T1071.001,,docs.company.cn,,,,
H007458,2026-07-22 08:17:02,data_stage,打包资料压缩包 25MB（内部协作）,,T1074.001,,,25600,,,
H004775,2026-07-22 08:21:45,email_open,阅读邮件（内部往来 1）,,,,wiki.company.cn,,,,
H003416,2026-07-22 08:27:18,login,登录办公终端,,T1078,,,,,,
H002907,2026-07-22 08:33:30,email_open,阅读邮件（内部往来 2）,,,,wiki.company.cn,,,,
H002907,2026-07-22 08:43:26,web_visit,访问内部 OA/知识库,,T1071,,oa.company.cn,,,,
H004956,2026-07-22 08:50:15,login,登录办公终端,,T1078,,,,,,
H003416,2026-07-22 08:50:48,dns_query,域名解析,,T1071.001,,jd.com,,,,
H004816,2026-07-22 08:52:01,email_open,阅读邮件（内部往来 2）,,,,wiki.company.cn,,,,
H001668,2026-07-22 08:53:24,email_open,阅读邮件（内部往来 1）,,,,kb.company.cn,,,,
H006718,2026-07-22 08:56:58,download,下载文档/更新包 37MB,,T1204.002,,,41612,,,
H004360,2026-07-22 08:58:02,email_open,阅读邮件（内部往来 2）,,,,kb.company.cn,,,,
H001269,2026-07-22 08:59:14,failed_login,密码错误自动重试,,T1110.001,,,,,,
H005767,2026-07-22 09:03:14,web_visit,访问内部 OA/知识库,,T1071,,kb.company.cn,,,,
H008154,2026-07-22 09:06:26,login,登录办公终端,,T1078,,,,,,
H004816,2026-07-22 09:10:40,web_visit,访问内部 OA/知识库,,T1071,,npm.company.cn,,,,
H008931,2026-07-22 09:13:19,dns_query,域名解析,,T1071.001,,github.com,,,,
H002480,2026-07-22 09:13:26,dns_query,域名解析,,T1071.001,,jd.com,,,,
H006738,2026-07-22 09:14:23,email_open,阅读邮件（内部往来 1）,,,,kb.company.cn,,,,
H002479,2026-07-22 09:23:01,dns_query,域名解析,,T1071.001,,docs.company.cn,,,,
H001819,2026-07-22 09:25:39,failed_login,密码错误自动重试,,T1110.001,,,,,,
H005767,2026-07-22 09:33:48,email_open,阅读邮件（内部往来 1）,,,,mail.company.cn,,,,
H001269,2026-07-22 09:35:21,web_visit,访问内部 OA/知识库,,T1071,,oa.company.cn,,,,
H003923,2026-07-22 09:35:22,email_open,阅读邮件（内部往来 1）,,,,oa.company.cn,,,,
H004763,2026-07-22 09:37:08,email_open,阅读邮件（内部往来 1）,,,,kb.company.cn,,,,
H001819,2026-07-22 09:38:03,failed_login,密码错误自动重试,,T1110.001,,,,,,
H006049,2026-07-22 09:38:17,upload,上传附件 3MB,,T1567,,docs.company.cn,10698,,,
H007458,2026-07-22 09:38:55,email_open,阅读邮件（内部往来 2）,,,,npm.company.cn,,,,
H006750,2026-07-22 09:44:10,web_visit,访问内部 OA/知识库,,T1071,,mail.company.cn,,,,
H000805,2026-07-22 09:44:13,failed_login,密码错误自动重试,,T1110.001,,,,,,
H001796,2026-07-22 09:45:17,email_open,阅读邮件（内部往来 1）,,,,docs.company.cn,,,,
H003416,2026-07-22 09:46:06,email_open,阅读邮件（内部往来 3）,,,,kb.company.cn,,,,
H000805,2026-07-22 09:50:08,upload,上传附件 13MB,,T1567,,docs.company.cn,14305,,,
H007458,2026-07-22 09:51:24,email_open,阅读邮件（内部往来 3）,,,,oa.company.cn,,,,
H008164,2026-07-22 09:52:34,upload,上传附件 15MB,,T1567,,docs.company.cn,6077,,,
H001269,2026-07-22 09:56:36,download,下载文档/更新包 45MB,,T1204.002,,,5794,,,
H006049,2026-07-22 09:56:47,dns_query,域名解析,,T1071.001,,qq.com,,,,
H005988,2026-07-22 09:59:54,login,登录办公终端,,T1078,,,,,,
H006566,2026-07-22 10:01:28,login,登录办公终端,,T1078,,,,,,
H006738,2026-07-22 10:01:30,web_visit,访问内部 OA/知识库,,T1071,,oa.company.cn,,,,
H004953,2026-07-22 10:05:35,email_open,阅读邮件（内部往来 1）,,,,oa.company.cn,,,,
H004564,2026-07-22 10:08:15,failed_login,密码错误自动重试,,T1110.001,,,,,,
H001269,2026-07-22 10:09:55,dns_query,域名解析,,T1071.001,,wiki.company.cn,,,,
H004080,2026-07-22 10:11:23,email_open,阅读邮件（内部往来 2）,,,,mail.company.cn,,,,
H001986,2026-07-22 10:11:40,login,登录办公终端,,T1078,,,,,,
H004724,2026-07-22 10:13:18,web_visit,访问内部 OA/知识库,,T1071,,docs.company.cn,,,,
H004058,2026-07-22 10:28:35,dns_query,域名解析,,T1071.001,,bilibili.com,,,,
H006750,2026-07-22 10:28:57,failed_login,密码错误自动重试,,T1110.001,,,,,,
H002844,2026-07-22 10:33:39,dns_query,域名解析,,T1071.001,,taobao.com,,,,
H001269,2026-07-22 10:35:52,failed_login,密码错误自动重试,,T1110.001,,,,,,
H002774,2026-07-22 10:36:01,login,登录办公终端,,T1078,,,,,,
H003893,2026-07-22 10:40:44,dns_query,域名解析,,T1071.001,,baidu.com,,,,
H001986,2026-07-22 10:42:43,web_visit,访问内部 OA/知识库,,T1071,,docs.company.cn,,,,
H006113,2026-07-22 10:43:33,email_open,阅读邮件（内部往来 1）,,,,oa.company.cn,,,,
H007500,2026-07-22 10:43:56,email_open,阅读邮件（内部往来 3）,,,,kb.company.cn,,,,
H001796,2026-07-22 10:44:07,login,登录办公终端,,T1078,,,,,,
H006566,2026-07-22 10:44:56,web_visit,访问内部 OA/知识库,,T1071,,kb.company.cn,,,,
H008164,2026-07-22 10:46:25,failed_login,密码错误自动重试,,T1110.001,,,,,,
H007983,2026-07-22 10:54:46,login,登录办公终端,,T1078,,,,,,
H002223,2026-07-22 10:55:59,download,下载文档/更新包 29MB,,T1204.002,,,13232,,,
H002907,2026-07-22 11:00:17,dns_query,域名解析,,T1071.001,,zhihu.com,,,,
H003923,2026-07-22 11:04:29,web_visit,访问内部 OA/知识库,,T1071,,docs.company.cn,,,,
H003752,2026-07-22 11:05:46,login,登录办公终端,,T1078,,,,,,
H006311,2026-07-22 11:07:15,web_visit,访问内部 OA/知识库,,T1071,,mail.company.cn,,,,
H002479,2026-07-22 11:08:59,failed_login,密码错误自动重试,,T1110.001,,,,,,
H000438,2026-07-22 11:11:35,email_open,阅读邮件（内部往来 1）,,,,docs.company.cn,,,,
H004816,2026-07-22 11:13:28,download,下载文档/更新包 6MB,,T1204.002,,,34415,,,
H003893,2026-07-22 11:15:26,email_open,阅读邮件（内部往来 1）,,,,wiki.company.cn,,,,
H004058,2026-07-22 11:18:57,download,下载文档/更新包 18MB,,T1204.002,,,6704,,,
H003833,2026-07-22 11:23:49,email_open,阅读邮件（内部往来 1）,,,,wiki.company.cn,,,,
H001796,2026-07-22 11:24:17,failed_login,密码错误自动重试,,T1110.001,,,,,,
H004058,2026-07-22 11:26:06,failed_login,密码错误自动重试,,T1110.001,,,,,,
H004080,2026-07-22 11:28:44,email_open,阅读邮件（内部往来 3）,,,,wiki.company.cn,,,,
H008164,2026-07-22 11:39:16,failed_login,密码错误自动重试,,T1110.001,,,,,,
H008154,2026-07-22 11:40:24,dns_query,域名解析,,T1071.001,,weibo.com,,,,
H002907,2026-07-22 11:44:20,login,登录办公终端,,T1078,,,,,,
H003416,2026-07-22 11:48:09,email_open,阅读邮件（内部往来 2）,,,,oa.company.cn,,,,
H002479,2026-07-22 11:49:56,login,登录办公终端,,T1078,,,,天津市,,
H008154,2026-07-22 11:51:00,email_open,阅读邮件（内部往来 1）,,,,npm.company.cn,,,,
H004058,2026-07-22 11:51:41,web_visit,访问内部 OA/知识库,,T1071,,oa.company.cn,,,,
H004146,2026-07-22 11:54:58,dns_query,域名解析,,T1071.001,,wiki.company.cn,,,,
H001986,2026-07-22 11:55:52,email_open,阅读邮件（内部往来 1）,,,,kb.company.cn,,,,
H001269,2026-07-22 11:56:29,failed_login,密码错误自动重试,,T1110.001,,,,,,
H004080,2026-07-22 12:01:11,login,登录办公终端,,T1078,,,,,,
H004146,2026-07-22 12:09:10,web_visit,访问内部 OA/知识库,,T1071,,mail.company.cn,,,,
H006473,2026-07-22 12:09:44,dns_query,域名解析,,T1071.001,,zhihu.com,,,,
H004146,2026-07-22 12:26:29,web_visit,访问内部 OA/知识库,,T1071,,mail.company.cn,,,,
H004360,2026-07-22 12:33:18,email_open,阅读邮件（内部往来 1）,,,,npm.company.cn,,,,
H002223,2026-07-22 12:39:03,web_visit,访问内部 OA/知识库,,T1071,,wiki.company.cn,,,,
H001668,2026-07-22 12:41:56,web_visit,访问内部 OA/知识库,,T1071,,oa.company.cn,,,,
H000805,2026-07-22 12:45:25,login,登录办公终端,,T1078,,,,,,
H000805,2026-07-22 12:45:44,failed_login,密码错误自动重试,,T1110.001,,,,,,
H004763,2026-07-22 12:47:01,dns_query,域名解析,,T1071.001,,github.com,,,,
H007458,2026-07-22 12:50:01,email_open,阅读邮件（内部往来 1）,,,,docs.company.cn,,,,
H001269,2026-07-22 12:50:20,login,登录办公终端,,T1078,,,,,,
H003752,2026-07-22 12:57:56,dns_query,域名解析,,T1071.001,,baidu.com,,,,
H002223,2026-07-22 13:04:09,login,登录办公终端,,T1078,,,,苏州市,,
H005496,2026-07-22 13:05:59,email_open,阅读邮件（内部往来 1）,,,,wiki.company.cn,,,,
H002223,2026-07-22 13:15:30,sensitive_access,查询项目文档（本职工作）,,T1005,,,,,,
H003533,2026-07-22 13:16:33,login,登录办公终端,,T1078,,,,武汉市,,
H003533,2026-07-22 13:18:15,failed_login,密码错误自动重试,,T1110.001,,,,,,
H001177,2026-07-22 13:20:25,login,登录办公终端,,T1078,,,,,,
H005151,2026-07-22 13:28:32,login,登录办公终端,,T1078,,,,,,
H004775,2026-07-22 13:35:51,login,登录办公终端,,T1078,,,,,,
H003833,2026-07-22 13:35:59,upload,上传附件 1MB,,T1567,,docs.company.cn,10448,,,
H004724,2026-07-22 13:41:22,login,登录办公终端,,T1078,,,,,,
H007983,2026-07-22 13:43:39,failed_login,密码错误自动重试,,T1110.001,,,,,,
H000763,2026-07-22 13:45:17,email_open,阅读邮件（内部往来 3）,,,,mail.company.cn,,,,
H003785,2026-07-22 13:52:14,email_open,阅读邮件（内部往来 1）,,,,docs.company.cn,,,,
H005988,2026-07-22 13:56:01,dns_query,域名解析,,T1071.001,,taobao.com,,,,
H003416,2026-07-22 13:57:31,email_open,阅读邮件（内部往来 1）,,,,mail.company.cn,,,,
H006718,2026-07-22 13:57:57,email_open,阅读邮件（内部往来 1）,,,,wiki.company.cn,,,,
H006738,2026-07-22 13:58:12,failed_login,密码错误自动重试,,T1110.001,,,,,,
H001668,2026-07-22 13:59:02,login,登录办公终端,,T1078,,,,,,
H006113,2026-07-22 13:59:42,web_visit,访问内部 OA/知识库,,T1071,,kb.company.cn,,,,
H004775,2026-07-22 14:00:13,download,下载文档/更新包 45MB,,T1204.002,,,2828,,,
H002844,2026-07-22 14:01:13,web_visit,访问内部 OA/知识库,,T1071,,docs.company.cn,,,,
H005767,2026-07-22 14:01:56,login,登录办公终端,,T1078,,,,,,
H003533,2026-07-22 14:08:17,email_open,阅读邮件（内部往来 2）,,,,docs.company.cn,,,,
H005151,2026-07-22 14:15:18,download,下载文档/更新包 15MB,,T1204.002,,,39188,,,
H004146,2026-07-22 14:17:35,failed_login,密码错误自动重试,,T1110.001,,,,,,
H000763,2026-07-22 14:22:26,web_visit,访问内部 OA/知识库,,T1071,,docs.company.cn,,,,
H000805,2026-07-22 14:24:29,email_open,阅读邮件（内部往来 2）,,,,wiki.company.cn,,,,
H004953,2026-07-22 14:26:25,dns_query,域名解析,,T1071.001,,github.com,,,,
H006113,2026-07-22 14:29:37,login,登录办公终端,,T1078,,,,武汉市,,
H000438,2026-07-22 14:30:28,failed_login,密码错误自动重试,,T1110.001,,,,,,
H004564,2026-07-22 14:31:31,failed_login,密码错误自动重试,,T1110.001,,,,,,
H004953,2026-07-22 14:32:28,web_visit,访问内部 OA/知识库,,T1071,,mail.company.cn,,,,
H001819,2026-07-22 14:32:42,login,登录办公终端,,T1078,,,,,,
H007983,2026-07-22 14:36:54,email_open,阅读邮件（内部往来 1）,,,,wiki.company.cn,,,,
H004956,2026-07-22 14:42:23,upload,上传附件 12MB,,T1567,,docs.company.cn,13547,,,
H001986,2026-07-22 14:45:54,dns_query,域名解析,,T1071.001,,jd.com,,,,
H006718,2026-07-22 14:47:11,web_visit,访问内部 OA/知识库,,T1071,,oa.company.cn,,,,
H004816,2026-07-22 14:49:08,email_open,阅读邮件（内部往来 1）,,,,docs.company.cn,,,,
H008164,2026-07-22 14:54:41,failed_login,密码错误自动重试,,T1110.001,,,,,,
H005496,2026-07-22 14:57:11,login,登录办公终端,,T1078,,,,,,
H008931,2026-07-22 14:59:22,login,登录办公终端,,T1078,,,,,,
H004724,2026-07-22 15:10:42,web_visit,访问内部 OA/知识库,,T1071,,mail.company.cn,,,,
H004724,2026-07-22 15:11:00,dns_query,域名解析,,T1071.001,,npm.company.cn,,,,
H008164,2026-07-22 15:12:23,login,登录办公终端,,T1078,,,,,,
H009170,2026-07-22 15:16:42,email_open,阅读邮件（内部往来 1）,,,,kb.company.cn,,,,
H006311,2026-07-22 15:16:50,login,登录办公终端,,T1078,,,,,,
H002480,2026-07-22 15:27:41,login,登录办公终端,,T1078,,,,,,
H003533,2026-07-22 15:30:17,web_visit,访问内部 OA/知识库,,T1071,,oa.company.cn,,,,
H007983,2026-07-22 15:32:42,dns_query,域名解析,,T1071.001,,wiki.company.cn,,,,
H009170,2026-07-22 15:34:26,login,登录办公终端,,T1078,,,,,,
H003833,2026-07-22 15:37:26,failed_login,密码错误自动重试,,T1110.001,,,,,,
H004360,2026-07-22 15:43:16,dns_query,域名解析,,T1071.001,,bilibili.com,,,,
H002479,2026-07-22 15:50:54,web_visit,访问内部 OA/知识库,,T1071,,oa.company.cn,,,,
H007458,2026-07-22 15:52:30,download,下载文档/更新包 24MB,,T1204.002,,,25856,,,
H005767,2026-07-22 15:52:56,web_visit,访问内部 OA/知识库,,T1071,,mail.company.cn,,,,
H004394,2026-07-22 15:53:03,privesc,安装办公软件（UAC 授权通过）,,T1543.003,,,,,,
H004956,2026-07-22 15:53:52,failed_login,密码错误自动重试,,T1110.001,,,,,,
H002223,2026-07-22 15:57:05,web_visit,访问内部 OA/知识库,,T1071,,wiki.company.cn,,,,
H006049,2026-07-22 15:57:29,login,登录办公终端,,T1078,,,,,,
H000763,2026-07-22 15:58:35,failed_login,密码错误自动重试,,T1110.001,,,,,,
H001177,2026-07-22 16:00:07,email_open,阅读邮件（内部往来 1）,,,,oa.company.cn,,,,
H000805,2026-07-22 16:01:15,dns_query,域名解析,,T1071.001,,taobao.com,,,,
H006311,2026-07-22 16:01:37,web_visit,访问内部 OA/知识库,,T1071,,wiki.company.cn,,,,
H000763,2026-07-22 16:05:33,email_open,阅读邮件（内部往来 4）,,,,mail.company.cn,,,,
H005151,2026-07-22 16:11:53,dns_query,域名解析,,T1071.001,,npm.company.cn,,,,
H006738,2026-07-22 16:13:45,login,登录办公终端,,T1078,,,,,,
H001177,2026-07-22 16:14:49,web_visit,访问内部 OA/知识库,,T1071,,wiki.company.cn,,,,
H000438,2026-07-22 16:15:13,upload,上传附件 15MB,,T1567,,docs.company.cn,13937,,,
H002774,2026-07-22 16:16:11,email_open,阅读邮件（内部往来 1）,,,,mail.company.cn,,,,
H003533,2026-07-22 16:19:24,web_visit,访问内部 OA/知识库,,T1071,,npm.company.cn,,,,
H004058,2026-07-22 16:21:19,failed_login,密码错误自动重试,,T1110.001,,,,,,
H004080,2026-07-22 16:22:09,dns_query,域名解析,,T1071.001,,github.com,,,,
H008931,2026-07-22 16:23:14,email_open,阅读邮件（内部往来 1）,,,,wiki.company.cn,,,,
H006049,2026-07-22 16:23:39,email_open,阅读邮件（内部往来 1）,,,,npm.company.cn,,,,
H003893,2026-07-22 16:25:41,login,登录办公终端,,T1078,,,,,,
H004146,2026-07-22 16:32:39,login,登录办公终端,,T1078,,,,,,
H000805,2026-07-22 16:33:45,web_visit,访问内部 OA/知识库,,T1071,,npm.company.cn,,,,
H004146,2026-07-22 16:35:19,failed_login,密码错误自动重试,,T1110.001,,,,,,
H005496,2026-07-22 16:36:14,email_open,阅读邮件（内部往来 2）,,,,oa.company.cn,,,,
H003893,2026-07-22 16:38:28,download,下载文档/更新包 45MB,,T1204.002,,,38409,,,
H007500,2026-07-22 16:41:05,email_open,阅读邮件（内部往来 1）,,,,wiki.company.cn,,,,
H001819,2026-07-22 16:46:16,email_open,阅读邮件（内部往来 2）,,,,npm.company.cn,,,,
H004058,2026-07-22 16:46:22,email_open,阅读邮件（内部往来 1）,,,,docs.company.cn,,,,
H007500,2026-07-22 16:46:36,email_open,阅读邮件（内部往来 2）,,,,wiki.company.cn,,,,
H004564,2026-07-22 16:48:56,login,登录办公终端,,T1078,,,,,,
H005614,2026-07-22 16:49:08,failed_login,密码错误自动重试,,T1110.001,,,,,,
H005151,2026-07-22 16:50:06,email_open,阅读邮件（内部往来 1）,,,,npm.company.cn,,,,
H002223,2026-07-22 16:51:34,dns_query,域名解析,,T1071.001,,npm.company.cn,,,,
H004950,2026-07-22 16:52:15,login,登录办公终端,,T1078,,,,,,
H009170,2026-07-22 16:52:27,email_open,阅读邮件（内部往来 2）,,,,mail.company.cn,,,,
H009170,2026-07-22 16:57:52,web_visit,访问内部 OA/知识库,,T1071,,mail.company.cn,,,,
H002480,2026-07-22 16:58:27,failed_login,密码错误自动重试,,T1110.001,,,,,,
H004724,2026-07-22 17:03:23,email_open,阅读邮件（内部往来 2）,,,,npm.company.cn,,,,
H007129,2026-07-22 17:06:00,download,下载文档/更新包 42MB,,T1204.002,,,13672,,,
H006750,2026-07-22 17:06:57,login,登录办公终端,,T1078,,,,,,
H001177,2026-07-22 17:07:08,failed_login,密码错误自动重试,,T1110.001,,,,,,
H004058,2026-07-22 17:07:29,web_visit,访问内部 OA/知识库,,T1071,,oa.company.cn,,,,
H003833,2026-07-22 17:08:14,web_visit,访问内部 OA/知识库,,T1071,,docs.company.cn,,,,
H008164,2026-07-22 17:08:27,email_open,阅读邮件（内部往来 1）,,,,docs.company.cn,,,,
H006473,2026-07-22 17:08:37,web_visit,访问内部 OA/知识库,,T1071,,wiki.company.cn,,,,
H007458,2026-07-22 17:11:10,login,登录办公终端,,T1078,,,,,,
H004950,2026-07-22 17:13:29,dns_query,域名解析,,T1071.001,,weibo.com,,,,
H005614,2026-07-22 17:14:58,download,下载文档/更新包 31MB,,T1204.002,,,38389,,,
H003752,2026-07-22 17:20:58,email_open,阅读邮件（内部往来 2）,,,,kb.company.cn,,,,
H003533,2026-07-22 17:22:11,dns_query,域名解析,,T1071.001,,bilibili.com,,,,
H001819,2026-07-22 17:22:30,email_open,阅读邮件（内部往来 1）,,,,kb.company.cn,,,,
H004950,2026-07-22 17:25:19,download,下载文档/更新包 7MB,,T1204.002,,,40187,,,
H004564,2026-07-22 17:25:37,email_open,阅读邮件（内部往来 1）,,,,wiki.company.cn,,,,
H006113,2026-07-22 17:27:04,email_open,阅读邮件（内部往来 3）,,,,oa.company.cn,,,,
H004149,2026-07-22 17:27:41,failed_login,密码错误自动重试,,T1110.001,,,,,,
H005614,2026-07-22 17:29:37,web_visit,访问内部 OA/知识库,,T1071,,oa.company.cn,,,,
H004950,2026-07-22 17:30:58,web_visit,访问内部 OA/知识库,,T1071,,mail.company.cn,,,,
H006718,2026-07-22 17:34:42,login,登录办公终端,,T1078,,,,,,
H000438,2026-07-22 17:36:34,web_visit,访问内部 OA/知识库,,T1071,,mail.company.cn,,,,
H005988,2026-07-22 17:38:56,email_open,阅读邮件（内部往来 1）,,,,docs.company.cn,,,,
H004724,2026-07-22 17:39:57,download,下载文档/更新包 5MB,,T1204.002,,,1435,,,
H004149,2026-07-22 17:40:39,email_open,阅读邮件（内部往来 2）,,,,wiki.company.cn,,,,
H002907,2026-07-22 17:41:26,upload,上传附件 6MB,,T1567,,docs.company.cn,7764,,,
H007129,2026-07-22 17:45:14,login,登录办公终端,,T1078,,,,,,
H003533,2026-07-22 17:47:35,email_open,阅读邮件（内部往来 1）,,,,docs.company.cn,,,,
H000438,2026-07-22 17:47:46,login,登录办公终端,,T1078,,,,,,
H004146,2026-07-22 17:49:17,upload,上传附件 14MB,,T1567,,docs.company.cn,7212,,,
H004956,2026-07-22 17:51:18,dns_query,域名解析,,T1071.001,,taobao.com,,,,
H000763,2026-07-22 17:52:08,email_open,阅读邮件（内部往来 2）,,,,mail.company.cn,,,,
H004149,2026-07-22 17:54:38,login,登录办公终端,,T1078,,,,,,
H006566,2026-07-22 18:00:03,web_visit,访问内部 OA/知识库,,T1071,,npm.company.cn,,,,
H007129,2026-07-22 18:04:25,failed_login,密码错误自动重试,,T1110.001,,,,,,
H004775,2026-07-22 18:05:38,web_visit,访问内部 OA/知识库,,T1071,,mail.company.cn,,,,
H006750,2026-07-22 18:07:50,failed_login,密码错误自动重试,,T1110.001,,,,,,
H002480,2026-07-22 18:09:14,web_visit,访问内部 OA/知识库,,T1071,,oa.company.cn,,,,
H000805,2026-07-22 18:13:00,email_open,阅读邮件（内部往来 1）,,,,oa.company.cn,,,,
H006113,2026-07-22 18:14:19,dns_query,域名解析,,T1071.001,,github.com,,,,
H004953,2026-07-22 18:17:03,download,下载文档/更新包 29MB,,T1204.002,,,16312,,,
H007500,2026-07-22 18:17:08,login,登录办公终端,,T1078,,,,,,
H004080,2026-07-22 18:18:56,upload,上传附件 8MB,,T1567,,docs.company.cn,2481,,,
H004775,2026-07-22 18:19:32,email_open,阅读邮件（内部往来 2）,,,,oa.company.cn,,,,
H007129,2026-07-22 18:25:58,web_visit,访问内部 OA/知识库,,T1071,,wiki.company.cn,,,,
H006311,2026-07-22 18:29:26,failed_login,密码错误自动重试,,T1110.001,,,,,,
H005988,2026-07-22 18:34:35,email_open,阅读邮件（内部往来 2）,,,,oa.company.cn,,,,
H005614,2026-07-22 18:38:50,login,登录办公终端,,T1078,,,,西安市,,
H003923,2026-07-22 18:41:11,login,登录办公终端,,T1078,,,,,,
H006113,2026-07-22 18:44:28,email_open,阅读邮件（内部往来 2）,,,,wiki.company.cn,,,,
H006473,2026-07-22 18:45:52,login,登录办公终端,,T1078,,,,苏州市,,
H004058,2026-07-22 18:50:21,login,登录办公终端,,T1078,,,,,,
H001177,2026-07-22 18:51:37,download,下载文档/更新包 4MB,,T1204.002,,,17378,,,
H007129,2026-07-22 18:52:37,email_open,阅读邮件（内部往来 1）,,,,npm.company.cn,,,,
H004763,2026-07-22 18:52:47,download,下载文档/更新包 18MB,,T1204.002,,,2394,,,
H003752,2026-07-22 18:59:54,web_visit,访问内部 OA/知识库,,T1071,,npm.company.cn,,,,
H006750,2026-07-22 19:00:13,email_open,阅读邮件（内部往来 1）,,,,docs.company.cn,,,,
H008931,2026-07-22 19:01:59,persist_create,注册软件更新计划任务,,T1053.005,,,,,,
H002844,2026-07-22 19:07:40,login,登录办公终端,,T1078,,,,苏州市,,
H005220,2026-07-22 19:12:11,smb_connect,访问文件服务器共享目录,,T1021.002,,,,,,FILE-SRV01
H004360,2026-07-22 19:13:47,login,登录办公终端,,T1078,,,,苏州市,,
H004717,2026-07-22 19:15:47,dns_query,域名解析,,T1071.001,,mail.company.cn,,,,
H003833,2026-07-22 19:20:42,failed_login,密码错误自动重试,,T1110.001,,,,,,
H007500,2026-07-22 19:24:01,upload,上传附件 11MB,,T1567,,docs.company.cn,7522,,,
H006718,2026-07-22 19:29:19,dns_query,域名解析,,T1071.001,,zhihu.com,,,,
H002844,2026-07-22 19:30:05,failed_login,密码错误自动重试,,T1110.001,,,,,,
H003416,2026-07-22 19:35:18,failed_login,密码错误自动重试,,T1110.001,,,,,,
H004956,2026-07-22 19:43:25,email_open,阅读邮件（内部往来 1）,,,,npm.company.cn,,,,
H008931,2026-07-22 19:44:41,email_open,阅读邮件（内部往来 2）,,,,npm.company.cn,,,,
H006049,2026-07-22 19:49:17,web_visit,访问内部 OA/知识库,,T1071,,kb.company.cn,,,,
H000763,2026-07-22 19:49:19,email_open,阅读邮件（内部往来 1）,,,,npm.company.cn,,,,
H006311,2026-07-22 19:51:17,email_open,阅读邮件（内部往来 1）,,,,docs.company.cn,,,,
H004724,2026-07-22 19:51:31,email_open,阅读邮件（内部往来 1）,,,,docs.company.cn,,,,
H002479,2026-07-22 19:57:51,failed_login,密码错误自动重试,,T1110.001,,,,,,
H003533,2026-07-22 19:59:23,failed_login,密码错误自动重试,,T1110.001,,,,,,
H001668,2026-07-22 20:01:34,failed_login,密码错误自动重试,,T1110.001,,,,,,
H002479,2026-07-22 20:10:46,email_open,阅读邮件（内部往来 1）,,,,docs.company.cn,,,,
H004149,2026-07-22 20:18:47,web_visit,访问内部 OA/知识库,,T1071,,oa.company.cn,,,,
H004360,2026-07-22 20:18:57,web_visit,访问内部 OA/知识库,,T1071,,npm.company.cn,,,,
H006473,2026-07-22 20:51:39,email_open,阅读邮件（内部往来 1）,,,,oa.company.cn,,,,
H002223,2026-07-22 20:53:20,email_open,阅读邮件（内部往来 1）,,,,oa.company.cn,,,,
H004149,2026-07-22 21:26:03,email_open,阅读邮件（内部往来 1）,,,,mail.company.cn,,,,
H000763,2026-07-22 21:36:38,login,登录办公终端,,T1078,,,,,,
H004953,2026-07-22 21:41:07,login,登录办公终端,,T1078,,,,南京市,,
H003785,2026-07-22 22:17:56,login,登录办公终端,,T1078,,,,苏州市,,
H003752,2026-07-22 22:58:24,email_open,阅读邮件（内部往来 1）,,,,docs.company.cn,,,,
H003893,2026-07-22 23:17:25,email_open,阅读邮件（内部往来 2）,,,,wiki.company.cn,,,,
H004058,2026-07-23 00:03:22,email_open,阅读邮件（内部往来 1）,,,,docs.company.cn,,,,
H008057,2026-07-23 00:19:10,login,登录办公终端,,T1078,,,,,,
H006750,2026-07-23 00:55:08,email_open,阅读邮件（内部往来 2）,,,,mail.company.cn,,,,
H004953,2026-07-23 01:54:24,login,登录办公终端,,T1078,,,,南京市,,
H003043,2026-07-23 02:30:30,email_open,阅读邮件（内部往来 1）,,,,docs.company.cn,,,,
H008931,2026-07-23 02:35:00,data_stage,打包敏感数据（zip 分卷）,exfil,T1074.001,evasive,,,,,
H007458,2026-07-23 04:42:54,login,登录办公终端,,T1078,,,,,,
H003910,2026-07-23 05:26:44,email_open,阅读邮件（内部往来 1）,,,,docs.company.cn,,,,
H006311,2026-07-23 07:16:25,download,下载文档/更新包 17MB,,T1204.002,,,23072,,,
H006747,2026-07-23 07:22:17,email_open,阅读邮件（内部往来 2）,,,,mail.company.cn,,,,
H006747,2026-07-23 07:39:29,login,登录办公终端,,T1078,,,,,,
H006311,2026-07-23 07:41:59,email_open,阅读邮件（内部往来 1）,,,,mail.company.cn,,,,
H007512,2026-07-23 07:42:58,login,登录办公终端,,T1078,,,,,,
H001721,2026-07-23 08:14:10,failed_login,密码错误自动重试,,T1110.001,,,,,,
H008871,2026-07-23 08:16:26,login,登录办公终端,,T1078,,,,南京市,,
H004149,2026-07-23 08:28:36,failed_login,密码错误自动重试,,T1110.001,,,,,,
H005220,2026-07-23 08:29:45,email_open,阅读邮件（内部往来 3）,,,,oa.company.cn,,,,
H001269,2026-07-23 08:41:04,failed_login,密码错误自动重试,,T1110.001,,,,,,
H006738,2026-07-23 08:43:21,sensitive_access,查询工资单（本职工作）,,T1005,,,,,,
H005600,2026-07-23 08:44:41,login,登录办公终端,,T1078,,,,,,
H003923,2026-07-23 08:51:19,web_visit,访问内部 OA/知识库,,T1071,,mail.company.cn,,,,
H006750,2026-07-23 08:52:17,web_visit,访问内部 OA/知识库,,T1071,,mail.company.cn,,,,
H006373,2026-07-23 08:55:14,web_visit,访问内部 OA/知识库,,T1071,,wiki.company.cn,,,,
H006738,2026-07-23 08:57:12,email_open,阅读邮件（内部往来 1）,,,,mail.company.cn,,,,
H006750,2026-07-23 09:03:52,login,登录办公终端,,T1078,,,,,,
H003043,2026-07-23 09:05:52,email_open,阅读邮件（内部往来 2）,,,,kb.company.cn,,,,
H008164,2026-07-23 09:06:33,failed_login,密码错误自动重试,,T1110.001,,,,,,
H006311,2026-07-23 09:12:50,email_open,阅读邮件（内部往来 2）,,,,mail.company.cn,,,,
H004775,2026-07-23 09:14:31,email_open,阅读邮件（内部往来 2）,,,,docs.company.cn,,,,
H002540,2026-07-23 09:16:02,login,登录办公终端,,T1078,,,,,,
H009535,2026-07-23 09:16:37,login,登录办公终端,,T1078,,,,,,
H000117,2026-07-23 09:16:39,login,登录办公终端,,T1078,,,,,,
H002907,2026-07-23 09:17:16,web_visit,访问内部 OA/知识库,,T1071,,mail.company.cn,,,,
H002774,2026-07-23 09:17:39,email_open,阅读邮件（内部往来 2）,,,,mail.company.cn,,,,
H006566,2026-07-23 09:19:59,email_open,阅读邮件（内部往来 3）,,,,docs.company.cn,,,,
H001547,2026-07-23 09:20:07,download,下载文档/更新包 14MB,,T1204.002,,,36495,,,
H001177,2026-07-23 09:22:44,login,登录办公终端,,T1078,,,,,,
H003923,2026-07-23 09:26:05,login,登录办公终端,,T1078,,,,,,
H000527,2026-07-23 09:26:46,login,登录办公终端,,T1078,,,,,,
H001721,2026-07-23 09:28:02,email_open,阅读邮件（内部往来 1）,,,,wiki.company.cn,,,,
H001819,2026-07-23 09:29:17,email_open,阅读邮件（内部往来 1）,,,,kb.company.cn,,,,
H006311,2026-07-23 09:29:24,email_open,阅读邮件（内部往来 3）,,,,npm.company.cn,,,,
H003973,2026-07-23 09:30:31,failed_login,密码错误自动重试,,T1110.001,,,,,,
H001796,2026-07-23 09:30:51,upload,上传附件 12MB,,T1567,,docs.company.cn,13773,,,
H007458,2026-07-23 09:31:15,web_visit,访问内部 OA/知识库,,T1071,,wiki.company.cn,,,,
H001819,2026-07-23 09:31:17,dns_query,域名解析,,T1071.001,,weibo.com,,,,
H001721,2026-07-23 09:32:48,failed_login,密码错误自动重试,,T1110.001,,,,,,
H003910,2026-07-23 09:34:47,email_open,阅读邮件（内部往来 2）,,,,npm.company.cn,,,,
H004816,2026-07-23 09:38:21,download,下载文档/更新包 14MB,,T1204.002,,,32736,,,
H000117,2026-07-23 09:39:26,failed_login,密码错误自动重试,,T1110.001,,,,,,
H006113,2026-07-23 09:40:11,web_visit,访问内部 OA/知识库,,T1071,,wiki.company.cn,,,,
H002540,2026-07-23 09:44:09,dns_query,域名解析,,T1071.001,,baidu.com,,,,
H004816,2026-07-23 09:44:32,login,登录办公终端,,T1078,,,,,,
H006566,2026-07-23 09:45:55,email_open,阅读邮件（内部往来 1）,,,,kb.company.cn,,,,
H000987,2026-07-23 09:49:15,web_visit,访问内部 OA/知识库,,T1071,,npm.company.cn,,,,
H009979,2026-07-23 09:52:50,email_open,阅读邮件（内部往来 1）,,,,wiki.company.cn,,,,
H001668,2026-07-23 09:53:44,web_visit,访问内部 OA/知识库,,T1071,,kb.company.cn,,,,
H004956,2026-07-23 09:53:51,download,下载文档/更新包 21MB,,T1204.002,,,8008,,,
H005220,2026-07-23 09:53:51,dns_query,域名解析,,T1071.001,,mail.company.cn,,,,
H000117,2026-07-23 09:54:33,upload,上传附件 13MB,,T1567,,docs.company.cn,2187,,,
H006750,2026-07-23 09:56:35,email_open,阅读邮件（内部往来 3）,,,,kb.company.cn,,,,
H007512,2026-07-23 09:59:07,dns_query,域名解析,,T1071.001,,kb.company.cn,,,,
H001269,2026-07-23 10:01:37,email_open,阅读邮件（内部往来 1）,,,,docs.company.cn,,,,
H001402,2026-07-23 10:02:25,login,登录办公终端,,T1078,,,,,,
H004149,2026-07-23 10:02:51,failed_login,密码错误自动重试,,T1110.001,,,,,,
H003973,2026-07-23 10:06:56,email_open,阅读邮件（内部往来 1）,,,,mail.company.cn,,,,
H001824,2026-07-23 10:08:11,web_visit,访问内部 OA/知识库,,T1071,,oa.company.cn,,,,
H001668,2026-07-23 10:08:21,failed_login,密码错误自动重试,,T1110.001,,,,,,
H004816,2026-07-23 10:08:27,email_open,阅读邮件（内部往来 3）,,,,oa.company.cn,,,,
H006311,2026-07-23 10:10:28,dns_query,域名解析,,T1071.001,,wiki.company.cn,,,,
H004724,2026-07-23 10:15:18,email_open,阅读邮件（内部往来 1）,,,,docs.company.cn,,,,
H009982,2026-07-23 10:17:56,email_open,阅读邮件（内部往来 2）,,,,oa.company.cn,,,,
H006750,2026-07-23 10:20:30,failed_login,密码错误自动重试,,T1110.001,,,,,,
H009535,2026-07-23 10:22:24,email_open,阅读邮件（内部往来 1）,,,,kb.company.cn,,,,
H007983,2026-07-23 10:24:25,login,登录办公终端,,T1078,,,,,,
H008154,2026-07-23 10:24:51,login,登录办公终端,,T1078,,,,,,
H004394,2026-07-23 10:26:43,web_visit,访问内部 OA/知识库,,T1071,,npm.company.cn,,,,
H004058,2026-07-23 10:27:43,web_visit,访问内部 OA/知识库,,T1071,,oa.company.cn,,,,
H001547,2026-07-23 10:28:08,email_open,阅读邮件（内部往来 1）,,,,oa.company.cn,,,,
H000527,2026-07-23 10:30:07,email_open,阅读邮件（内部往来 1）,,,,kb.company.cn,,,,
H008164,2026-07-23 10:34:20,download,下载文档/更新包 19MB,,T1204.002,,,1411,,,
H006311,2026-07-23 10:35:34,login,登录办公终端,,T1078,,,,,,
H004080,2026-07-23 10:37:32,dns_query,域名解析,,T1071.001,,oa.company.cn,,,,
H000438,2026-07-23 10:38:30,email_open,阅读邮件（内部往来 1）,,,,mail.company.cn,,,,
H001402,2026-07-23 10:38:37,web_visit,访问内部 OA/知识库,,T1071,,mail.company.cn,,,,
H003043,2026-07-23 10:39:26,download,下载文档/更新包 19MB,,T1204.002,,,41855,,,
H009170,2026-07-23 10:48:25,dns_query,域名解析,,T1071.001,,taobao.com,,,,
H007458,2026-07-23 10:53:28,dns_query,域名解析,,T1071.001,,kb.company.cn,,,,
H003973,2026-07-23 10:57:21,failed_login,密码错误自动重试,,T1110.001,,,,,,
H004149,2026-07-23 11:05:07,email_open,阅读邮件（内部往来 2）,,,,kb.company.cn,,,,
H009170,2026-07-23 11:12:26,email_open,阅读邮件（内部往来 2）,,,,docs.company.cn,,,,
H004058,2026-07-23 11:13:37,download,下载文档/更新包 20MB,,T1204.002,,,14074,,,
H005220,2026-07-23 11:20:34,login,登录办公终端,,T1078,,,,,,
H006750,2026-07-23 11:21:31,email_open,阅读邮件（内部往来 1）,,,,oa.company.cn,,,,
H000527,2026-07-23 11:29:24,email_open,阅读邮件（内部往来 2）,,,,npm.company.cn,,,,
H001796,2026-07-23 11:29:49,email_open,阅读邮件（内部往来 1）,,,,oa.company.cn,,,,
H006747,2026-07-23 11:34:55,web_visit,访问内部 OA/知识库,,T1071,,docs.company.cn,,,,
H001819,2026-07-23 11:36:36,failed_login,密码错误自动重试,,T1110.001,,,,,,
H006738,2026-07-23 11:36:57,download,下载文档/更新包 3MB,,T1204.002,,,27721,,,
H000987,2026-07-23 11:46:50,email_open,阅读邮件（内部往来 1）,,,,docs.company.cn,,,,
H000438,2026-07-23 11:48:09,login,登录办公终端,,T1078,,,,,,
H006473,2026-07-23 11:52:30,web_visit,访问内部 OA/知识库,,T1071,,mail.company.cn,,,,
H001668,2026-07-23 11:53:07,email_open,阅读邮件（内部往来 2）,,,,kb.company.cn,,,,
H004058,2026-07-23 11:53:35,dns_query,域名解析,,T1071.001,,weibo.com,,,,
H008164,2026-07-23 11:54:14,email_open,阅读邮件（内部往来 1）,,,,npm.company.cn,,,,
H003043,2026-07-23 12:06:01,login,登录办公终端,,T1078,,,,,,
H002774,2026-07-23 12:10:55,web_visit,访问内部 OA/知识库,,T1071,,oa.company.cn,,,,
H001269,2026-07-23 12:24:01,login,登录办公终端,,T1078,,,,,,
H003785,2026-07-23 12:26:14,email_open,阅读邮件（内部往来 1）,,,,mail.company.cn,,,,
H007512,2026-07-23 12:26:27,failed_login,密码错误自动重试,,T1110.001,,,,,,
H004775,2026-07-23 12:28:17,email_open,阅读邮件（内部往来 1）,,,,wiki.company.cn,,,,
H006473,2026-07-23 12:31:18,login,登录办公终端,,T1078,,,,苏州市,,
H001796,2026-07-23 12:37:33,failed_login,密码错误自动重试,,T1110.001,,,,,,
H002907,2026-07-23 12:40:08,email_open,阅读邮件（内部往来 1）,,,,npm.company.cn,,,,
H001824,2026-07-23 12:48:34,login,登录办公终端,,T1078,,,,,,
H001721,2026-07-23 12:53:15,web_visit,访问内部 OA/知识库,,T1071,,npm.company.cn,,,,
H003785,2026-07-23 12:59:09,login,登录办公终端,,T1078,,,,苏州市,,
H009816,2026-07-23 12:59:29,login,登录办公终端,,T1078,,,,东莞市,,
H001269,2026-07-23 12:59:33,download,下载文档/更新包 44MB,,T1204.002,,,2456,,,
H009982,2026-07-23 13:00:00,web_visit,访问内部 OA/知识库,,T1071,,npm.company.cn,,,,
H005496,2026-07-23 13:00:49,upload,外发数据 19MB（含客户名单片段）,exfil,T1567,evasive,share-doc.company.cn,19456,,,
H001547,2026-07-23 13:07:47,upload,上传附件 4MB,,T1567,,docs.company.cn,8225,,,
H000987,2026-07-23 13:14:39,web_visit,访问内部 OA/知识库,,T1071,,wiki.company.cn,,,,
H001819,2026-07-23 13:15:34,web_visit,访问内部 OA/知识库,,T1071,,npm.company.cn,,,,
H006113,2026-07-23 13:17:16,login,登录办公终端,,T1078,,,,武汉市,,
H005496,2026-07-23 13:18:49,cleanup,清除本地外发缓存,cover,T1070.004,evasive,,,,,
H001796,2026-07-23 13:27:11,web_visit,访问内部 OA/知识库,,T1071,,wiki.company.cn,,,,
H006738,2026-07-23 13:29:10,login,登录办公终端,,T1078,,,,,,
H007458,2026-07-23 13:37:57,email_open,阅读邮件（内部往来 1）,,,,kb.company.cn,,,,
H001668,2026-07-23 13:38:10,login,登录办公终端,,T1078,,,,,,
H002774,2026-07-23 13:39:36,email_open,阅读邮件（内部往来 3）,,,,wiki.company.cn,,,,
H005220,2026-07-23 14:05:20,email_open,阅读邮件（内部往来 1）,,,,kb.company.cn,,,,
H004149,2026-07-23 14:10:38,login,登录办公终端,,T1078,,,,,,
H009170,2026-07-23 14:16:04,web_visit,访问内部 OA/知识库,,T1071,,wiki.company.cn,,,,
H005600,2026-07-23 14:18:43,dns_query,域名解析,,T1071.001,,kb.company.cn,,,,
H001177,2026-07-23 14:18:48,web_visit,访问内部 OA/知识库,,T1071,,docs.company.cn,,,,
H004775,2026-07-23 14:21:25,login,登录办公终端,,T1078,,,,,,
H006473,2026-07-23 14:22:07,email_open,阅读邮件（内部往来 1）,,,,npm.company.cn,,,,
H009816,2026-07-23 14:27:14,failed_login,密码错误自动重试,,T1110.001,,,,,,
H007983,2026-07-23 14:28:39,failed_login,密码错误自动重试,,T1110.001,,,,,,
H001419,2026-07-23 14:29:26,dns_query,域名解析,,T1071.001,,npm.company.cn,,,,
H006566,2026-07-23 14:43:14,email_open,阅读邮件（内部往来 4）,,,,oa.company.cn,,,,
H002774,2026-07-23 14:47:08,web_visit,访问内部 OA/知识库,,T1071,,kb.company.cn,,,,
H004956,2026-07-23 14:47:39,login,登录办公终端,,T1078,,,,,,
H009170,2026-07-23 14:47:56,login,登录办公终端,,T1078,,,,,,
H001668,2026-07-23 14:50:21,email_open,阅读邮件（内部往来 1）,,,,kb.company.cn,,,,
H001796,2026-07-23 14:54:49,email_open,阅读邮件（内部往来 2）,,,,npm.company.cn,,,,
H009816,2026-07-23 15:00:14,download,下载文档/更新包 25MB,,T1204.002,,,32381,,,
H006473,2026-07-23 15:02:53,dns_query,域名解析,,T1071.001,,qq.com,,,,
H004394,2026-07-23 15:05:31,web_visit,访问内部 OA/知识库,,T1071,,docs.company.cn,,,,
H002540,2026-07-23 15:18:12,email_open,阅读邮件（内部往来 1）,,,,mail.company.cn,,,,
H009982,2026-07-23 15:18:12,email_open,阅读邮件（内部往来 1）,,,,mail.company.cn,,,,
H009979,2026-07-23 15:23:07,login,登录办公终端,,T1078,,,,,,
H001819,2026-07-23 15:25:38,login,登录办公终端,,T1078,,,,,,
H003923,2026-07-23 15:32:40,email_open,阅读邮件（内部往来 1）,,,,kb.company.cn,,,,
H004724,2026-07-23 15:35:39,login,登录办公终端,,T1078,,,,,,
H004058,2026-07-23 15:39:42,upload,上传附件 5MB,,T1567,,docs.company.cn,1858,,,
H003923,2026-07-23 15:41:18,web_visit,访问内部 OA/知识库,,T1071,,mail.company.cn,,,,
H001668,2026-07-23 15:43:13,failed_login,密码错误自动重试,,T1110.001,,,,,,
H007512,2026-07-23 15:45:26,email_open,阅读邮件（内部往来 1）,,,,wiki.company.cn,,,,
H001668,2026-07-23 15:49:05,failed_login,密码错误自动重试,,T1110.001,,,,,,
H003910,2026-07-23 15:51:55,login,登录办公终端,,T1078,,,,,,
H007983,2026-07-23 15:57:46,dns_query,域名解析,,T1071.001,,npm.company.cn,,,,
H004816,2026-07-23 15:57:56,failed_login,密码错误自动重试,,T1110.001,,,,,,
H002540,2026-07-23 15:58:43,web_visit,访问内部 OA/知识库,,T1071,,npm.company.cn,,,,
H009698,2026-07-23 16:01:58,email_open,阅读邮件（内部往来 1）,,,,oa.company.cn,,,,
H007983,2026-07-23 16:02:11,email_open,阅读邮件（内部往来 1）,,,,npm.company.cn,,,,
H006750,2026-07-23 16:02:34,dns_query,域名解析,,T1071.001,,wiki.company.cn,,,,
H009535,2026-07-23 16:07:16,web_visit,访问内部 OA/知识库,,T1071,,wiki.company.cn,,,,
H006566,2026-07-23 16:12:26,email_open,阅读邮件（内部往来 2）,,,,kb.company.cn,,,,
H009982,2026-07-23 16:13:16,login,登录办公终端,,T1078,,,,东莞市,,
H000117,2026-07-23 16:17:53,email_open,阅读邮件（内部往来 1）,,,,npm.company.cn,,,,
H005220,2026-07-23 16:21:24,email_open,阅读邮件（内部往来 2）,,,,kb.company.cn,,,,
H002774,2026-07-23 16:22:53,login,登录办公终端,,T1078,,,,,,
H009170,2026-07-23 16:23:24,email_open,阅读邮件（内部往来 1）,,,,oa.company.cn,,,,
H007512,2026-07-23 16:23:50,web_visit,访问内部 OA/知识库,,T1071,,wiki.company.cn,,,,
H006747,2026-07-23 16:24:16,email_open,阅读邮件（内部往来 1）,,,,wiki.company.cn,,,,
H004394,2026-07-23 16:24:17,login,登录办公终端,,T1078,,,,,,
H001419,2026-07-23 16:25:03,web_visit,访问内部 OA/知识库,,T1071,,mail.company.cn,,,,
H004080,2026-07-23 16:27:53,login,登录办公终端,,T1078,,,,,,
H004816,2026-07-23 16:28:01,web_visit,访问内部 OA/知识库,,T1071,,kb.company.cn,,,,
H006113,2026-07-23 16:30:14,failed_login,密码错误自动重试,,T1110.001,,,,,,
H003973,2026-07-23 16:42:38,login,登录办公终端,,T1078,,,,,,
H001402,2026-07-23 16:49:18,email_open,阅读邮件（内部往来 1）,,,,docs.company.cn,,,,
H006311,2026-07-23 16:51:03,failed_login,密码错误自动重试,,T1110.001,,,,,,
H002774,2026-07-23 17:00:40,email_open,阅读邮件（内部往来 1）,,,,wiki.company.cn,,,,
H002774,2026-07-23 17:01:40,dns_query,域名解析,,T1071.001,,oa.company.cn,,,,
H004080,2026-07-23 17:01:49,web_visit,访问内部 OA/知识库,,T1071,,docs.company.cn,,,,
H006747,2026-07-23 17:02:49,dns_query,域名解析,,T1071.001,,zhihu.com,,,,
H006113,2026-07-23 17:09:12,dns_query,域名解析,,T1071.001,,bilibili.com,,,,
H008871,2026-07-23 17:11:47,email_open,阅读邮件（内部往来 1）,,,,docs.company.cn,,,,
H004816,2026-07-23 17:12:58,email_open,阅读邮件（内部往来 4）,,,,wiki.company.cn,,,,
H009979,2026-07-23 17:15:18,failed_login,密码错误自动重试,,T1110.001,,,,,,
H004775,2026-07-23 17:18:03,web_visit,访问内部 OA/知识库,,T1071,,npm.company.cn,,,,
H004149,2026-07-23 17:19:58,email_open,阅读邮件（内部往来 1）,,,,docs.company.cn,,,,
H001796,2026-07-23 17:29:13,download,下载文档/更新包 16MB,,T1204.002,,,37891,,,
H009698,2026-07-23 17:37:22,login,登录办公终端,,T1078,,,,,,
H003893,2026-07-23 17:37:41,sensitive_access,查询项目文档（本职工作）,,T1005,,,,,,
H004564,2026-07-23 17:39:38,login,登录办公终端,,T1078,,,,,,
H001177,2026-07-23 17:40:49,dns_query,域名解析,,T1071.001,,bilibili.com,,,,
H001269,2026-07-23 17:45:45,web_visit,访问内部 OA/知识库,,T1071,,docs.company.cn,,,,
H006373,2026-07-23 17:46:17,email_open,阅读邮件（内部往来 1）,,,,kb.company.cn,,,,
H004816,2026-07-23 17:47:50,email_open,阅读邮件（内部往来 2）,,,,kb.company.cn,,,,
H001721,2026-07-23 17:47:52,dns_query,域名解析,,T1071.001,,jd.com,,,,
H000438,2026-07-23 17:48:22,web_visit,访问内部 OA/知识库,,T1071,,docs.company.cn,,,,
H004058,2026-07-23 17:48:49,email_open,阅读邮件（内部往来 2）,,,,npm.company.cn,,,,
H008164,2026-07-23 17:51:14,login,登录办公终端,,T1078,,,,,,
H004953,2026-07-23 17:52:55,email_open,阅读邮件（内部往来 1）,,,,mail.company.cn,,,,
H001824,2026-07-23 17:55:43,upload,上传附件 1MB,,T1567,,docs.company.cn,14460,,,
H006750,2026-07-23 17:55:56,web_visit,访问内部 OA/知识库,,T1071,,kb.company.cn,,,,
H004816,2026-07-23 17:58:45,web_visit,访问内部 OA/知识库,,T1071,,docs.company.cn,,,,
H006747,2026-07-23 17:59:44,failed_login,密码错误自动重试,,T1110.001,,,,,,
H001721,2026-07-23 17:59:47,login,登录办公终端,,T1078,,,,,,
H002540,2026-07-23 18:05:41,email_open,阅读邮件（内部往来 3）,,,,docs.company.cn,,,,
H002223,2026-07-23 18:16:48,dns_query,域名解析,,T1071.001,,oa.company.cn,,,,
H002907,2026-07-23 18:20:57,download,下载文档/更新包 38MB,,T1204.002,,,24854,,,
H001547,2026-07-23 18:24:07,login,登录办公终端,,T1078,,,,南京市,,
H007983,2026-07-23 18:27:36,email_open,阅读邮件（内部往来 2）,,,,npm.company.cn,,,,
H002907,2026-07-23 18:29:01,login,登录办公终端,,T1078,,,,,,
H008154,2026-07-23 18:30:34,email_open,阅读邮件（内部往来 1）,,,,docs.company.cn,,,,
H001402,2026-07-23 18:36:13,email_open,阅读邮件（内部往来 2）,,,,mail.company.cn,,,,
H006566,2026-07-23 18:36:42,login,登录办公终端,,T1078,,,,,,
H004953,2026-07-23 18:45:36,failed_login,密码错误自动重试,,T1110.001,,,,,,
H001796,2026-07-23 18:48:51,login,登录办公终端,,T1078,,,,,,
H004724,2026-07-23 18:52:36,download,下载文档/更新包 45MB,,T1204.002,,,34302,,,
H001419,2026-07-23 18:53:28,email_open,阅读邮件（内部往来 1）,,,,npm.company.cn,,,,
H009535,2026-07-23 18:59:23,dns_query,域名解析,,T1071.001,,wiki.company.cn,,,,
H004058,2026-07-23 19:02:08,login,登录办公终端,,T1078,,,,,,
H001419,2026-07-23 19:04:21,login,登录办公终端,,T1078,,,,,,
H004149,2026-07-23 19:06:32,web_visit,访问内部 OA/知识库,,T1071,,kb.company.cn,,,,
H001796,2026-07-23 19:09:38,dns_query,域名解析,,T1071.001,,baidu.com,,,,
H006738,2026-07-23 19:23:20,web_visit,访问内部 OA/知识库,,T1071,,kb.company.cn,,,,
H003043,2026-07-23 19:25:29,email_open,阅读邮件（内部往来 3）,,,,npm.company.cn,,,,
H001177,2026-07-23 19:29:11,email_open,阅读邮件（内部往来 1）,,,,kb.company.cn,,,,
H003910,2026-07-23 19:30:08,web_visit,访问内部 OA/知识库,,T1071,,npm.company.cn,,,,
H002540,2026-07-23 19:34:55,email_open,阅读邮件（内部往来 2）,,,,wiki.company.cn,,,,
H001668,2026-07-23 19:39:17,web_visit,访问内部 OA/知识库,,T1071,,docs.company.cn,,,,
H004724,2026-07-23 19:42:14,web_visit,访问内部 OA/知识库,,T1071,,kb.company.cn,,,,
H001547,2026-07-23 19:42:19,web_visit,访问内部 OA/知识库,,T1071,,docs.company.cn,,,,
H004956,2026-07-23 19:46:54,web_visit,访问内部 OA/知识库,,T1071,,wiki.company.cn,,,,
H008871,2026-07-23 19:55:09,upload,上传附件 1MB,,T1567,,docs.company.cn,9103,,,
H008164,2026-07-23 19:56:18,web_visit,访问内部 OA/知识库,,T1071,,npm.company.cn,,,,
H004080,2026-07-23 20:00:22,web_visit,访问内部 OA/知识库,,T1071,,oa.company.cn,,,,
H003923,2026-07-23 20:01:58,download,下载文档/更新包 15MB,,T1204.002,,,18308,,,
H003785,2026-07-23 20:18:13,failed_login,密码错误自动重试,,T1110.001,,,,,,
H000117,2026-07-23 20:39:57,failed_login,密码错误自动重试,,T1110.001,,,,,,
H003910,2026-07-23 20:51:04,web_visit,访问内部 OA/知识库,,T1071,,mail.company.cn,,,,
H000987,2026-07-23 21:00:47,login,登录办公终端,,T1078,,,,天津市,,
H002223,2026-07-23 21:06:41,login,登录办公终端,,T1078,,,,苏州市,,
H006373,2026-07-23 21:18:59,login,登录办公终端,,T1078,,,,苏州市,,
H003785,2026-07-23 21:21:47,dns_query,域名解析,,T1071.001,,zhihu.com,,,,
H006373,2026-07-23 22:01:58,web_visit,访问内部 OA/知识库,,T1071,,npm.company.cn,,,,
H000987,2026-07-23 22:10:05,dns_query,域名解析,,T1071.001,,weibo.com,,,,
H004816,2026-07-23 22:22:32,email_open,阅读邮件（内部往来 1）,,,,mail.company.cn,,,,
H004724,2026-07-23 22:54:46,email_open,阅读邮件（内部往来 2）,,,,wiki.company.cn,,,,
H001547,2026-07-23 23:19:38,dns_query,域名解析,,T1071.001,,qq.com,,,,
H004149,2026-07-23 23:33:43,web_visit,访问内部 OA/知识库,,T1071,,kb.company.cn,,,,
H003910,2026-07-24 00:40:11,dns_query,域名解析,,T1071.001,,github.com,,,,
H001235,2026-07-24 06:28:27,dns_query,域名解析,,T1071.001,,mail.company.cn,,,,
H006419,2026-07-24 06:59:50,upload,上传附件 10MB,,T1567,,docs.company.cn,14812,,,
H003752,2026-07-24 07:00:17,web_visit,访问内部 OA/知识库,,T1071,,wiki.company.cn,,,,
H003923,2026-07-24 07:26:07,web_visit,访问内部 OA/知识库,,T1071,,wiki.company.cn,,,,
H003923,2026-07-24 07:32:47,failed_login,密码错误自动重试,,T1110.001,,,,,,
H002907,2026-07-24 07:48:13,failed_login,密码错误自动重试,,T1110.001,,,,,,
H006738,2026-07-24 07:53:37,email_open,阅读邮件（内部往来 2）,,,,npm.company.cn,,,,
H001668,2026-07-24 08:00:38,web_visit,访问内部 OA/知识库,,T1071,,kb.company.cn,,,,
H004724,2026-07-24 08:02:01,email_open,阅读邮件（内部往来 3）,,,,docs.company.cn,,,,
H003043,2026-07-24 08:08:21,dns_query,域名解析,,T1071.001,,jd.com,,,,
H001986,2026-07-24 08:09:01,failed_login,密码错误自动重试,,T1110.001,,,,,,
H007458,2026-07-24 08:10:39,login,登录办公终端,,T1078,,,,,,
H008164,2026-07-24 08:15:13,web_visit,访问内部 OA/知识库,,T1071,,kb.company.cn,,,,
H008164,2026-07-24 08:18:29,email_open,阅读邮件（内部往来 1）,,,,wiki.company.cn,,,,
H002223,2026-07-24 08:21:57,web_visit,访问内部 OA/知识库,,T1071,,oa.company.cn,,,,
H007512,2026-07-24 08:24:25,web_visit,访问内部 OA/知识库,,T1071,,kb.company.cn,,,,
H003043,2026-07-24 08:41:20,download,下载文档/更新包 10MB,,T1204.002,,,26952,,,
H007512,2026-07-24 08:43:30,email_open,阅读邮件（内部往来 3）,,,,oa.company.cn,,,,
H007030,2026-07-24 08:45:12,web_visit,访问内部 OA/知识库,,T1071,,npm.company.cn,,,,
H001402,2026-07-24 08:45:48,web_visit,访问内部 OA/知识库,,T1071,,docs.company.cn,,,,
H006738,2026-07-24 08:47:05,web_visit,访问内部 OA/知识库,,T1071,,docs.company.cn,,,,
H007512,2026-07-24 08:47:58,email_open,阅读邮件（内部往来 2）,,,,docs.company.cn,,,,
H001651,2026-07-24 08:49:15,login,登录办公终端,,T1078,,,,,,
H005614,2026-07-24 08:52:53,login,登录办公终端,,T1078,,,,西安市,,
H003043,2026-07-24 08:55:18,smb_connect,访问文件服务器共享目录,,T1021.002,,,,,,FILE-SRV01
H004816,2026-07-24 08:55:27,web_visit,访问内部 OA/知识库,,T1071,,wiki.company.cn,,,,
H004058,2026-07-24 08:56:11,failed_login,密码错误自动重试,,T1110.001,,,,,,
H004080,2026-07-24 09:01:08,email_open,阅读邮件（内部往来 1）,,,,npm.company.cn,,,,
H006896,2026-07-24 09:03:17,mfa_denied,新设备 MFA 验证失败一次后成功,,T1621,,,,,,
H000117,2026-07-24 09:04:06,failed_login,密码错误自动重试,,T1110.001,,,,,,
H001177,2026-07-24 09:06:31,email_open,阅读邮件（内部往来 2）,,,,kb.company.cn,,,,
H008164,2026-07-24 09:09:45,email_open,阅读邮件（内部往来 2）,,,,oa.company.cn,,,,
H004058,2026-07-24 09:10:19,login,登录办公终端,,T1078,,,,,,
H003910,2026-07-24 09:10:59,email_open,阅读邮件（内部往来 1）,,,,mail.company.cn,,,,
H000805,2026-07-24 09:12:28,login,登录办公终端,,T1078,,,,,,
H000805,2026-07-24 09:16:56,email_open,阅读邮件（内部往来 1）,,,,mail.company.cn,,,,
H004564,2026-07-24 09:22:13,email_open,阅读邮件（内部往来 2）,,,,kb.company.cn,,,,
H006718,2026-07-24 09:23:12,email_open,阅读邮件（内部往来 2）,,,,oa.company.cn,,,,
H005220,2026-07-24 09:23:47,email_open,阅读邮件（内部往来 1）,,,,docs.company.cn,,,,
H000805,2026-07-24 09:26:32,dns_query,域名解析,,T1071.001,,zhihu.com,,,,
H008057,2026-07-24 09:27:01,dns_query,域名解析,,T1071.001,,mail.company.cn,,,,
H001796,2026-07-24 09:28:09,email_open,阅读邮件（内部往来 2）,,,,wiki.company.cn,,,,
H006311,2026-07-24 09:36:23,download,下载文档/更新包 1MB,,T1204.002,,,42391,,,
H006049,2026-07-24 09:39:33,email_open,阅读邮件（内部往来 1）,,,,kb.company.cn,,,,
H001419,2026-07-24 09:40:31,dns_query,域名解析,,T1071.001,,mail.company.cn,,,,
H001796,2026-07-24 09:41:17,login,登录办公终端,,T1078,,,,,,
H009500,2026-07-24 09:42:29,failed_login,密码错误自动重试,,T1110.001,,,,,,
H003752,2026-07-24 09:43:04,download,下载文档/更新包 20MB,,T1204.002,,,12605,,,
H001721,2026-07-24 09:43:27,web_visit,访问内部 OA/知识库,,T1071,,mail.company.cn,,,,
H004775,2026-07-24 09:44:44,login,登录办公终端,,T1078,,,,,,
H004058,2026-07-24 09:46:33,email_open,阅读邮件（内部往来 2）,,,,npm.company.cn,,,,
H006419,2026-07-24 09:49:12,email_open,阅读邮件（内部往来 1）,,,,mail.company.cn,,,,
H009535,2026-07-24 09:49:43,login,登录办公终端,,T1078,,,,,,
H003043,2026-07-24 09:49:45,email_open,阅读邮件（内部往来 1）,,,,wiki.company.cn,,,,
H003833,2026-07-24 09:51:32,failed_login,密码错误自动重试,,T1110.001,,,,,,
H004080,2026-07-24 09:51:39,email_open,阅读邮件（内部往来 2）,,,,docs.company.cn,,,,
H004724,2026-07-24 09:53:57,failed_login,密码错误自动重试,,T1110.001,,,,,,
H002223,2026-07-24 09:54:52,email_open,阅读邮件（内部往来 2）,,,,wiki.company.cn,,,,
H004953,2026-07-24 09:59:31,download,下载文档/更新包 20MB,,T1204.002,,,1681,,,
H001668,2026-07-24 10:03:38,failed_login,密码错误自动重试,,T1110.001,,,,,,
H001177,2026-07-24 10:06:21,web_visit,访问内部 OA/知识库,,T1071,,oa.company.cn,,,,
H006311,2026-07-24 10:07:15,login,登录办公终端,,T1078,,,,,,
H007030,2026-07-24 10:07:25,login,登录办公终端,,T1078,,,,西安市,,
H006747,2026-07-24 10:09:46,download,下载文档/更新包 29MB,,T1204.002,,,33322,,,
H008214,2026-07-24 10:10:03,email_open,阅读邮件（内部往来 2）,,,,mail.company.cn,,,,
H000805,2026-07-24 10:10:18,failed_login,密码错误自动重试,,T1110.001,,,,,,
H006419,2026-07-24 10:11:33,login,登录办公终端,,T1078,,,,南京市,,
H002907,2026-07-24 10:11:35,login,登录办公终端,,T1078,,,,,,
H009979,2026-07-24 10:18:09,email_open,阅读邮件（内部往来 1）,,,,kb.company.cn,,,,
H006747,2026-07-24 10:19:28,dns_query,域名解析,,T1071.001,,github.com,,,,
H006049,2026-07-24 10:21:19,dns_query,域名解析,,T1071.001,,wiki.company.cn,,,,
H006718,2026-07-24 10:25:07,email_open,阅读邮件（内部往来 1）,,,,mail.company.cn,,,,
H001177,2026-07-24 10:30:05,web_visit,访问内部 OA/知识库,,T1071,,kb.company.cn,,,,
H007512,2026-07-24 10:32:38,web_visit,访问内部 OA/知识库,,T1071,,oa.company.cn,,,,
H005220,2026-07-24 10:34:30,dns_query,域名解析,,T1071.001,,baidu.com,,,,
H007512,2026-07-24 10:34:46,email_open,阅读邮件（内部往来 1）,,,,oa.company.cn,,,,
H002907,2026-07-24 10:36:59,email_open,阅读邮件（内部往来 1）,,,,oa.company.cn,,,,
H000117,2026-07-24 10:37:15,web_visit,访问内部 OA/知识库,,T1071,,oa.company.cn,,,,
H008057,2026-07-24 10:38:00,web_visit,访问内部 OA/知识库,,T1071,,mail.company.cn,,,,
H003910,2026-07-24 10:38:23,web_visit,访问内部 OA/知识库,,T1071,,kb.company.cn,,,,
H004953,2026-07-24 10:46:16,failed_login,密码错误自动重试,,T1110.001,,,,,,
H008164,2026-07-24 10:49:31,dns_query,域名解析,,T1071.001,,jd.com,,,,
H006311,2026-07-24 10:50:05,email_open,阅读邮件（内部往来 1）,,,,oa.company.cn,,,,
H000466,2026-07-24 10:50:46,email_open,阅读邮件（内部往来 1）,,,,npm.company.cn,,,,
H001721,2026-07-24 10:50:53,login,登录办公终端,,T1078,,,,,,
H006747,2026-07-24 10:54:12,login,登录办公终端,,T1078,,,,,,
H009500,2026-07-24 10:58:27,login,登录办公终端,,T1078,,,,,,
H004058,2026-07-24 11:02:43,dns_query,域名解析,,T1071.001,,qq.com,,,,
H007512,2026-07-24 11:04:34,login,登录办公终端,,T1078,,,,,,
H001668,2026-07-24 11:05:02,login,登录办公终端,,T1078,,,,,,
H002223,2026-07-24 11:06:42,login,登录办公终端,,T1078,,,,苏州市,,
H006473,2026-07-24 11:08:45,failed_login,密码错误自动重试,,T1110.001,,,,,,
H006113,2026-07-24 11:11:24,email_open,阅读邮件（内部往来 2）,,,,kb.company.cn,,,,
H003533,2026-07-24 11:11:33,login,登录办公终端,,T1078,,,,武汉市,,
H006049,2026-07-24 11:14:07,web_visit,访问内部 OA/知识库,,T1071,,npm.company.cn,,,,
H004080,2026-07-24 11:18:13,email_open,阅读邮件（内部往来 3）,,,,kb.company.cn,,,,
H009535,2026-07-24 11:20:06,web_visit,访问内部 OA/知识库,,T1071,,oa.company.cn,,,,
H009170,2026-07-24 11:25:24,web_visit,访问内部 OA/知识库,,T1071,,docs.company.cn,,,,
H003923,2026-07-24 11:25:31,dns_query,域名解析,,T1071.001,,qq.com,,,,
H001668,2026-07-24 11:25:54,web_visit,访问内部 OA/知识库,,T1071,,oa.company.cn,,,,
H003043,2026-07-24 11:29:04,web_visit,访问内部 OA/知识库,,T1071,,kb.company.cn,,,,
H008164,2026-07-24 11:42:55,failed_login,密码错误自动重试,,T1110.001,,,,,,
H006113,2026-07-24 11:43:41,email_open,阅读邮件（内部往来 1）,,,,docs.company.cn,,,,
H003833,2026-07-24 11:47:25,failed_login,密码错误自动重试,,T1110.001,,,,,,
H009170,2026-07-24 11:47:34,web_visit,访问内部 OA/知识库,,T1071,,wiki.company.cn,,,,
H001986,2026-07-24 11:50:26,dns_query,域名解析,,T1071.001,,baidu.com,,,,
H006311,2026-07-24 11:59:06,email_open,阅读邮件（内部往来 2）,,,,npm.company.cn,,,,
H001269,2026-07-24 12:00:05,email_open,阅读邮件（内部往来 3）,,,,docs.company.cn,,,,
H009691,2026-07-24 12:01:04,dns_query,域名解析,,T1071.001,,mail.company.cn,,,,
H006113,2026-07-24 12:02:39,login,登录办公终端,,T1078,,,,武汉市,,
H007030,2026-07-24 12:05:41,failed_login,密码错误自动重试,,T1110.001,,,,,,
H009170,2026-07-24 12:11:41,email_open,阅读邮件（内部往来 2）,,,,wiki.company.cn,,,,
H002223,2026-07-24 12:15:07,dns_query,域名解析,,T1071.001,,jd.com,,,,
H003043,2026-07-24 12:26:38,web_visit,访问内部 OA/知识库,,T1071,,wiki.company.cn,,,,
H006419,2026-07-24 12:29:15,failed_login,密码错误自动重试,,T1110.001,,,,,,
H006373,2026-07-24 12:31:37,login,登录办公终端,,T1078,,,,苏州市,,
H003533,2026-07-24 12:36:55,email_open,阅读邮件（内部往来 1）,,,,npm.company.cn,,,,
H009979,2026-07-24 12:42:41,login,登录办公终端,,T1078,,,,,,
H008057,2026-07-24 12:43:41,login,登录办公终端,,T1078,,,,,,
H006373,2026-07-24 12:48:52,web_visit,访问内部 OA/知识库,,T1071,,oa.company.cn,,,,
H004775,2026-07-24 12:50:07,dns_query,域名解析,,T1071.001,,kb.company.cn,,,,
H003923,2026-07-24 12:52:30,rule_create,设置邮件自动归档规则,,T1114.002,,,,,,
H002907,2026-07-24 12:53:04,dns_query,域名解析,,T1071.001,,zhihu.com,,,,
H004724,2026-07-24 12:53:44,email_open,阅读邮件（内部往来 2）,,,,npm.company.cn,,,,
H006718,2026-07-24 12:55:44,login,登录办公终端,,T1078,,,,,,
H006311,2026-07-24 12:57:25,email_open,阅读邮件（内部往来 4）,,,,kb.company.cn,,,,
H008057,2026-07-24 12:57:34,email_open,阅读邮件（内部往来 1）,,,,docs.company.cn,,,,
H009691,2026-07-24 13:05:06,web_visit,访问内部 OA/知识库,,T1071,,mail.company.cn,,,,
H003752,2026-07-24 13:09:32,login,登录办公终端,,T1078,,,,,,
H001235,2026-07-24 13:12:58,email_open,阅读邮件（内部往来 1）,,,,docs.company.cn,,,,
H004058,2026-07-24 13:13:09,web_visit,访问内部 OA/知识库,,T1071,,kb.company.cn,,,,
H006311,2026-07-24 13:17:16,email_open,阅读邮件（内部往来 3）,,,,mail.company.cn,,,,
H008931,2026-07-24 13:18:00,upload,数据外传 45MB（1）,exfil,T1567,evasive,cdn-verify-svc.net,46080,,,
H006738,2026-07-24 13:23:29,email_open,阅读邮件（内部往来 1）,,,,kb.company.cn,,,,
H000559,2026-07-24 13:25:27,dns_query,域名解析,,T1071.001,,baidu.com,,,,
H003910,2026-07-24 13:26:51,login,登录办公终端,,T1078,,,,,,
H004724,2026-07-24 13:34:09,dns_query,域名解析,,T1071.001,,bilibili.com,,,,
H006113,2026-07-24 13:40:00,web_visit,访问内部 OA/知识库,,T1071,,npm.company.cn,,,,
H003833,2026-07-24 13:49:27,email_open,阅读邮件（内部往来 1）,,,,docs.company.cn,,,,
H003973,2026-07-24 14:00:42,email_open,阅读邮件（内部往来 1）,,,,oa.company.cn,,,,
H001547,2026-07-24 14:00:46,login,登录办公终端,,T1078,,,,南京市,,
H006473,2026-07-24 14:09:34,web_visit,访问内部 OA/知识库,,T1071,,wiki.company.cn,,,,
H001651,2026-07-24 14:10:12,failed_login,密码错误自动重试,,T1110.001,,,,,,
H004816,2026-07-24 14:10:44,web_visit,访问内部 OA/知识库,,T1071,,npm.company.cn,,,,
H003893,2026-07-24 14:11:53,login,登录办公终端,,T1078,,,,,,
H001986,2026-07-24 14:13:13,login,登录办公终端,,T1078,,,,,,
H003833,2026-07-24 14:15:23,failed_login,密码错误自动重试,,T1110.001,,,,,,
H003833,2026-07-24 14:17:43,login,登录办公终端,,T1078,,,,,,
H000117,2026-07-24 14:19:50,dns_query,域名解析,,T1071.001,,baidu.com,,,,
H001269,2026-07-24 14:22:39,web_visit,访问内部 OA/知识库,,T1071,,npm.company.cn,,,,
H001986,2026-07-24 14:22:56,email_open,阅读邮件（内部往来 1）,,,,mail.company.cn,,,,
H004564,2026-07-24 14:23:30,failed_login,密码错误自动重试,,T1110.001,,,,,,
H004564,2026-07-24 14:26:25,email_open,阅读邮件（内部往来 1）,,,,npm.company.cn,,,,
H006113,2026-07-24 14:31:13,failed_login,密码错误自动重试,,T1110.001,,,,,,
H001651,2026-07-24 14:31:25,email_open,阅读邮件（内部往来 1）,,,,kb.company.cn,,,,
H001235,2026-07-24 14:37:45,login,登录办公终端,,T1078,,,,,,
H008931,2026-07-24 14:43:08,dns_query,HTTPS 隧道心跳（伪装正常访问）,persist,T1071.001,evasive,cdn-verify-svc.net,,,,
H001269,2026-07-24 14:44:05,failed_login,密码错误自动重试,,T1110.001,,,,,,
H009698,2026-07-24 14:44:15,login,登录办公终端,,T1078,,,,,,
H001269,2026-07-24 14:47:18,email_open,阅读邮件（内部往来 1）,,,,npm.company.cn,,,,
H006473,2026-07-24 14:53:48,dns_query,域名解析,,T1071.001,,mail.company.cn,,,,
H004724,2026-07-24 14:55:13,login,登录办公终端,,T1078,,,,,,
H006373,2026-07-24 14:55:29,email_open,阅读邮件（内部往来 1）,,,,wiki.company.cn,,,,
H006718,2026-07-24 14:56:14,failed_login,密码错误自动重试,,T1110.001,,,,,,
H005614,2026-07-24 14:57:15,dns_query,域名解析,,T1071.001,,taobao.com,,,,
H000117,2026-07-24 15:05:20,failed_login,密码错误自动重试,,T1110.001,,,,,,
H004724,2026-07-24 15:05:31,email_open,阅读邮件（内部往来 1）,,,,wiki.company.cn,,,,
H004058,2026-07-24 15:08:17,email_open,阅读邮件（内部往来 1）,,,,docs.company.cn,,,,
H006311,2026-07-24 15:17:55,web_visit,访问内部 OA/知识库,,T1071,,wiki.company.cn,,,,
H004816,2026-07-24 15:18:42,dns_query,域名解析,,T1071.001,,bilibili.com,,,,
H006747,2026-07-24 15:22:53,email_open,阅读邮件（内部往来 1）,,,,npm.company.cn,,,,
H006373,2026-07-24 15:28:27,email_open,阅读邮件（内部往来 2）,,,,oa.company.cn,,,,
H005614,2026-07-24 15:32:18,failed_login,密码错误自动重试,,T1110.001,,,,,,
H003923,2026-07-24 15:32:22,email_open,阅读邮件（内部往来 1）,,,,mail.company.cn,,,,
H003910,2026-07-24 15:38:22,email_open,阅读邮件（内部往来 3）,,,,docs.company.cn,,,,
H003833,2026-07-24 15:41:05,upload,上传附件 10MB,,T1567,,docs.company.cn,8901,,,
H008164,2026-07-24 15:44:02,login,登录办公终端,,T1078,,,,,,
H001721,2026-07-24 15:44:33,web_visit,访问内部 OA/知识库,,T1071,,mail.company.cn,,,,
H000117,2026-07-24 15:48:54,web_visit,访问内部 OA/知识库,,T1071,,docs.company.cn,,,,
H001721,2026-07-24 15:48:57,failed_login,密码错误自动重试,,T1110.001,,,,,,
H007512,2026-07-24 15:49:54,dns_query,域名解析,,T1071.001,,baidu.com,,,,
H002223,2026-07-24 15:51:18,email_open,阅读邮件（内部往来 1）,,,,oa.company.cn,,,,
H004953,2026-07-24 15:54:25,login,登录办公终端,,T1078,,,,南京市,,
H001269,2026-07-24 16:02:20,dns_query,域名解析,,T1071.001,,npm.company.cn,,,,
H003973,2026-07-24 16:05:17,login,登录办公终端,,T1078,,,,,,
H009535,2026-07-24 16:07:53,email_open,阅读邮件（内部往来 2）,,,,kb.company.cn,,,,
H006373,2026-07-24 16:17:55,dns_query,域名解析,,T1071.001,,wiki.company.cn,,,,
H001402,2026-07-24 16:19:37,login,登录办公终端,,T1078,,,,,,
H000466,2026-07-24 16:19:46,login,登录办公终端,,T1078,,,,,,
H006718,2026-07-24 16:21:13,dns_query,域名解析,,T1071.001,,weibo.com,,,,
H004775,2026-07-24 16:23:06,email_open,阅读邮件（内部往来 1）,,,,oa.company.cn,,,,
H004080,2026-07-24 16:24:17,login,登录办公终端,,T1078,,,,,,
H003973,2026-07-24 16:32:01,download,下载文档/更新包 27MB,,T1204.002,,,9195,,,
H001177,2026-07-24 16:32:42,login,登录办公终端,,T1078,,,,,,
H001651,2026-07-24 16:34:04,web_visit,访问内部 OA/知识库,,T1071,,wiki.company.cn,,,,
H004564,2026-07-24 16:34:33,web_visit,访问内部 OA/知识库,,T1071,,npm.company.cn,,,,
H001796,2026-07-24 16:38:53,email_open,阅读邮件（内部往来 1）,,,,kb.company.cn,,,,
H005614,2026-07-24 16:39:58,web_visit,访问内部 OA/知识库,,T1071,,npm.company.cn,,,,
H003923,2026-07-24 16:40:39,download,下载文档/更新包 36MB,,T1204.002,,,31661,,,
H001796,2026-07-24 16:43:09,web_visit,访问内部 OA/知识库,,T1071,,oa.company.cn,,,,
H006718,2026-07-24 16:46:35,web_visit,访问内部 OA/知识库,,T1071,,oa.company.cn,,,,
H004816,2026-07-24 16:47:06,login,登录办公终端,,T1078,,,,,,
H001177,2026-07-24 16:48:30,email_open,阅读邮件（内部往来 1）,,,,kb.company.cn,,,,
H009691,2026-07-24 16:50:51,login,登录办公终端,,T1078,,,,东莞市,,
H001235,2026-07-24 16:51:10,web_visit,访问内部 OA/知识库,,T1071,,mail.company.cn,,,,
H006419,2026-07-24 16:51:38,failed_login,密码错误自动重试,,T1110.001,,,,,,
H009500,2026-07-24 16:53:30,web_visit,访问内部 OA/知识库,,T1071,,kb.company.cn,,,,
H009170,2026-07-24 16:53:33,dns_query,域名解析,,T1071.001,,weibo.com,,,,
H009535,2026-07-24 16:56:16,web_visit,访问内部 OA/知识库,,T1071,,mail.company.cn,,,,
H003533,2026-07-24 16:58:59,download,下载文档/更新包 15MB,,T1204.002,,,33269,,,
H001269,2026-07-24 16:59:19,login,登录办公终端,,T1078,,,,,,
H003923,2026-07-24 17:04:36,login,登录办公终端,,T1078,,,,,,
H007458,2026-07-24 17:08:18,web_visit,访问内部 OA/知识库,,T1071,,npm.company.cn,,,,
H007512,2026-07-24 17:12:49,email_open,阅读邮件（内部往来 4）,,,,kb.company.cn,,,,
H009170,2026-07-24 17:14:00,login,登录办公终端,,T1078,,,,,,
H006311,2026-07-24 17:14:39,web_visit,访问内部 OA/知识库,,T1071,,mail.company.cn,,,,
H001721,2026-07-24 17:18:35,email_open,阅读邮件（内部往来 2）,,,,docs.company.cn,,,,
H003043,2026-07-24 17:21:08,failed_login,密码错误自动重试,,T1110.001,,,,,,
H008057,2026-07-24 17:21:47,web_visit,访问内部 OA/知识库,,T1071,,kb.company.cn,,,,
H009979,2026-07-24 17:21:47,web_visit,访问内部 OA/知识库,,T1071,,mail.company.cn,,,,
H006473,2026-07-24 17:22:56,failed_login,密码错误自动重试,,T1110.001,,,,,,
H003910,2026-07-24 17:23:54,email_open,阅读邮件（内部往来 2）,,,,kb.company.cn,,,,
H009500,2026-07-24 17:25:09,email_open,阅读邮件（内部往来 1）,,,,oa.company.cn,,,,
H006311,2026-07-24 17:25:13,dns_query,域名解析,,T1071.001,,zhihu.com,,,,
H008214,2026-07-24 17:26:13,web_visit,访问内部 OA/知识库,,T1071,,npm.company.cn,,,,
H006473,2026-07-24 17:33:26,email_open,阅读邮件（内部往来 1）,,,,docs.company.cn,,,,
H007458,2026-07-24 17:33:53,email_open,阅读邮件（内部往来 1）,,,,mail.company.cn,,,,
H006419,2026-07-24 17:34:33,download,下载文档/更新包 34MB,,T1204.002,,,2993,,,
H006419,2026-07-24 17:35:08,failed_login,密码错误自动重试,,T1110.001,,,,,,
H008214,2026-07-24 17:35:16,login,登录办公终端,,T1078,,,,东莞市,,
H003833,2026-07-24 17:38:05,dns_query,域名解析,,T1071.001,,npm.company.cn,,,,
H009979,2026-07-24 17:46:20,failed_login,密码错误自动重试,,T1110.001,,,,,,
H005614,2026-07-24 17:46:54,download,下载文档/更新包 4MB,,T1204.002,,,5854,,,
H001419,2026-07-24 17:53:52,login,登录办公终端,,T1078,,,,,,
H006738,2026-07-24 17:57:25,web_visit,访问内部 OA/知识库,,T1071,,oa.company.cn,,,,
H008214,2026-07-24 18:02:06,email_open,阅读邮件（内部往来 1）,,,,mail.company.cn,,,,
H006738,2026-07-24 18:10:59,login,登录办公终端,,T1078,,,,,,
H001651,2026-07-24 18:24:39,email_open,阅读邮件（内部往来 2）,,,,mail.company.cn,,,,
H003533,2026-07-24 18:32:27,web_visit,访问内部 OA/知识库,,T1071,,mail.company.cn,,,,
H000559,2026-07-24 18:34:56,login,登录办公终端,,T1078,,,,,,
H000466,2026-07-24 18:35:42,dns_query,域名解析,,T1071.001,,github.com,,,,
H001547,2026-07-24 18:36:19,web_visit,访问内部 OA/知识库,,T1071,,kb.company.cn,,,,
H000805,2026-07-24 18:38:05,download,下载文档/更新包 38MB,,T1204.002,,,5172,,,
H003533,2026-07-24 18:41:53,email_open,阅读邮件（内部往来 2）,,,,oa.company.cn,,,,
H006049,2026-07-24 18:48:02,login,登录办公终端,,T1078,,,,,,
H001269,2026-07-24 18:50:10,email_open,阅读邮件（内部往来 2）,,,,mail.company.cn,,,,
H009535,2026-07-24 18:51:09,failed_login,密码错误自动重试,,T1110.001,,,,,,
H001721,2026-07-24 18:53:49,failed_login,密码错误自动重试,,T1110.001,,,,,,
H002907,2026-07-24 18:59:16,web_visit,访问内部 OA/知识库,,T1071,,docs.company.cn,,,,
H005614,2026-07-24 19:01:35,web_visit,访问内部 OA/知识库,,T1071,,wiki.company.cn,,,,
H001721,2026-07-24 19:03:41,email_open,阅读邮件（内部往来 1）,,,,wiki.company.cn,,,,
H009535,2026-07-24 19:20:52,email_open,阅读邮件（内部往来 1）,,,,npm.company.cn,,,,
H009170,2026-07-24 19:23:31,email_open,阅读邮件（内部往来 1）,,,,npm.company.cn,,,,
H004058,2026-07-24 19:24:33,download,下载文档/更新包 37MB,,T1204.002,,,23250,,,
H001177,2026-07-24 19:28:34,email_open,阅读邮件（内部往来 3）,,,,mail.company.cn,,,,
H005220,2026-07-24 19:33:12,login,登录办公终端,,T1078,,,,,,
H001547,2026-07-24 19:34:17,web_visit,访问内部 OA/知识库,,T1071,,npm.company.cn,,,,
H007458,2026-07-24 19:39:41,dns_query,域名解析,,T1071.001,,taobao.com,,,,
H003043,2026-07-24 19:54:49,login,登录办公终端,,T1078,,,,,,
H003533,2026-07-24 20:05:37,dns_query,域名解析,,T1071.001,,github.com,,,,
H006473,2026-07-24 20:06:48,login,登录办公终端,,T1078,,,,苏州市,,
H006049,2026-07-24 20:27:44,web_visit,访问内部 OA/知识库,,T1071,,kb.company.cn,,,,
H000117,2026-07-24 20:39:41,login,登录办公终端,,T1078,,,,,,
H006113,2026-07-24 20:47:19,web_visit,访问内部 OA/知识库,,T1071,,mail.company.cn,,,,
H006473,2026-07-24 21:18:33,web_visit,访问内部 OA/知识库,,T1071,,wiki.company.cn,,,,
H001651,2026-07-24 21:39:32,dns_query,域名解析,,T1071.001,,taobao.com,,,,
H006049,2026-07-24 22:00:02,upload,外传数据 64MB（疑似误用）,,T1567,,yunpan-free.net,65536,,,
H006049,2026-07-24 22:09:02,upload,外传数据 52MB（疑似误用）,,T1567,,yunpan-free.net,53248,,,
H004564,2026-07-24 22:34:58,download,下载文档/更新包 16MB,,T1204.002,,,20499,,,
H006419,2026-07-24 22:59:25,email_open,阅读邮件（内部往来 2）,,,,mail.company.cn,,,,
H006738,2026-07-24 22:59:34,failed_login,密码错误自动重试,,T1110.001,,,,,,
H004564,2026-07-24 23:41:44,login,登录办公终端,,T1078,,,,,,
H006896,2026-07-25 00:08:39,enum_attempt,账号枚举尝试（来自陌生 IP 1）,recon,T1087,obvious,,,南京市,,
H008931,2026-07-25 00:31:51,email_open,阅读邮件（内部往来 1）,,,,docs.company.cn,,,,
H006049,2026-07-25 01:37:25,login,登录办公终端,,T1078,,,,,,
H003416,2026-07-25 02:49:49,download,下载文档/更新包 28MB,,T1204.002,,,39513,,,
H000805,2026-07-25 04:36:14,failed_login,密码错误自动重试,,T1110.001,,,,,,
H007983,2026-07-25 07:17:36,web_visit,访问内部 OA/知识库,,T1071,,oa.company.cn,,,,
H003923,2026-07-25 07:23:25,email_open,阅读邮件（内部往来 1）,,,,docs.company.cn,,,,
H003752,2026-07-25 07:27:46,email_open,阅读邮件（内部往来 1）,,,,docs.company.cn,,,,
H007500,2026-07-25 07:29:11,failed_login,密码错误自动重试,,T1110.001,,,,,,
H001547,2026-07-25 07:37:48,dns_query,域名解析,,T1071.001,,mail.company.cn,,,,
H005988,2026-07-25 07:43:43,dns_query,域名解析,,T1071.001,,oa.company.cn,,,,
H006049,2026-07-25 07:55:35,email_open,阅读邮件（内部往来 1）,,,,oa.company.cn,,,,
H002907,2026-07-25 07:59:44,email_open,阅读邮件（内部往来 2）,,,,npm.company.cn,,,,
H001419,2026-07-25 08:04:15,email_open,阅读邮件（内部往来 2）,,,,kb.company.cn,,,,
H004362,2026-07-25 08:05:10,email_open,阅读邮件（内部往来 2）,,,,npm.company.cn,,,,
H007129,2026-07-25 08:10:30,email_open,阅读邮件（内部往来 2）,,,,kb.company.cn,,,,
H003416,2026-07-25 08:14:07,web_visit,访问内部 OA/知识库,,T1071,,oa.company.cn,,,,
H006896,2026-07-25 08:16:03,login,登录办公终端,,T1078,,,,,,
H004763,2026-07-25 08:18:54,email_open,阅读邮件（内部往来 1）,,,,wiki.company.cn,,,,
H004724,2026-07-25 08:19:45,web_visit,访问内部 OA/知识库,,T1071,,wiki.company.cn,,,,
H006049,2026-07-25 08:19:52,web_visit,访问内部 OA/知识库,,T1071,,mail.company.cn,,,,
H007500,2026-07-25 08:21:34,failed_login,密码错误自动重试,,T1110.001,,,,,,
H001402,2026-07-25 08:25:05,web_visit,访问内部 OA/知识库,,T1071,,kb.company.cn,,,,
H001547,2026-07-25 08:27:19,web_visit,访问内部 OA/知识库,,T1071,,npm.company.cn,,,,
H000466,2026-07-25 08:29:18,email_open,阅读邮件（内部往来 4）,,,,oa.company.cn,,,,
H003973,2026-07-25 08:34:47,login,登录办公终端,,T1078,,,,,,
H001986,2026-07-25 08:36:17,web_visit,访问内部 OA/知识库,,T1071,,wiki.company.cn,,,,
H007129,2026-07-25 08:36:44,download,下载文档/更新包 35MB,,T1204.002,,,38108,,,
H005496,2026-07-25 08:42:32,email_open,阅读邮件（内部往来 2）,,,,kb.company.cn,,,,
H009698,2026-07-25 08:43:04,web_visit,访问内部 OA/知识库,,T1071,,mail.company.cn,,,,
H003973,2026-07-25 08:46:16,email_open,阅读邮件（内部往来 1）,,,,mail.company.cn,,,,
H006750,2026-07-25 08:52:49,rule_create,设置邮件自动归档规则,,T1114.002,,,,,,
H002479,2026-07-25 08:54:36,web_visit,访问内部 OA/知识库,,T1071,,docs.company.cn,,,,
H002844,2026-07-25 08:56:04,login,登录办公终端,,T1078,,,,苏州市,,
H009535,2026-07-25 08:58:27,email_open,阅读邮件（内部往来 1）,,,,kb.company.cn,,,,
H006311,2026-07-25 09:00:45,web_visit,访问内部 OA/知识库,,T1071,,npm.company.cn,,,,
H008057,2026-07-25 09:01:52,dns_query,域名解析,,T1071.001,,baidu.com,,,,
H004950,2026-07-25 09:08:11,failed_login,密码错误自动重试,,T1110.001,,,,,,
H005988,2026-07-25 09:09:15,email_open,阅读邮件（内部往来 2）,,,,kb.company.cn,,,,
H007500,2026-07-25 09:12:13,web_visit,访问内部 OA/知识库,,T1071,,wiki.company.cn,,,,
H004902,2026-07-25 09:12:56,email_open,阅读邮件（内部往来 1）,,,,docs.company.cn,,,,
H007983,2026-07-25 09:13:45,failed_login,密码错误自动重试,,T1110.001,,,,,,
H001986,2026-07-25 09:13:46,email_open,阅读邮件（内部往来 1）,,,,docs.company.cn,,,,
H000466,2026-07-25 09:15:01,email_open,阅读邮件（内部往来 2）,,,,oa.company.cn,,,,
H006373,2026-07-25 09:19:41,web_visit,访问内部 OA/知识库,,T1071,,npm.company.cn,,,,
H003973,2026-07-25 09:20:15,web_visit,访问内部 OA/知识库,,T1071,,npm.company.cn,,,,
H003910,2026-07-25 09:22:32,login,登录办公终端,,T1078,,,,,,
H007030,2026-07-25 09:22:51,login,登录办公终端,,T1078,,,,西安市,,
H007512,2026-07-25 09:26:07,email_open,阅读邮件（内部往来 1）,,,,wiki.company.cn,,,,
H009979,2026-07-25 09:30:17,email_open,阅读邮件（内部往来 1）,,,,oa.company.cn,,,,
H002774,2026-07-25 09:30:47,email_open,阅读邮件（内部往来 4）,,,,npm.company.cn,,,,
H004717,2026-07-25 09:38:17,web_visit,访问内部 OA/知识库,,T1071,,wiki.company.cn,,,,
H003752,2026-07-25 09:38:24,web_visit,访问内部 OA/知识库,,T1071,,oa.company.cn,,,,
H006049,2026-07-25 09:38:50,failed_login,密码错误自动重试,,T1110.001,,,,,,
H009903,2026-07-25 09:45:20,email_open,阅读邮件（内部往来 1）,,,,kb.company.cn,,,,
H003416,2026-07-25 09:45:54,email_open,阅读邮件（内部往来 3）,,,,docs.company.cn,,,,
H005496,2026-07-25 09:48:32,email_open,阅读邮件（内部往来 3）,,,,npm.company.cn,,,,
H003752,2026-07-25 09:49:59,failed_login,密码错误自动重试,,T1110.001,,,,,,
H005496,2026-07-25 09:51:56,login,登录办公终端,,T1078,,,,,,
H009170,2026-07-25 09:54:17,download,下载文档/更新包 25MB,,T1204.002,,,25566,,,
H006113,2026-07-25 10:00:06,login,登录办公终端,,T1078,,,,武汉市,,
H007983,2026-07-25 10:00:13,dns_query,域名解析,,T1071.001,,qq.com,,,,
H004717,2026-07-25 10:01:21,failed_login,密码错误自动重试,,T1110.001,,,,,,
H003973,2026-07-25 10:02:32,web_visit,访问内部 OA/知识库,,T1071,,npm.company.cn,,,,
H000805,2026-07-25 10:03:11,login,登录办公终端,,T1078,,,,,,
H004956,2026-07-25 10:08:20,email_open,阅读邮件（内部往来 2）,,,,mail.company.cn,,,,
H009535,2026-07-25 10:10:40,download,下载文档/更新包 24MB,,T1204.002,,,2435,,,
H003893,2026-07-25 10:11:31,email_open,阅读邮件（内部往来 1）,,,,wiki.company.cn,,,,
H003910,2026-07-25 10:15:28,email_open,阅读邮件（内部往来 2）,,,,docs.company.cn,,,,
H002907,2026-07-25 10:15:54,web_visit,访问内部 OA/知识库,,T1071,,docs.company.cn,,,,
H006311,2026-07-25 10:16:07,login,登录办公终端,,T1078,,,,,,
H004058,2026-07-25 10:20:40,email_open,阅读邮件（内部往来 1）,,,,docs.company.cn,,,,
H003973,2026-07-25 10:22:33,dns_query,域名解析,,T1071.001,,npm.company.cn,,,,
H004362,2026-07-25 10:22:55,email_open,阅读邮件（内部往来 3）,,,,mail.company.cn,,,,
H003043,2026-07-25 10:29:18,failed_login,密码错误自动重试,,T1110.001,,,,,,
H000466,2026-07-25 10:30:24,email_open,阅读邮件（内部往来 3）,,,,oa.company.cn,,,,
H005600,2026-07-25 10:30:52,login,登录办公终端,,T1078,,,,,,
H004362,2026-07-25 10:33:38,email_open,阅读邮件（内部往来 1）,,,,npm.company.cn,,,,
H004763,2026-07-25 10:36:40,login,登录办公终端,,T1078,,,,,,
H005600,2026-07-25 10:41:14,failed_login,密码错误自动重试,,T1110.001,,,,,,
H007500,2026-07-25 10:41:50,dns_query,域名解析,,T1071.001,,zhihu.com,,,,
H002907,2026-07-25 10:45:19,email_open,阅读邮件（内部往来 1）,,,,wiki.company.cn,,,,
H004058,2026-07-25 10:45:30,email_open,阅读邮件（内部往来 2）,,,,kb.company.cn,,,,
H004724,2026-07-25 10:46:43,login,登录办公终端,,T1078,,,,,,
H001419,2026-07-25 10:47:58,failed_login,密码错误自动重试,,T1110.001,,,,,,
H003533,2026-07-25 10:48:19,email_open,阅读邮件（内部往来 1）,,,,kb.company.cn,,,,
H001721,2026-07-25 10:49:46,download,下载文档/更新包 10MB,,T1204.002,,,13184,,,
H006113,2026-07-25 10:51:45,web_visit,访问内部 OA/知识库,,T1071,,wiki.company.cn,,,,
H006566,2026-07-25 10:53:12,login,登录办公终端,,T1078,,,,,,
H003923,2026-07-25 10:54:46,email_open,阅读邮件（内部往来 2）,,,,npm.company.cn,,,,
H000466,2026-07-25 11:00:40,web_visit,访问内部 OA/知识库,,T1071,,mail.company.cn,,,,
H007129,2026-07-25 11:04:22,login,登录办公终端,,T1078,,,,,,
H001986,2026-07-25 11:05:20,failed_login,密码错误自动重试,,T1110.001,,,,,,
H003752,2026-07-25 11:07:18,dns_query,域名解析,,T1071.001,,wiki.company.cn,,,,
H004362,2026-07-25 11:09:07,dns_query,域名解析,,T1071.001,,kb.company.cn,,,,
H001402,2026-07-25 11:10:04,email_open,阅读邮件（内部往来 1）,,,,oa.company.cn,,,,
H003910,2026-07-25 11:14:27,web_visit,访问内部 OA/知识库,,T1071,,kb.company.cn,,,,
H000466,2026-07-25 11:15:20,web_visit,访问内部 OA/知识库,,T1071,,oa.company.cn,,,,
H003533,2026-07-25 11:16:46,web_visit,访问内部 OA/知识库,,T1071,,docs.company.cn,,,,
H000805,2026-07-25 11:17:16,web_visit,访问内部 OA/知识库,,T1071,,mail.company.cn,,,,
H003752,2026-07-25 11:22:09,login,登录办公终端,,T1078,,,,,,
H005988,2026-07-25 11:23:53,email_open,阅读邮件（内部往来 1）,,,,kb.company.cn,,,,
H008164,2026-07-25 11:25:04,dns_query,域名解析,,T1071.001,,qq.com,,,,
H004058,2026-07-25 11:39:37,login,登录办公终端,,T1078,,,,,,
H004953,2026-07-25 11:42:25,login,登录办公终端,,T1078,,,,南京市,,
H007129,2026-07-25 11:43:21,email_open,阅读邮件（内部往来 1）,,,,wiki.company.cn,,,,
H009170,2026-07-25 11:46:44,email_open,阅读邮件（内部往来 3）,,,,docs.company.cn,,,,
H002540,2026-07-25 11:50:58,web_visit,访问内部 OA/知识库,,T1071,,mail.company.cn,,,,
H005614,2026-07-25 11:53:06,upload,上传附件 1MB,,T1567,,docs.company.cn,13223,,,
H001721,2026-07-25 11:54:30,failed_login,密码错误自动重试,,T1110.001,,,,,,
H004058,2026-07-25 12:00:44,web_visit,访问内部 OA/知识库,,T1071,,npm.company.cn,,,,
H004058,2026-07-25 12:01:20,upload,上传附件 3MB,,T1567,,docs.company.cn,13413,,,
H004956,2026-07-25 12:05:48,login,登录办公终端,,T1078,,,,,,
H005767,2026-07-25 12:13:19,dns_query,域名解析,,T1071.001,,npm.company.cn,,,,
H003043,2026-07-25 12:19:54,email_open,阅读邮件（内部往来 2）,,,,oa.company.cn,,,,
H005614,2026-07-25 12:25:07,failed_login,密码错误自动重试,,T1110.001,,,,,,
H005988,2026-07-25 12:26:27,login,登录办公终端,,T1078,,,,,,
H003533,2026-07-25 12:26:32,login,登录办公终端,,T1078,,,,武汉市,,
H005614,2026-07-25 12:42:00,email_open,阅读邮件（内部往来 1）,,,,wiki.company.cn,,,,
H006311,2026-07-25 12:44:36,web_visit,访问内部 OA/知识库,,T1071,,npm.company.cn,,,,
H006566,2026-07-25 12:50:51,failed_login,密码错误自动重试,,T1110.001,,,,,,
H001419,2026-07-25 12:51:35,email_open,阅读邮件（内部往来 1）,,,,wiki.company.cn,,,,
H001419,2026-07-25 13:08:21,failed_login,密码错误自动重试,,T1110.001,,,,,,
H009535,2026-07-25 13:09:06,failed_login,密码错误自动重试,,T1110.001,,,,,,
H001721,2026-07-25 13:09:22,login,登录办公终端,,T1078,,,,,,
H004902,2026-07-25 13:13:19,login,登录办公终端,,T1078,,,,,,
H003973,2026-07-25 13:16:46,email_open,阅读邮件（内部往来 2）,,,,docs.company.cn,,,,
H003910,2026-07-25 13:29:54,email_open,阅读邮件（内部往来 3）,,,,npm.company.cn,,,,
H009535,2026-07-25 13:30:03,login,登录办公终端,,T1078,,,,,,
H002907,2026-07-25 13:35:02,web_visit,访问内部 OA/知识库,,T1071,,docs.company.cn,,,,
H002844,2026-07-25 13:42:36,download,下载文档/更新包 33MB,,T1204.002,,,9436,,,
H007983,2026-07-25 13:53:27,email_open,阅读邮件（内部往来 1）,,,,mail.company.cn,,,,
H005496,2026-07-25 13:56:50,dns_query,域名解析,,T1071.001,,docs.company.cn,,,,
H002479,2026-07-25 13:57:04,dns_query,域名解析,,T1071.001,,zhihu.com,,,,
H001547,2026-07-25 13:57:45,upload,上传附件 9MB,,T1567,,docs.company.cn,11187,,,
H006566,2026-07-25 13:59:40,failed_login,密码错误自动重试,,T1110.001,,,,,,
H004950,2026-07-25 14:01:45,dns_query,域名解析,,T1071.001,,github.com,,,,
H004956,2026-07-25 14:04:26,email_open,阅读邮件（内部往来 3）,,,,kb.company.cn,,,,
H002774,2026-07-25 14:06:22,web_visit,访问内部 OA/知识库,,T1071,,mail.company.cn,,,,
H003533,2026-07-25 14:08:46,web_visit,访问内部 OA/知识库,,T1071,,docs.company.cn,,,,
H009170,2026-07-25 14:23:17,email_open,阅读邮件（内部往来 2）,,,,mail.company.cn,,,,
H002774,2026-07-25 14:24:12,email_open,阅读邮件（内部往来 2）,,,,npm.company.cn,,,,
H005600,2026-07-25 14:27:02,download,下载文档/更新包 30MB,,T1204.002,,,32275,,,
H008931,2026-07-25 14:36:52,download,下载文档/更新包 12MB,,T1204.002,,,26083,,,
H002540,2026-07-25 14:38:25,login,登录办公终端,,T1078,,,,,,
H003973,2026-07-25 14:39:31,failed_login,密码错误自动重试,,T1110.001,,,,,,
H006896,2026-07-25 14:42:25,web_visit,访问内部 OA/知识库,,T1071,,docs.company.cn,,,,
H003910,2026-07-25 14:42:50,email_open,阅读邮件（内部往来 1）,,,,oa.company.cn,,,,
H002540,2026-07-25 14:47:01,failed_login,密码错误自动重试,,T1110.001,,,,,,
H009979,2026-07-25 14:51:50,email_open,阅读邮件（内部往来 2）,,,,npm.company.cn,,,,
H006113,2026-07-25 14:58:36,failed_login,密码错误自动重试,,T1110.001,,,,,,
H009698,2026-07-25 14:58:49,sensitive_access,查询客户档案（本职工作）,,T1005,,,,,,
H009979,2026-07-25 15:03:42,login,登录办公终端,,T1078,,,,,,
H006419,2026-07-25 15:06:57,email_open,阅读邮件（内部往来 1）,,,,npm.company.cn,,,,
H002844,2026-07-25 15:06:59,web_visit,访问内部 OA/知识库,,T1071,,npm.company.cn,,,,
H000466,2026-07-25 15:11:28,dns_query,域名解析,,T1071.001,,jd.com,,,,
H005988,2026-07-25 15:15:49,failed_login,密码错误自动重试,,T1110.001,,,,,,
H008931,2026-07-25 15:19:25,email_open,阅读邮件（内部往来 2）,,,,wiki.company.cn,,,,
H005496,2026-07-25 15:21:48,email_open,阅读邮件（内部往来 1）,,,,wiki.company.cn,,,,
H005496,2026-07-25 15:22:29,web_visit,访问内部 OA/知识库,,T1071,,oa.company.cn,,,,
H004956,2026-07-25 15:23:57,email_open,阅读邮件（内部往来 4）,,,,npm.company.cn,,,,
H006049,2026-07-25 15:32:00,dns_query,域名解析,,T1071.001,,npm.company.cn,,,,
H002540,2026-07-25 15:35:31,email_open,阅读邮件（内部往来 1）,,,,docs.company.cn,,,,
H000466,2026-07-25 15:38:54,email_open,阅读邮件（内部往来 1）,,,,wiki.company.cn,,,,
H000466,2026-07-25 15:42:43,login,登录办公终端,,T1078,,,,,,
H006373,2026-07-25 15:43:00,email_open,阅读邮件（内部往来 1）,,,,mail.company.cn,,,,
H000805,2026-07-25 15:45:37,email_open,阅读邮件（内部往来 2）,,,,wiki.company.cn,,,,
H007129,2026-07-25 15:45:58,web_visit,访问内部 OA/知识库,,T1071,,mail.company.cn,,,,
H007030,2026-07-25 15:46:37,email_open,阅读邮件（内部往来 2）,,,,mail.company.cn,,,,
H002540,2026-07-25 15:49:37,upload,上传附件 2MB,,T1567,,docs.company.cn,6447,,,
H008164,2026-07-25 15:54:09,email_open,阅读邮件（内部往来 1）,,,,kb.company.cn,,,,
H004950,2026-07-25 15:54:32,upload,上传附件 13MB,,T1567,,docs.company.cn,4782,,,
H008931,2026-07-25 15:55:29,failed_login,密码错误自动重试,,T1110.001,,,,,,
H002844,2026-07-25 15:57:15,web_visit,访问内部 OA/知识库,,T1071,,kb.company.cn,,,,
H007512,2026-07-25 15:57:23,email_open,阅读邮件（内部往来 3）,,,,docs.company.cn,,,,
H001402,2026-07-25 15:57:39,login,登录办公终端,,T1078,,,,,,
H003785,2026-07-25 16:00:01,web_visit,访问内部 OA/知识库,,T1071,,oa.company.cn,,,,
H002907,2026-07-25 16:01:08,email_open,阅读邮件（内部往来 3）,,,,mail.company.cn,,,,
H006373,2026-07-25 16:07:57,download,下载文档/更新包 37MB,,T1204.002,,,9504,,,
H003973,2026-07-25 16:08:28,email_open,阅读邮件（内部往来 3）,,,,docs.company.cn,,,,
H004724,2026-07-25 16:13:30,email_open,阅读邮件（内部往来 1）,,,,oa.company.cn,,,,
H006311,2026-07-25 16:14:14,download,下载文档/更新包 27MB,,T1204.002,,,43152,,,
H002774,2026-07-25 16:18:36,login,登录办公终端,,T1078,,,,,,
H000805,2026-07-25 16:19:21,dns_query,域名解析,,T1071.001,,jd.com,,,,
H009698,2026-07-25 16:20:03,login,登录办公终端,,T1078,,,,,,
H003923,2026-07-25 16:21:01,web_visit,访问内部 OA/知识库,,T1071,,oa.company.cn,,,,
H006311,2026-07-25 16:24:57,failed_login,密码错误自动重试,,T1110.001,,,,,,
H003785,2026-07-25 16:26:06,failed_login,密码错误自动重试,,T1110.001,,,,,,
H004763,2026-07-25 16:28:10,dns_query,域名解析,,T1071.001,,npm.company.cn,,,,
H008057,2026-07-25 16:28:59,email_open,阅读邮件（内部往来 1）,,,,wiki.company.cn,,,,
H003973,2026-07-25 16:30:55,email_open,阅读邮件（内部往来 4）,,,,docs.company.cn,,,,
H002774,2026-07-25 16:33:00,email_open,阅读邮件（内部往来 3）,,,,mail.company.cn,,,,
H008164,2026-07-25 16:34:21,email_open,阅读邮件（内部往来 2）,,,,docs.company.cn,,,,
H008931,2026-07-25 16:35:06,dns_query,HTTPS 隧道心跳（伪装正常访问）,persist,T1071.001,evasive,cdn-verify-svc.net,,,,
H003416,2026-07-25 16:35:22,login,登录办公终端,,T1078,,,,,,
H009500,2026-07-25 16:36:12,email_open,阅读邮件（内部往来 2）,,,,oa.company.cn,,,,
H007500,2026-07-25 16:37:37,upload,上传附件 15MB,,T1567,,docs.company.cn,3904,,,
H007512,2026-07-25 16:37:49,failed_login,密码错误自动重试,,T1110.001,,,,,,
H009979,2026-07-25 16:43:33,web_visit,访问内部 OA/知识库,,T1071,,npm.company.cn,,,,
H007512,2026-07-25 16:43:56,login,登录办公终端,,T1078,,,,,,
H008057,2026-07-25 16:50:19,web_visit,访问内部 OA/知识库,,T1071,,oa.company.cn,,,,
H003416,2026-07-25 16:53:19,web_visit,访问内部 OA/知识库,,T1071,,docs.company.cn,,,,
H009500,2026-07-25 16:53:50,dns_query,域名解析,,T1071.001,,wiki.company.cn,,,,
H005988,2026-07-25 16:54:39,failed_login,密码错误自动重试,,T1110.001,,,,,,
H007500,2026-07-25 16:58:23,email_open,阅读邮件（内部往来 2）,,,,kb.company.cn,,,,
H006896,2026-07-25 16:58:32,dns_query,域名解析,,T1071.001,,baidu.com,,,,
H008057,2026-07-25 17:01:27,login,登录办公终端,,T1078,,,,,,
H002844,2026-07-25 17:02:12,dns_query,域名解析,,T1071.001,,docs.company.cn,,,,
H009500,2026-07-25 17:03:30,login,登录办公终端,,T1078,,,,,,
H003785,2026-07-25 17:05:15,login,登录办公终端,,T1078,,,,苏州市,,
H008931,2026-07-25 17:05:28,login,登录办公终端,,T1078,,,,,,
H004902,2026-07-25 17:06:09,download,下载文档/更新包 15MB,,T1204.002,,,42025,,,
H003043,2026-07-25 17:06:22,failed_login,密码错误自动重试,,T1110.001,,,,,,
H004362,2026-07-25 17:06:50,login,登录办公终端,,T1078,,,,,,
H004902,2026-07-25 17:07:28,dns_query,域名解析,,T1071.001,,wiki.company.cn,,,,
H009698,2026-07-25 17:07:39,email_open,阅读邮件（内部往来 1）,,,,docs.company.cn,,,,
H009500,2026-07-25 17:08:38,web_visit,访问内部 OA/知识库,,T1071,,oa.company.cn,,,,
H001419,2026-07-25 17:09:02,dns_query,域名解析,,T1071.001,,jd.com,,,,
H004950,2026-07-25 17:09:38,email_open,阅读邮件（内部往来 1）,,,,mail.company.cn,,,,
H006113,2026-07-25 17:11:14,failed_login,密码错误自动重试,,T1110.001,,,,,,
H002774,2026-07-25 17:11:40,dns_query,域名解析,,T1071.001,,qq.com,,,,
H004724,2026-07-25 17:12:15,email_open,阅读邮件（内部往来 2）,,,,oa.company.cn,,,,
H006049,2026-07-25 17:13:56,failed_login,密码错误自动重试,,T1110.001,,,,,,
H004816,2026-07-25 17:14:29,login,登录办公终端,,T1078,,,,,,
H003752,2026-07-25 17:14:55,failed_login,密码错误自动重试,,T1110.001,,,,,,
H004950,2026-07-25 17:16:12,failed_login,密码错误自动重试,,T1110.001,,,,,,
H005614,2026-07-25 17:16:33,login,登录办公终端,,T1078,,,,西安市,,
H004950,2026-07-25 17:16:42,download,下载文档/更新包 37MB,,T1204.002,,,9904,,,
H000805,2026-07-25 17:17:19,email_open,阅读邮件（内部往来 1）,,,,mail.company.cn,,,,
H002479,2026-07-25 17:20:14,failed_login,密码错误自动重试,,T1110.001,,,,,,
H006419,2026-07-25 17:22:58,web_visit,访问内部 OA/知识库,,T1071,,kb.company.cn,,,,
H003893,2026-07-25 17:29:03,login,登录办公终端,,T1078,,,,,,
H004950,2026-07-25 17:31:44,login,登录办公终端,,T1078,,,,,,
H009500,2026-07-25 17:32:49,email_open,阅读邮件（内部往来 1）,,,,docs.company.cn,,,,
H001986,2026-07-25 17:33:08,login,登录办公终端,,T1078,,,,,,
H008057,2026-07-25 17:33:11,email_open,阅读邮件（内部往来 3）,,,,oa.company.cn,,,,
H007983,2026-07-25 17:38:06,login,登录办公终端,,T1078,,,,,,
H004717,2026-07-25 17:38:19,dns_query,域名解析,,T1071.001,,taobao.com,,,,
H005767,2026-07-25 17:41:47,upload,上传附件 9MB,,T1567,,docs.company.cn,14454,,,
H004360,2026-07-25 17:44:29,login,登录办公终端,,T1078,,,,苏州市,,
H009698,2026-07-25 17:44:39,dns_query,域名解析,,T1071.001,,taobao.com,,,,
H005767,2026-07-25 17:45:55,login,登录办公终端,,T1078,,,,,,
H001419,2026-07-25 17:46:24,login,登录办公终端,,T1078,,,,,,
H004956,2026-07-25 17:48:52,email_open,阅读邮件（内部往来 1）,,,,kb.company.cn,,,,
H006373,2026-07-25 17:50:10,web_visit,访问内部 OA/知识库,,T1071,,npm.company.cn,,,,
H008164,2026-07-25 17:52:16,login,登录办公终端,,T1078,,,,,,
H002774,2026-07-25 17:54:49,download,下载文档/更新包 38MB,,T1204.002,,,41994,,,
H009170,2026-07-25 17:54:59,email_open,阅读邮件（内部往来 1）,,,,npm.company.cn,,,,
H008931,2026-07-25 18:04:37,dns_query,域名解析,,T1071.001,,docs.company.cn,,,,
H007512,2026-07-25 18:05:39,download,下载文档/更新包 8MB,,T1204.002,,,13169,,,
H006419,2026-07-25 18:10:37,login,登录办公终端,,T1078,,,,南京市,,
H007129,2026-07-25 18:11:55,dns_query,域名解析,,T1071.001,,mail.company.cn,,,,
H007512,2026-07-25 18:15:04,email_open,阅读邮件（内部往来 2）,,,,npm.company.cn,,,,
H004080,2026-07-25 18:15:09,web_visit,访问内部 OA/知识库,,T1071,,mail.company.cn,,,,
H001419,2026-07-25 18:17:09,web_visit,访问内部 OA/知识库,,T1071,,mail.company.cn,,,,
H003752,2026-07-25 18:22:48,web_visit,访问内部 OA/知识库,,T1071,,mail.company.cn,,,,
H009979,2026-07-25 18:26:03,dns_query,域名解析,,T1071.001,,kb.company.cn,,,,
H004717,2026-07-25 18:29:26,login,登录办公终端,,T1078,,,,,,
H009170,2026-07-25 18:35:38,login,登录办公终端,,T1078,,,,,,
H009903,2026-07-25 18:42:29,login,登录办公终端,,T1078,,,,天津市,,
H004717,2026-07-25 18:43:00,download,下载文档/更新包 11MB,,T1204.002,,,10928,,,
H006373,2026-07-25 18:45:15,login,登录办公终端,,T1078,,,,苏州市,,
H001419,2026-07-25 18:47:28,failed_login,密码错误自动重试,,T1110.001,,,,,,
H006750,2026-07-25 18:51:19,smb_connect,访问文件服务器共享目录,,T1021.002,,,,,,FILE-SRV01
H002479,2026-07-25 18:53:15,login,登录办公终端,,T1078,,,,天津市,,
H007512,2026-07-25 18:55:29,failed_login,密码错误自动重试,,T1110.001,,,,,,
H001547,2026-07-25 18:57:42,login,登录办公终端,,T1078,,,,南京市,,
H006113,2026-07-25 18:57:48,web_visit,访问内部 OA/知识库,,T1071,,kb.company.cn,,,,
H009170,2026-07-25 18:58:25,web_visit,访问内部 OA/知识库,,T1071,,wiki.company.cn,,,,
H004956,2026-07-25 18:58:51,failed_login,密码错误自动重试,,T1110.001,,,,,,
H008931,2026-07-25 18:59:06,email_open,阅读邮件（内部往来 3）,,,,mail.company.cn,,,,
H003416,2026-07-25 19:00:21,email_open,阅读邮件（内部往来 1）,,,,wiki.company.cn,,,,
H003923,2026-07-25 19:08:26,login,登录办公终端,,T1078,,,,,,
H005496,2026-07-25 19:12:09,web_visit,访问内部 OA/知识库,,T1071,,mail.company.cn,,,,
H002774,2026-07-25 19:22:28,email_open,阅读邮件（内部往来 1）,,,,mail.company.cn,,,,
H009500,2026-07-25 19:23:48,email_open,阅读邮件（内部往来 3）,,,,mail.company.cn,,,,
H002540,2026-07-25 19:26:35,web_visit,访问内部 OA/知识库,,T1071,,mail.company.cn,,,,
H002907,2026-07-25 19:36:21,login,登录办公终端,,T1078,,,,,,
H003043,2026-07-25 19:39:40,email_open,阅读邮件（内部往来 1）,,,,oa.company.cn,,,,
H004080,2026-07-25 19:50:04,login,登录办公终端,,T1078,,,,,,
H007030,2026-07-25 19:58:14,email_open,阅读邮件（内部往来 1）,,,,npm.company.cn,,,,
H004950,2026-07-25 19:59:23,email_open,阅读邮件（内部往来 2）,,,,mail.company.cn,,,,
H003416,2026-07-25 19:59:40,email_open,阅读邮件（内部往来 2）,,,,wiki.company.cn,,,,
H006896,2026-07-25 20:08:39,failed_login,暴力尝试（第 1 次）,initial,T1110.001,obvious,,,南京市,,
H006896,2026-07-25 20:11:39,failed_login,暴力尝试（第 2 次）,initial,T1110.001,obvious,,,杭州市,,
H006896,2026-07-25 20:14:39,failed_login,暴力尝试（第 4 次）,initial,T1110.001,obvious,,,东莞市,,
H006896,2026-07-25 20:14:39,failed_login,暴力尝试（第 7 次）,initial,T1110.001,obvious,,,天津市,,
H006896,2026-07-25 20:15:39,failed_login,暴力尝试（第 8 次）,initial,T1110.001,obvious,,,东莞市,,
H008057,2026-07-25 20:15:39,email_open,阅读邮件（内部往来 2）,,,,oa.company.cn,,,,
H006896,2026-07-25 20:16:39,failed_login,暴力尝试（第 3 次）,initial,T1110.001,obvious,,,武汉市,,
H006896,2026-07-25 20:17:39,failed_login,暴力尝试（第 10 次）,initial,T1110.001,obvious,,,西安市,,
H005600,2026-07-25 20:22:54,dns_query,域名解析,,T1071.001,,taobao.com,,,,
H007500,2026-07-25 20:24:04,email_open,阅读邮件（内部往来 1）,,,,npm.company.cn,,,,
H006896,2026-07-25 20:24:39,failed_login,暴力尝试（第 5 次）,initial,T1110.001,obvious,,,北京市,,
H006896,2026-07-25 20:24:39,failed_login,暴力尝试（第 9 次）,initial,T1110.001,obvious,,,苏州市,,
H007500,2026-07-25 20:25:43,login,登录办公终端,,T1078,,,,,,
H006896,2026-07-25 20:28:39,failed_login,暴力尝试（第 6 次）,initial,T1110.001,obvious,,,南京市,,
H006896,2026-07-25 20:38:39,failed_login,暴力尝试（第 11 次）,initial,T1110.001,obvious,,,天津市,,
H006896,2026-07-25 20:50:39,login,爆破成功（攻击者登录）,initial,T1078,obvious,,,天津市,1,
H007030,2026-07-25 20:56:09,web_visit,访问内部 OA/知识库,,T1071,,wiki.company.cn,,,,
H006896,2026-07-25 21:08:39,privesc,本地提权（创建服务）,privesc,T1543.003,obvious,,,,,
H002774,2026-07-25 21:10:05,web_visit,访问内部 OA/知识库,,T1071,,oa.company.cn,,,,
H007983,2026-07-25 21:34:01,web_visit,访问内部 OA/知识库,,T1071,,wiki.company.cn,,,,
H004763,2026-07-25 21:46:08,email_open,阅读邮件（内部往来 2）,,,,oa.company.cn,,,,
H003043,2026-07-25 21:46:09,login,登录办公终端,,T1078,,,,,,
H003973,2026-07-25 21:53:46,download,下载文档/更新包 30MB,,T1204.002,,,7165,,,
H004724,2026-07-25 22:02:49,dns_query,域名解析,,T1071.001,,wiki.company.cn,,,,
H006896,2026-07-25 22:08:39,persist_create,添加隐藏后门账号,persist,T1053.005,obvious,,,,,
H006896,2026-07-25 22:08:39,rdp_connect,RDP 横向到 GIT-SRV01,lateral,T1021.001,obvious,,,,,MAIL-SRV01
H009535,2026-07-25 22:33:27,web_visit,访问内部 OA/知识库,,T1071,,oa.company.cn,,,,
H008164,2026-07-25 22:52:10,download,下载文档/更新包 3MB,,T1204.002,,,6829,,,
H006896,2026-07-25 23:08:39,rdp_connect,RDP 横向到 MAIL-SRV01,lateral,T1021.001,obvious,,,,,HR-SRV01
H006896,2026-07-26 00:08:39,cleanup,关闭安全审计日志,cover,T1070.004,obvious,,,,,
H004360,2026-07-26 00:44:56,email_open,阅读邮件（内部往来 2）,,,,mail.company.cn,,,,
H002479,2026-07-26 01:40:18,email_open,阅读邮件（内部往来 3）,,,,npm.company.cn,,,,
H007030,2026-07-26 03:31:56,download,下载文档/更新包 30MB,,T1204.002,,,5864,,,
H001721,2026-07-26 04:03:32,web_visit,访问内部 OA/知识库,,T1071,,wiki.company.cn,,,,
H004763,2026-07-26 04:29:14,email_open,阅读邮件（内部往来 1）,,,,npm.company.cn,,,,
H001419,2026-07-26 06:14:23,email_open,阅读邮件（内部往来 3）,,,,npm.company.cn,,,,
H006473,2026-07-26 06:56:33,dns_query,域名解析,,T1071.001,,oa.company.cn,,,,
H001419,2026-07-26 07:03:07,email_open,阅读邮件（内部往来 2）,,,,wiki.company.cn,,,,
H003416,2026-07-26 07:23:18,login,登录办公终端,,T1078,,,,,,
H001986,2026-07-26 07:25:36,download,下载文档/更新包 25MB,,T1204.002,,,9339,,,
H006311,2026-07-26 07:43:42,web_visit,访问内部 OA/知识库,,T1071,,oa.company.cn,,,,
H003725,2026-07-26 07:52:44,web_visit,访问内部 OA/知识库,,T1071,,mail.company.cn,,,,
H008057,2026-07-26 08:02:35,web_visit,访问内部 OA/知识库,,T1071,,oa.company.cn,,,,
H004717,2026-07-26 08:04:52,dns_query,域名解析,,T1071.001,,jd.com,,,,
H003910,2026-07-26 08:08:28,dns_query,域名解析,,T1071.001,,github.com,,,,
H007512,2026-07-26 08:08:51,email_open,阅读邮件（内部往来 3）,,,,npm.company.cn,,,,
H001269,2026-07-26 08:12:11,email_open,阅读邮件（内部往来 1）,,,,npm.company.cn,,,,
H008981,2026-07-26 08:12:15,download,下载文档/更新包 5MB,,T1204.002,,,30303,,,
H006750,2026-07-26 08:16:19,web_visit,访问内部 OA/知识库,,T1071,,wiki.company.cn,,,,
H000564,2026-07-26 08:18:37,email_open,阅读邮件（内部往来 4）,,,,npm.company.cn,,,,
H004902,2026-07-26 08:22:18,email_open,阅读邮件（内部往来 1）,,,,wiki.company.cn,,,,
H003416,2026-07-26 08:30:26,email_open,阅读邮件（内部往来 1）,,,,docs.company.cn,,,,
H004763,2026-07-26 08:33:18,login,登录办公终端,,T1078,,,,,,
H001269,2026-07-26 08:35:37,login,登录办公终端,,T1078,,,,,,
H001721,2026-07-26 08:38:46,email_open,阅读邮件（内部往来 1）,,,,kb.company.cn,,,,
H001547,2026-07-26 08:45:39,web_visit,访问内部 OA/知识库,,T1071,,docs.company.cn,,,,
H003416,2026-07-26 08:47:52,dns_query,域名解析,,T1071.001,,wiki.company.cn,,,,
H006373,2026-07-26 08:49:08,login,登录办公终端,,T1078,,,,苏州市,,
H000438,2026-07-26 08:54:18,email_open,阅读邮件（内部往来 1）,,,,wiki.company.cn,,,,
H009691,2026-07-26 08:54:30,email_open,阅读邮件（内部往来 1）,,,,docs.company.cn,,,,
H007512,2026-07-26 08:55:42,download,下载文档/更新包 28MB,,T1204.002,,,28575,,,
H008981,2026-07-26 08:58:49,web_visit,访问内部 OA/知识库,,T1071,,wiki.company.cn,,,,
H001824,2026-07-26 08:59:16,download,下载文档/更新包 10MB,,T1204.002,,,25744,,,
H001419,2026-07-26 09:01:02,login,登录办公终端,,T1078,,,,,,
H008164,2026-07-26 09:01:35,login,登录办公终端,,T1078,,,,,,
H008214,2026-07-26 09:05:12,login,登录办公终端,,T1078,,,,东莞市,,
H006718,2026-07-26 09:05:18,web_visit,访问内部 OA/知识库,,T1071,,npm.company.cn,,,,
H009535,2026-07-26 09:06:35,login,登录办公终端,,T1078,,,,,,
H003725,2026-07-26 09:06:37,download,下载文档/更新包 36MB,,T1204.002,,,33237,,,
H004950,2026-07-26 09:11:16,dns_query,域名解析,,T1071.001,,weibo.com,,,,
H008154,2026-07-26 09:12:45,login,登录办公终端,,T1078,,,,,,
H001235,2026-07-26 09:13:15,email_open,阅读邮件（内部往来 1）,,,,oa.company.cn,,,,
H008057,2026-07-26 09:14:29,web_visit,访问内部 OA/知识库,,T1071,,oa.company.cn,,,,
H007512,2026-07-26 09:15:35,failed_login,密码错误自动重试,,T1110.001,,,,,,
H005988,2026-07-26 09:19:54,login,登录办公终端,,T1078,,,,,,
H004956,2026-07-26 09:19:57,login,登录办公终端,,T1078,,,,,,
H004956,2026-07-26 09:19:57,web_visit,访问内部 OA/知识库,,T1071,,npm.company.cn,,,,
H004564,2026-07-26 09:21:27,web_visit,访问内部 OA/知识库,,T1071,,kb.company.cn,,,,
H001986,2026-07-26 09:33:50,email_open,阅读邮件（内部往来 3）,,,,mail.company.cn,,,,
H008057,2026-07-26 09:34:35,email_open,阅读邮件（内部往来 1）,,,,mail.company.cn,,,,
H004362,2026-07-26 09:35:34,web_visit,访问内部 OA/知识库,,T1071,,kb.company.cn,,,,
H000438,2026-07-26 09:43:58,login,登录办公终端,,T1078,,,,,,
H001824,2026-07-26 09:48:12,login,登录办公终端,,T1078,,,,,,
H003043,2026-07-26 09:49:47,failed_login,密码错误自动重试,,T1110.001,,,,,,
H008931,2026-07-26 09:50:12,failed_login,密码错误自动重试,,T1110.001,,,,,,
H006750,2026-07-26 09:50:46,email_open,阅读邮件（内部往来 2）,,,,docs.company.cn,,,,
H006419,2026-07-26 09:51:30,failed_login,密码错误自动重试,,T1110.001,,,,,,
H003973,2026-07-26 09:53:58,failed_login,密码错误自动重试,,T1110.001,,,,,,
H008214,2026-07-26 09:54:55,download,下载文档/更新包 41MB,,T1204.002,,,27719,,,
H008057,2026-07-26 09:57:54,email_open,阅读邮件（内部往来 2）,,,,kb.company.cn,,,,
H003725,2026-07-26 09:59:05,dns_query,域名解析,,T1071.001,,qq.com,,,,
H007500,2026-07-26 09:59:38,email_open,阅读邮件（内部往来 2）,,,,mail.company.cn,,,,
H008214,2026-07-26 10:00:57,dns_query,域名解析,,T1071.001,,jd.com,,,,
H001824,2026-07-26 10:01:12,dns_query,域名解析,,T1071.001,,wiki.company.cn,,,,
H004902,2026-07-26 10:04:07,upload,上传附件 12MB,,T1567,,docs.company.cn,8983,,,
H001402,2026-07-26 10:05:09,email_open,阅读邮件（内部往来 3）,,,,mail.company.cn,,,,
H000564,2026-07-26 10:06:30,email_open,阅读邮件（内部往来 2）,,,,kb.company.cn,,,,
H007512,2026-07-26 10:07:30,login,登录办公终端,,T1078,,,,,,
H000438,2026-07-26 10:09:47,web_visit,访问内部 OA/知识库,,T1071,,docs.company.cn,,,,
H004362,2026-07-26 10:11:20,web_visit,访问内部 OA/知识库,,T1071,,docs.company.cn,,,,
H004394,2026-07-26 10:12:23,email_open,阅读邮件（内部往来 1）,,,,docs.company.cn,,,,
H000438,2026-07-26 10:20:28,download,下载文档/更新包 30MB,,T1204.002,,,36086,,,
H003923,2026-07-26 10:23:28,login,登录办公终端,,T1078,,,,,,
H007500,2026-07-26 10:26:34,email_open,阅读邮件（内部往来 1）,,,,kb.company.cn,,,,
H003752,2026-07-26 10:27:01,failed_login,密码错误自动重试,,T1110.001,,,,,,
H005767,2026-07-26 10:28:10,web_visit,访问内部 OA/知识库,,T1071,,wiki.company.cn,,,,
H006473,2026-07-26 10:29:48,web_visit,访问内部 OA/知识库,,T1071,,mail.company.cn,,,,
H001986,2026-07-26 10:30:54,email_open,阅读邮件（内部往来 1）,,,,wiki.company.cn,,,,
H001402,2026-07-26 10:42:49,login,登录办公终端,,T1078,,,,,,
H006473,2026-07-26 10:48:28,email_open,阅读邮件（内部往来 2）,,,,docs.company.cn,,,,
H004564,2026-07-26 10:51:37,email_open,阅读邮件（内部往来 1）,,,,oa.company.cn,,,,
H003416,2026-07-26 10:52:18,web_visit,访问内部 OA/知识库,,T1071,,kb.company.cn,,,,
H006311,2026-07-26 10:52:41,login,登录办公终端,,T1078,,,,,,
H006750,2026-07-26 10:54:59,login,登录办公终端,,T1078,,,,,,
H001269,2026-07-26 10:55:07,web_visit,访问内部 OA/知识库,,T1071,,npm.company.cn,,,,
H004362,2026-07-26 11:04:52,email_open,阅读邮件（内部往来 2）,,,,kb.company.cn,,,,
H007512,2026-07-26 11:06:35,upload,上传附件 6MB,,T1567,,docs.company.cn,14962,,,
H004950,2026-07-26 11:07:45,email_open,阅读邮件（内部往来 1）,,,,kb.company.cn,,,,
H003043,2026-07-26 11:11:44,email_open,阅读邮件（内部往来 2）,,,,oa.company.cn,,,,
H001402,2026-07-26 11:13:27,email_open,阅读邮件（内部往来 1）,,,,kb.company.cn,,,,
H004950,2026-07-26 11:13:51,email_open,阅读邮件（内部往来 2）,,,,wiki.company.cn,,,,
H000438,2026-07-26 11:14:03,email_open,阅读邮件（内部往来 2）,,,,wiki.company.cn,,,,
H003752,2026-07-26 11:14:17,email_open,阅读邮件（内部往来 3）,,,,oa.company.cn,,,,
H004362,2026-07-26 11:18:48,email_open,阅读邮件（内部往来 4）,,,,npm.company.cn,,,,
H001824,2026-07-26 11:21:00,email_open,阅读邮件（内部往来 4）,,,,npm.company.cn,,,,
H006373,2026-07-26 11:23:29,failed_login,密码错误自动重试,,T1110.001,,,,,,
H006419,2026-07-26 11:24:04,login,登录办公终端,,T1078,,,,南京市,,
H001721,2026-07-26 11:26:33,download,下载文档/更新包 1MB,,T1204.002,,,24499,,,
H006311,2026-07-26 11:29:10,email_open,阅读邮件（内部往来 2）,,,,kb.company.cn,,,,
H005767,2026-07-26 11:31:44,login,登录办公终端,,T1078,,,,,,
H003973,2026-07-26 11:33:07,login,登录办公终端,,T1078,,,,,,
H003043,2026-07-26 11:34:21,web_visit,访问内部 OA/知识库,,T1071,,oa.company.cn,,,,
H008164,2026-07-26 11:37:33,email_open,阅读邮件（内部往来 1）,,,,npm.company.cn,,,,
H007500,2026-07-26 11:48:44,login,登录办公终端,,T1078,,,,,,
H006419,2026-07-26 11:51:30,email_open,阅读邮件（内部往来 2）,,,,npm.company.cn,,,,
H004717,2026-07-26 11:54:15,email_open,阅读邮件（内部往来 1）,,,,kb.company.cn,,,,
H006718,2026-07-26 11:56:58,email_open,阅读邮件（内部往来 1）,,,,mail.company.cn,,,,
H003752,2026-07-26 12:04:40,email_open,阅读邮件（内部往来 1）,,,,oa.company.cn,,,,
H004080,2026-07-26 12:06:34,failed_login,密码错误自动重试,,T1110.001,,,,,,
H004360,2026-07-26 12:07:58,failed_login,密码错误自动重试,,T1110.001,,,,,,
H009170,2026-07-26 12:12:46,email_open,阅读邮件（内部往来 1）,,,,wiki.company.cn,,,,
H001177,2026-07-26 12:18:37,login,登录办公终端,,T1078,,,,,,
H004362,2026-07-26 12:23:34,failed_login,密码错误自动重试,,T1110.001,,,,,,
H004763,2026-07-26 12:26:19,email_open,阅读邮件（内部往来 2）,,,,docs.company.cn,,,,
H004763,2026-07-26 12:36:49,dns_query,域名解析,,T1071.001,,qq.com,,,,
H003923,2026-07-26 12:44:06,download,下载文档/更新包 11MB,,T1204.002,,,23261,,,
H003923,2026-07-26 12:44:22,web_visit,访问内部 OA/知识库,,T1071,,docs.company.cn,,,,
H003416,2026-07-26 12:47:55,download,下载文档/更新包 9MB,,T1204.002,,,14134,,,
H004950,2026-07-26 12:48:04,login,登录办公终端,,T1078,,,,,,
H006718,2026-07-26 12:55:03,failed_login,密码错误自动重试,,T1110.001,,,,,,
H003043,2026-07-26 12:55:42,email_open,阅读邮件（内部往来 3）,,,,docs.company.cn,,,,
H008931,2026-07-26 12:58:51,email_open,阅读邮件（内部往来 1）,,,,mail.company.cn,,,,
H005496,2026-07-26 13:00:01,upload,外发数据 57MB（含客户名单片段）,exfil,T1567,evasive,share-doc.company.cn,58368,,,
H003043,2026-07-26 13:01:52,failed_login,密码错误自动重试,,T1110.001,,,,,,
H004362,2026-07-26 13:05:31,email_open,阅读邮件（内部往来 3）,,,,docs.company.cn,,,,
H004763,2026-07-26 13:06:58,web_visit,访问内部 OA/知识库,,T1071,,docs.company.cn,,,,
H003725,2026-07-26 13:11:38,web_visit,访问内部 OA/知识库,,T1071,,oa.company.cn,,,,
H002479,2026-07-26 13:23:36,email_open,阅读邮件（内部往来 1）,,,,docs.company.cn,,,,
H001547,2026-07-26 13:27:35,login,登录办公终端,,T1078,,,,南京市,,
H009691,2026-07-26 13:43:37,failed_login,密码错误自动重试,,T1110.001,,,,,,
H005988,2026-07-26 13:45:02,download,下载文档/更新包 5MB,,T1204.002,,,43758,,,
H005614,2026-07-26 13:49:56,email_open,阅读邮件（内部往来 1）,,,,npm.company.cn,,,,
H001402,2026-07-26 14:00:29,dns_query,域名解析,,T1071.001,,qq.com,,,,
H004956,2026-07-26 14:02:00,email_open,阅读邮件（内部往来 1）,,,,npm.company.cn,,,,
H001986,2026-07-26 14:02:36,login,登录办公终端,,T1078,,,,,,
H006718,2026-07-26 14:02:45,dns_query,域名解析,,T1071.001,,jd.com,,,,
H000466,2026-07-26 14:03:11,dns_query,域名解析,,T1071.001,,baidu.com,,,,
H003910,2026-07-26 14:04:48,web_visit,访问内部 OA/知识库,,T1071,,docs.company.cn,,,,
H007030,2026-07-26 14:09:14,email_open,阅读邮件（内部往来 1）,,,,mail.company.cn,,,,
H001986,2026-07-26 14:14:26,email_open,阅读邮件（内部往来 2）,,,,mail.company.cn,,,,
H004058,2026-07-26 14:21:48,web_visit,访问内部 OA/知识库,,T1071,,wiki.company.cn,,,,
H000466,2026-07-26 14:28:17,login,登录办公终端,,T1078,,,,,,
H006311,2026-07-26 14:35:06,email_open,阅读邮件（内部往来 1）,,,,oa.company.cn,,,,
H004775,2026-07-26 14:38:05,download,下载文档/更新包 16MB,,T1204.002,,,17254,,,
H000466,2026-07-26 14:38:16,web_visit,访问内部 OA/知识库,,T1071,,oa.company.cn,,,,
H004362,2026-07-26 14:39:41,dns_query,域名解析,,T1071.001,,npm.company.cn,,,,
H000564,2026-07-26 14:44:01,email_open,阅读邮件（内部往来 1）,,,,kb.company.cn,,,,
H004058,2026-07-26 14:45:17,web_visit,访问内部 OA/知识库,,T1071,,mail.company.cn,,,,
H008214,2026-07-26 14:49:25,email_open,阅读邮件（内部往来 1）,,,,mail.company.cn,,,,
H000438,2026-07-26 14:50:18,web_visit,访问内部 OA/知识库,,T1071,,mail.company.cn,,,,
H004775,2026-07-26 14:50:44,web_visit,访问内部 OA/知识库,,T1071,,npm.company.cn,,,,
H000987,2026-07-26 14:55:21,dns_query,域名解析,,T1071.001,,weibo.com,,,,
H001235,2026-07-26 14:57:19,download,下载文档/更新包 12MB,,T1204.002,,,37008,,,
H003910,2026-07-26 14:59:57,web_visit,访问内部 OA/知识库,,T1071,,mail.company.cn,,,,
H007512,2026-07-26 15:01:29,dns_query,域名解析,,T1071.001,,weibo.com,,,,
H008154,2026-07-26 15:08:14,email_open,阅读邮件（内部往来 1）,,,,wiki.company.cn,,,,
H008981,2026-07-26 15:11:30,web_visit,访问内部 OA/知识库,,T1071,,npm.company.cn,,,,
H001824,2026-07-26 15:11:53,email_open,阅读邮件（内部往来 3）,,,,wiki.company.cn,,,,
H008931,2026-07-26 15:13:20,web_visit,访问内部 OA/知识库,,T1071,,docs.company.cn,,,,
H003752,2026-07-26 15:14:13,email_open,阅读邮件（内部往来 2）,,,,kb.company.cn,,,,
H006373,2026-07-26 15:14:44,download,下载文档/更新包 12MB,,T1204.002,,,38782,,,
H001402,2026-07-26 15:17:25,email_open,阅读邮件（内部往来 4）,,,,docs.company.cn,,,,
H004564,2026-07-26 15:22:00,email_open,阅读邮件（内部往来 2）,,,,wiki.company.cn,,,,
H003923,2026-07-26 15:22:48,web_visit,访问内部 OA/知识库,,T1071,,wiki.company.cn,,,,
H001547,2026-07-26 15:23:01,download,下载文档/更新包 4MB,,T1204.002,,,11184,,,
H001269,2026-07-26 15:25:48,email_open,阅读邮件（内部往来 2）,,,,wiki.company.cn,,,,
H003973,2026-07-26 15:32:10,email_open,阅读邮件（内部往来 2）,,,,mail.company.cn,,,,
H001419,2026-07-26 15:33:44,web_visit,访问内部 OA/知识库,,T1071,,wiki.company.cn,,,,
H004360,2026-07-26 15:35:27,failed_login,密码错误自动重试,,T1110.001,,,,,,
H009691,2026-07-26 15:39:28,login,登录办公终端,,T1078,,,,东莞市,,
H004902,2026-07-26 15:39:36,login,登录办公终端,,T1078,,,,,,
H006718,2026-07-26 15:42:56,web_visit,访问内部 OA/知识库,,T1071,,oa.company.cn,,,,
H009170,2026-07-26 15:46:55,web_visit,访问内部 OA/知识库,,T1071,,docs.company.cn,,,,
H008931,2026-07-26 15:53:37,email_open,阅读邮件（内部往来 2）,,,,wiki.company.cn,,,,
H001824,2026-07-26 15:54:10,web_visit,访问内部 OA/知识库,,T1071,,kb.company.cn,,,,
H009535,2026-07-26 15:54:53,web_visit,访问内部 OA/知识库,,T1071,,docs.company.cn,,,,
H002774,2026-07-26 15:56:21,email_open,阅读邮件（内部往来 1）,,,,wiki.company.cn,,,,
H003752,2026-07-26 16:05:03,login,登录办公终端,,T1078,,,,,,
H006473,2026-07-26 16:05:33,login,登录办公终端,,T1078,,,,苏州市,,
H000466,2026-07-26 16:07:11,email_open,阅读邮件（内部往来 1）,,,,kb.company.cn,,,,
H008931,2026-07-26 16:13:16,email_open,阅读邮件（内部往来 3）,,,,docs.company.cn,,,,
H002479,2026-07-26 16:22:58,web_visit,访问内部 OA/知识库,,T1071,,oa.company.cn,,,,
H004394,2026-07-26 16:24:01,login,登录办公终端,,T1078,,,,,,
H006419,2026-07-26 16:25:33,web_visit,访问内部 OA/知识库,,T1071,,mail.company.cn,,,,
H004717,2026-07-26 16:26:14,download,下载文档/更新包 6MB,,T1204.002,,,22846,,,
H006473,2026-07-26 16:29:44,email_open,阅读邮件（内部往来 1）,,,,kb.company.cn,,,,
H004717,2026-07-26 16:31:36,login,登录办公终端,,T1078,,,,,,
H004564,2026-07-26 16:34:25,web_visit,访问内部 OA/知识库,,T1071,,wiki.company.cn,,,,
H003725,2026-07-26 16:36:11,upload,上传附件 7MB,,T1567,,docs.company.cn,7834,,,
H003043,2026-07-26 16:39:15,email_open,阅读邮件（内部往来 1）,,,,oa.company.cn,,,,
H000117,2026-07-26 16:39:59,sensitive_access,查询客户档案（本职工作）,,T1005,,,,,,
H004763,2026-07-26 16:40:03,download,下载文档/更新包 7MB,,T1204.002,,,25859,,,
H007512,2026-07-26 16:46:00,email_open,阅读邮件（内部往来 2）,,,,oa.company.cn,,,,
H004362,2026-07-26 16:49:31,email_open,阅读邮件（内部往来 1）,,,,docs.company.cn,,,,
H004360,2026-07-26 16:50:44,email_open,阅读邮件（内部往来 1）,,,,kb.company.cn,,,,
H004775,2026-07-26 16:53:42,login,登录办公终端,,T1078,,,,,,
H000987,2026-07-26 16:55:04,login,登录办公终端,,T1078,,,,天津市,,
H008931,2026-07-26 16:57:05,web_visit,访问内部 OA/知识库,,T1071,,wiki.company.cn,,,,
H006750,2026-07-26 16:57:55,download,下载来源不明安装包,,T1204.002,,update-cdn-svc.cn,12411,,,
H009170,2026-07-26 16:59:28,dns_query,域名解析,,T1071.001,,oa.company.cn,,,,
H004360,2026-07-26 17:00:06,web_visit,访问内部 OA/知识库,,T1071,,wiki.company.cn,,,,
H002774,2026-07-26 17:03:15,login,登录办公终端,,T1078,,,,,,
H004080,2026-07-26 17:06:21,login,登录办公终端,,T1078,,,,,,
H004394,2026-07-26 17:08:14,download,下载文档/更新包 27MB,,T1204.002,,,42407,,,
H003910,2026-07-26 17:09:31,login,登录办公终端,,T1078,,,,,,
H001986,2026-07-26 17:10:06,web_visit,访问内部 OA/知识库,,T1071,,docs.company.cn,,,,
H007500,2026-07-26 17:10:25,email_open,阅读邮件（内部往来 3）,,,,wiki.company.cn,,,,
H001177,2026-07-26 17:17:04,web_visit,访问内部 OA/知识库,,T1071,,mail.company.cn,,,,
H001824,2026-07-26 17:18:58,email_open,阅读邮件（内部往来 2）,,,,wiki.company.cn,,,,
H003973,2026-07-26 17:19:42,email_open,阅读邮件（内部往来 1）,,,,npm.company.cn,,,,
H008214,2026-07-26 17:23:36,smb_connect,访问文件服务器共享目录,,T1021.002,,,,,,FILE-SRV01
H003725,2026-07-26 17:25:29,login,登录办公终端,,T1078,,,,,,
H006718,2026-07-26 17:25:29,failed_login,密码错误自动重试,,T1110.001,,,,,,
H001235,2026-07-26 17:28:57,login,登录办公终端,,T1078,,,,,,
H006750,2026-07-26 17:31:34,failed_login,密码错误自动重试,,T1110.001,,,,,,
H004058,2026-07-26 17:32:34,login,登录办公终端,,T1078,,,,,,
H001402,2026-07-26 17:36:29,failed_login,密码错误自动重试,,T1110.001,,,,,,
H001235,2026-07-26 17:37:02,dns_query,域名解析,,T1071.001,,kb.company.cn,,,,
H007030,2026-07-26 17:37:41,login,登录办公终端,,T1078,,,,西安市,,
H004394,2026-07-26 17:42:20,web_visit,访问内部 OA/知识库,,T1071,,mail.company.cn,,,,
H006419,2026-07-26 17:43:01,dns_query,域名解析,,T1071.001,,github.com,,,,
H001721,2026-07-26 17:50:36,email_open,阅读邮件（内部往来 2）,,,,docs.company.cn,,,,
H008214,2026-07-26 17:51:21,web_visit,访问内部 OA/知识库,,T1071,,mail.company.cn,,,,
H004775,2026-07-26 17:51:25,email_open,阅读邮件（内部往来 2）,,,,oa.company.cn,,,,
H000564,2026-07-26 17:54:56,login,登录办公终端,,T1078,,,,,,
H004360,2026-07-26 17:55:15,login,登录办公终端,,T1078,,,,苏州市,,
H004775,2026-07-26 17:55:42,email_open,阅读邮件（内部往来 1）,,,,wiki.company.cn,,,,
H008981,2026-07-26 17:58:18,login,登录办公终端,,T1078,,,,,,
H008164,2026-07-26 17:58:49,web_visit,访问内部 OA/知识库,,T1071,,wiki.company.cn,,,,
H004394,2026-07-26 18:00:27,dns_query,域名解析,,T1071.001,,baidu.com,,,,
H001986,2026-07-26 18:01:05,dns_query,域名解析,,T1071.001,,jd.com,,,,
H007030,2026-07-26 18:02:35,web_visit,访问内部 OA/知识库,,T1071,,mail.company.cn,,,,
H004564,2026-07-26 18:08:27,login,登录办公终端,,T1078,,,,,,
H001177,2026-07-26 18:15:31,email_open,阅读邮件（内部往来 1）,,,,mail.company.cn,,,,
H009691,2026-07-26 18:18:21,upload,上传附件 13MB,,T1567,,docs.company.cn,1779,,,
H001986,2026-07-26 18:19:58,email_open,阅读邮件（内部往来 4）,,,,mail.company.cn,,,,
H006419,2026-07-26 18:21:41,email_open,阅读邮件（内部往来 1）,,,,npm.company.cn,,,,
H008154,2026-07-26 18:24:22,web_visit,访问内部 OA/知识库,,T1071,,kb.company.cn,,,,
H003043,2026-07-26 18:27:43,dns_query,域名解析,,T1071.001,,github.com,,,,
H001419,2026-07-26 18:35:52,email_open,阅读邮件（内部往来 1）,,,,kb.company.cn,,,,
H001824,2026-07-26 18:39:18,email_open,阅读邮件（内部往来 1）,,,,docs.company.cn,,,,
H000564,2026-07-26 18:40:22,failed_login,密码错误自动重试,,T1110.001,,,,,,
H009691,2026-07-26 18:43:21,failed_login,密码错误自动重试,,T1110.001,,,,,,
H002479,2026-07-26 18:43:46,email_open,阅读邮件（内部往来 2）,,,,oa.company.cn,,,,
H005767,2026-07-26 18:44:58,dns_query,域名解析,,T1071.001,,oa.company.cn,,,,
H004362,2026-07-26 18:45:52,login,登录办公终端,,T1078,,,,,,
H003043,2026-07-26 18:46:35,sensitive_access,查询工资单（本职工作）,,T1005,,,,,,
H009691,2026-07-26 18:48:07,download,下载文档/更新包 7MB,,T1204.002,,,30724,,,
H005614,2026-07-26 18:56:27,login,登录办公终端,,T1078,,,,西安市,,
H006473,2026-07-26 18:56:29,download,下载文档/更新包 18MB,,T1204.002,,,13059,,,
H007512,2026-07-26 18:56:43,email_open,阅读邮件（内部往来 1）,,,,wiki.company.cn,,,,
H009535,2026-07-26 19:11:41,email_open,阅读邮件（内部往来 1）,,,,wiki.company.cn,,,,
H006373,2026-07-26 19:12:54,email_open,阅读邮件（内部往来 1）,,,,docs.company.cn,,,,
H000466,2026-07-26 19:13:10,web_visit,访问内部 OA/知识库,,T1071,,kb.company.cn,,,,
H008057,2026-07-26 19:15:15,login,登录办公终端,,T1078,,,,,,
H005614,2026-07-26 19:21:05,web_visit,访问内部 OA/知识库,,T1071,,npm.company.cn,,,,
H005988,2026-07-26 19:25:36,upload,上传附件 15MB,,T1567,,docs.company.cn,4597,,,
H003910,2026-07-26 19:34:02,email_open,阅读邮件（内部往来 1）,,,,oa.company.cn,,,,
H009170,2026-07-26 19:35:51,login,登录办公终端,,T1078,,,,,,
H006750,2026-07-26 19:42:54,email_open,阅读邮件（内部往来 1）,,,,oa.company.cn,,,,
H001721,2026-07-26 19:44:57,login,登录办公终端,,T1078,,,,,,
H001796,2026-07-26 19:46:58,data_stage,打包资料压缩包 114MB（内部协作）,,T1074.001,,,116736,,,
H005767,2026-07-26 19:54:39,download,下载文档/更新包 8MB,,T1204.002,,,22405,,,
H004080,2026-07-26 19:56:28,failed_login,密码错误自动重试,,T1110.001,,,,,,
H004564,2026-07-26 20:10:01,dns_query,域名解析,,T1071.001,,npm.company.cn,,,,
H001986,2026-07-26 20:14:13,upload,上传附件 13MB,,T1567,,docs.company.cn,1758,,,
H002774,2026-07-26 20:18:09,web_visit,访问内部 OA/知识库,,T1071,,kb.company.cn,,,,
H004360,2026-07-26 20:23:48,web_visit,访问内部 OA/知识库,,T1071,,kb.company.cn,,,,
H006473,2026-07-26 20:25:50,web_visit,访问内部 OA/知识库,,T1071,,mail.company.cn,,,,
H001402,2026-07-26 20:34:16,email_open,阅读邮件（内部往来 2）,,,,oa.company.cn,,,,
H000564,2026-07-26 20:36:12,web_visit,访问内部 OA/知识库,,T1071,,npm.company.cn,,,,
H008154,2026-07-26 20:37:02,dns_query,域名解析,,T1071.001,,zhihu.com,,,,
H008931,2026-07-26 20:55:14,login,登录办公终端,,T1078,,,,,,
H006718,2026-07-26 21:13:09,login,登录办公终端,,T1078,,,,,,
H004362,2026-07-26 21:33:32,failed_login,密码错误自动重试,,T1110.001,,,,,,
H006373,2026-07-26 21:35:03,web_visit,访问内部 OA/知识库,,T1071,,kb.company.cn,,,,
H003043,2026-07-26 21:39:28,login,登录办公终端,,T1078,,,,,,
H004394,2026-07-26 21:46:50,web_visit,访问内部 OA/知识库,,T1071,,wiki.company.cn,,,,
H003923,2026-07-26 21:50:08,email_open,阅读邮件（内部往来 1）,,,,npm.company.cn,,,,
H000564,2026-07-26 21:51:30,email_open,阅读邮件（内部往来 3）,,,,oa.company.cn,,,,
H003910,2026-07-26 21:53:57,download,下载文档/更新包 7MB,,T1204.002,,,1207,,,
H007500,2026-07-26 22:08:14,web_visit,访问内部 OA/知识库,,T1071,,mail.company.cn,,,,
H002479,2026-07-26 22:30:57,login,登录办公终端,,T1078,,,,天津市,,
H002479,2026-07-26 22:37:29,failed_login,密码错误自动重试,,T1110.001,,,,,,
H004058,2026-07-27 00:02:27,login,登录办公终端,,T1078,,,,,,
H006750,2026-07-27 00:37:02,email_open,阅读邮件（内部往来 3）,,,,mail.company.cn,,,,
H008871,2026-07-27 00:49:32,download,下载文档/更新包 18MB,,T1204.002,,,35208,,,
H001419,2026-07-27 01:00:32,failed_login,登录尝试失败（连续输错）,,T1110.001,,,,成都市,,
H001419,2026-07-27 01:02:32,failed_login,登录尝试失败（连续输错）,,T1110.001,,,,深圳市,,
H001419,2026-07-27 01:06:32,failed_login,登录尝试失败（连续输错）,,T1110.001,,,,北京市,,
H006718,2026-07-27 01:31:50,web_visit,访问内部 OA/知识库,,T1071,,docs.company.cn,,,,
H001269,2026-07-27 02:00:01,failed_login,登录尝试失败（连续输错）,,T1110.001,,,,上海市,,
H006747,2026-07-27 02:00:08,failed_login,登录尝试失败（连续输错）,,T1110.001,,,,深圳市,,
H001269,2026-07-27 02:01:01,failed_login,登录尝试失败（连续输错）,,T1110.001,,,,杭州市,,
H006747,2026-07-27 02:02:08,failed_login,登录尝试失败（连续输错）,,T1110.001,,,,上海市,,
H001269,2026-07-27 02:06:01,failed_login,登录尝试失败（连续输错）,,T1110.001,,,,成都市,,
H007458,2026-07-27 05:37:27,email_open,阅读邮件（内部往来 1）,,,,kb.company.cn,,,,
H008981,2026-07-27 06:43:08,web_visit,访问内部 OA/知识库,,T1071,,docs.company.cn,,,,
H008164,2026-07-27 07:11:37,email_open,阅读邮件（内部往来 1）,,,,npm.company.cn,,,,
H009500,2026-07-27 07:13:52,failed_login,密码错误自动重试,,T1110.001,,,,,,
H003893,2026-07-27 07:21:15,email_open,阅读邮件（内部往来 1）,,,,oa.company.cn,,,,
H002540,2026-07-27 07:25:48,email_open,阅读邮件（内部往来 1）,,,,kb.company.cn,,,,
H002540,2026-07-27 07:33:59,failed_login,密码错误自动重试,,T1110.001,,,,,,
H009170,2026-07-27 07:35:58,sensitive_access,打开财务系统文档（正常办公）,recon,T1005,evasive,,,,,
H004775,2026-07-27 07:39:18,login,登录办公终端,,T1078,,,,,,
H003893,2026-07-27 07:44:55,login,登录办公终端,,T1078,,,,,,
H000117,2026-07-27 07:45:31,login,登录办公终端,,T1078,,,,,,
H001235,2026-07-27 07:51:19,web_visit,访问内部 OA/知识库,,T1071,,mail.company.cn,,,,
H009979,2026-07-27 08:00:19,web_visit,访问内部 OA/知识库,,T1071,,wiki.company.cn,,,,
H006049,2026-07-27 08:05:46,login,登录办公终端,,T1078,,,,,,
H004717,2026-07-27 08:05:54,login,登录办公终端,,T1078,,,,,,
H003893,2026-07-27 08:06:21,email_open,阅读邮件（内部往来 2）,,,,oa.company.cn,,,,
H004149,2026-07-27 08:07:34,upload,上传附件 10MB,,T1567,,docs.company.cn,1956,,,
H006896,2026-07-27 08:22:32,email_open,阅读邮件（内部往来 2）,,,,wiki.company.cn,,,,
H001721,2026-07-27 08:26:25,email_open,阅读邮件（内部往来 1）,,,,wiki.company.cn,,,,
H003973,2026-07-27 08:30:46,web_visit,访问内部 OA/知识库,,T1071,,wiki.company.cn,,,,
H008164,2026-07-27 08:34:02,download,下载文档/更新包 10MB,,T1204.002,,,41891,,,
H002894,2026-07-27 08:40:55,web_visit,访问内部 OA/知识库,,T1071,,npm.company.cn,,,,
H009979,2026-07-27 08:43:01,login,登录办公终端,,T1078,,,,,,
H006738,2026-07-27 08:45:07,email_open,阅读邮件（内部往来 4）,,,,mail.company.cn,,,,
H002907,2026-07-27 08:46:46,login,登录办公终端,,T1078,,,,,,
H003752,2026-07-27 08:48:51,login,登录办公终端,,T1078,,,,,,
H008164,2026-07-27 08:51:06,upload,上传附件 5MB,,T1567,,docs.company.cn,2625,,,
H001721,2026-07-27 09:00:18,email_open,阅读邮件（内部往来 2）,,,,wiki.company.cn,,,,
H006566,2026-07-27 09:03:32,email_open,阅读邮件（内部往来 1）,,,,mail.company.cn,,,,
H002894,2026-07-27 09:07:06,login,登录办公终端,,T1078,,,,,,
H006738,2026-07-27 09:08:07,download,下载文档/更新包 12MB,,T1204.002,,,43184,,,
H002480,2026-07-27 09:10:00,failed_login,密码错误自动重试,,T1110.001,,,,,,
H003752,2026-07-27 09:10:13,email_open,阅读邮件（内部往来 1）,,,,npm.company.cn,,,,
H004775,2026-07-27 09:10:13,web_visit,访问内部 OA/知识库,,T1071,,wiki.company.cn,,,,
H002907,2026-07-27 09:11:06,failed_login,密码错误自动重试,,T1110.001,,,,,,
H001177,2026-07-27 09:14:26,upload,上传附件 6MB,,T1567,,docs.company.cn,6438,,,
H001547,2026-07-27 09:14:56,login,登录办公终端,,T1078,,,,南京市,,
H001177,2026-07-27 09:16:52,email_open,阅读邮件（内部往来 3）,,,,kb.company.cn,,,,
H004149,2026-07-27 09:18:35,web_visit,访问内部 OA/知识库,,T1071,,wiki.company.cn,,,,
H003893,2026-07-27 09:20:00,web_visit,访问内部 OA/知识库,,T1071,,kb.company.cn,,,,
H004724,2026-07-27 09:20:16,email_open,阅读邮件（内部往来 1）,,,,kb.company.cn,,,,
H004953,2026-07-27 09:21:20,web_visit,访问内部 OA/知识库,,T1071,,mail.company.cn,,,,
H003973,2026-07-27 09:21:48,web_visit,访问内部 OA/知识库,,T1071,,kb.company.cn,,,,
H006049,2026-07-27 09:24:34,web_visit,访问内部 OA/知识库,,T1071,,mail.company.cn,,,,
H005600,2026-07-27 09:25:05,download,下载文档/更新包 36MB,,T1204.002,,,5704,,,
H001986,2026-07-27 09:28:06,failed_login,密码错误自动重试,,T1110.001,,,,,,
H003893,2026-07-27 09:28:06,web_visit,访问内部 OA/知识库,,T1071,,oa.company.cn,,,,
H008154,2026-07-27 09:28:59,web_visit,访问内部 OA/知识库,,T1071,,oa.company.cn,,,,
H003910,2026-07-27 09:33:00,email_open,阅读邮件（内部往来 1）,,,,docs.company.cn,,,,
H005151,2026-07-27 09:33:40,web_visit,访问内部 OA/知识库,,T1071,,oa.company.cn,,,,
H003752,2026-07-27 09:38:44,dns_query,域名解析,,T1071.001,,qq.com,,,,
H004080,2026-07-27 09:44:19,login,登录办公终端,,T1078,,,,,,
H008154,2026-07-27 09:44:40,email_open,阅读邮件（内部往来 3）,,,,wiki.company.cn,,,,
H007458,2026-07-27 09:49:15,email_open,阅读邮件（内部往来 2）,,,,mail.company.cn,,,,
H005151,2026-07-27 09:49:24,email_open,阅读邮件（内部往来 3）,,,,wiki.company.cn,,,,
H006896,2026-07-27 09:50:10,download,下载文档/更新包 1MB,,T1204.002,,,31026,,,
H009691,2026-07-27 09:50:59,email_open,阅读邮件（内部往来 2）,,,,docs.company.cn,,,,
H003973,2026-07-27 09:51:55,email_open,阅读邮件（内部往来 1）,,,,npm.company.cn,,,,
H008154,2026-07-27 09:52:53,email_open,阅读邮件（内部往来 1）,,,,docs.company.cn,,,,
H009979,2026-07-27 09:56:37,email_open,阅读邮件（内部往来 1）,,,,docs.company.cn,,,,
H004724,2026-07-27 09:58:53,web_visit,访问内部 OA/知识库,,T1071,,kb.company.cn,,,,
H004775,2026-07-27 09:59:34,failed_login,密码错误自动重试,,T1110.001,,,,,,
H002480,2026-07-27 09:59:47,login,登录办公终端,,T1078,,,,,,
H005151,2026-07-27 10:00:48,web_visit,访问内部 OA/知识库,,T1071,,oa.company.cn,,,,
H005988,2026-07-27 10:01:39,dns_query,域名解析,,T1071.001,,bilibili.com,,,,
H004763,2026-07-27 10:02:06,email_open,阅读邮件（内部往来 1）,,,,mail.company.cn,,,,
H001402,2026-07-27 10:03:02,email_open,阅读邮件（内部往来 1）,,,,kb.company.cn,,,,
H007512,2026-07-27 10:03:49,login,登录办公终端,,T1078,,,,,,
H002480,2026-07-27 10:04:26,web_visit,访问内部 OA/知识库,,T1071,,kb.company.cn,,,,
H008981,2026-07-27 10:07:57,web_visit,访问内部 OA/知识库,,T1071,,npm.company.cn,,,,
H006113,2026-07-27 10:08:49,upload,上传附件 11MB,,T1567,,docs.company.cn,13221,,,
H009500,2026-07-27 10:09:38,web_visit,访问内部 OA/知识库,,T1071,,kb.company.cn,,,,
H003973,2026-07-27 10:09:39,dns_query,域名解析,,T1071.001,,docs.company.cn,,,,
H006113,2026-07-27 10:10:08,dns_query,域名解析,,T1071.001,,mail.company.cn,,,,
H006750,2026-07-27 10:10:21,login,登录办公终端,,T1078,,,,,,
H004953,2026-07-27 10:10:24,login,登录办公终端,,T1078,,,,南京市,,
H006896,2026-07-27 10:12:37,web_visit,访问内部 OA/知识库,,T1071,,kb.company.cn,,,,
H000466,2026-07-27 10:13:12,login,登录办公终端,,T1078,,,,,,
H005988,2026-07-27 10:20:26,failed_login,密码错误自动重试,,T1110.001,,,,,,
H001721,2026-07-27 10:24:20,login,登录办公终端,,T1078,,,,,,
H002480,2026-07-27 10:27:17,failed_login,密码错误自动重试,,T1110.001,,,,,,
H003043,2026-07-27 10:28:06,email_open,阅读邮件（内部往来 1）,,,,oa.company.cn,,,,
H005614,2026-07-27 10:28:54,failed_login,密码错误自动重试,,T1110.001,,,,,,
H006113,2026-07-27 10:29:24,email_open,阅读邮件（内部往来 1）,,,,wiki.company.cn,,,,
H008154,2026-07-27 10:38:39,failed_login,密码错误自动重试,,T1110.001,,,,,,
H008931,2026-07-27 10:40:04,email_open,阅读邮件（内部往来 1）,,,,npm.company.cn,,,,
H009691,2026-07-27 10:42:01,email_open,阅读邮件（内部往来 1）,,,,wiki.company.cn,,,,
H004149,2026-07-27 10:44:39,dns_query,域名解析,,T1071.001,,docs.company.cn,,,,
H001721,2026-07-27 10:45:45,download,下载文档/更新包 42MB,,T1204.002,,,2347,,,
H002774,2026-07-27 10:47:28,download,下载文档/更新包 11MB,,T1204.002,,,5901,,,
H001235,2026-07-27 10:48:01,email_open,阅读邮件（内部往来 1）,,,,wiki.company.cn,,,,
H005600,2026-07-27 10:48:26,email_open,阅读邮件（内部往来 1）,,,,mail.company.cn,,,,
H006566,2026-07-27 10:49:13,failed_login,密码错误自动重试,,T1110.001,,,,,,
H007458,2026-07-27 10:49:55,web_visit,访问内部 OA/知识库,,T1071,,mail.company.cn,,,,
H009979,2026-07-27 10:51:48,email_open,阅读邮件（内部往来 2）,,,,docs.company.cn,,,,
H002774,2026-07-27 10:55:36,email_open,阅读邮件（内部往来 2）,,,,oa.company.cn,,,,
H001402,2026-07-27 10:57:15,web_visit,访问内部 OA/知识库,,T1071,,docs.company.cn,,,,
H000466,2026-07-27 11:03:26,failed_login,密码错误自动重试,,T1110.001,,,,,,
H004149,2026-07-27 11:05:11,failed_login,密码错误自动重试,,T1110.001,,,,,,
H004149,2026-07-27 11:05:21,email_open,阅读邮件（内部往来 1）,,,,mail.company.cn,,,,
H005600,2026-07-27 11:05:47,login,登录办公终端,,T1078,,,,,,
H008214,2026-07-27 11:05:48,download,下载文档/更新包 16MB,,T1204.002,,,6095,,,
H000564,2026-07-27 11:06:39,web_visit,访问内部 OA/知识库,,T1071,,docs.company.cn,,,,
H006750,2026-07-27 11:08:04,email_open,阅读邮件（内部往来 1）,,,,wiki.company.cn,,,,
H006049,2026-07-27 11:09:35,email_open,阅读邮件（内部往来 1）,,,,npm.company.cn,,,,
H004950,2026-07-27 11:10:50,download,下载文档/更新包 29MB,,T1204.002,,,15731,,,
H007458,2026-07-27 11:10:50,failed_login,密码错误自动重试,,T1110.001,,,,,,
H003973,2026-07-27 11:13:18,email_open,阅读邮件（内部往来 2）,,,,oa.company.cn,,,,
H004816,2026-07-27 11:13:32,download,下载来源不明安装包,,T1204.002,,update-cdn-svc.cn,11509,,,
H008214,2026-07-27 11:18:51,web_visit,访问内部 OA/知识库,,T1071,,npm.company.cn,,,,
H006373,2026-07-27 11:27:19,failed_login,密码错误自动重试,,T1110.001,,,,,,
H000564,2026-07-27 11:30:35,email_open,阅读邮件（内部往来 1）,,,,mail.company.cn,,,,
H007512,2026-07-27 11:35:58,email_open,阅读邮件（内部往来 2）,,,,docs.company.cn,,,,
H008214,2026-07-27 11:36:59,dns_query,域名解析,,T1071.001,,github.com,,,,
H002894,2026-07-27 11:38:57,failed_login,密码错误自动重试,,T1110.001,,,,,,
H007458,2026-07-27 11:39:52,email_open,阅读邮件（内部往来 3）,,,,mail.company.cn,,,,
H008981,2026-07-27 11:41:15,login,登录办公终端,,T1078,,,,,,
H002774,2026-07-27 11:41:58,web_visit,访问内部 OA/知识库,,T1071,,oa.company.cn,,,,
H004080,2026-07-27 11:42:45,upload,上传附件 15MB,,T1567,,docs.company.cn,10792,,,
H002844,2026-07-27 11:48:24,email_open,阅读邮件（内部往来 1）,,,,oa.company.cn,,,,
H001547,2026-07-27 11:49:13,web_visit,访问内部 OA/知识库,,T1071,,oa.company.cn,,,,
H006718,2026-07-27 11:51:43,login,登录办公终端,,T1078,,,,,,
H005988,2026-07-27 11:52:15,login,登录办公终端,,T1078,,,,,,
H001235,2026-07-27 11:54:53,dns_query,域名解析,,T1071.001,,taobao.com,,,,
H005151,2026-07-27 11:55:29,email_open,阅读邮件（内部往来 2）,,,,wiki.company.cn,,,,
H006718,2026-07-27 11:55:33,email_open,阅读邮件（内部往来 2）,,,,mail.company.cn,,,,
H009691,2026-07-27 11:57:14,login,登录办公终端,,T1078,,,,东莞市,,
H002774,2026-07-27 12:06:08,email_open,阅读邮件（内部往来 3）,,,,kb.company.cn,,,,
H002907,2026-07-27 12:07:16,web_visit,访问内部 OA/知识库,,T1071,,kb.company.cn,,,,
H004816,2026-07-27 12:09:10,web_visit,访问内部 OA/知识库,,T1071,,oa.company.cn,,,,
H006896,2026-07-27 12:09:12,web_visit,访问内部 OA/知识库,,T1071,,kb.company.cn,,,,
H006896,2026-07-27 12:10:20,login,登录办公终端,,T1078,,,,,,
H009979,2026-07-27 12:10:50,failed_login,密码错误自动重试,,T1110.001,,,,,,
H001402,2026-07-27 12:11:32,failed_login,密码错误自动重试,,T1110.001,,,,,,
H006738,2026-07-27 12:11:56,login,登录办公终端,,T1078,,,,,,
H005600,2026-07-27 12:12:03,email_open,阅读邮件（内部往来 2）,,,,oa.company.cn,,,,
H002540,2026-07-27 12:12:14,email_open,阅读邮件（内部往来 3）,,,,npm.company.cn,,,,
H008981,2026-07-27 12:17:12,email_open,阅读邮件（内部往来 1）,,,,wiki.company.cn,,,,
H001177,2026-07-27 12:17:27,email_open,阅读邮件（内部往来 2）,,,,docs.company.cn,,,,
H004149,2026-07-27 12:17:41,email_open,阅读邮件（内部往来 2）,,,,mail.company.cn,,,,
H009691,2026-07-27 12:21:30,failed_login,密码错误自动重试,,T1110.001,,,,,,
H005767,2026-07-27 12:23:27,download,下载文档/更新包 16MB,,T1204.002,,,40605,,,
H002894,2026-07-27 12:26:04,email_open,阅读邮件（内部往来 3）,,,,npm.company.cn,,,,
H008871,2026-07-27 12:29:33,login,登录办公终端,,T1078,,,,南京市,,
H006566,2026-07-27 12:31:01,dns_query,域名解析,,T1071.001,,docs.company.cn,,,,
H006049,2026-07-27 12:38:24,download,下载文档/更新包 25MB,,T1204.002,,,26058,,,
H004950,2026-07-27 12:38:52,email_open,阅读邮件（内部往来 1）,,,,mail.company.cn,,,,
H000987,2026-07-27 12:41:14,login,登录办公终端,,T1078,,,,天津市,,
H005767,2026-07-27 12:43:54,email_open,阅读邮件（内部往来 2）,,,,npm.company.cn,,,,
H005614,2026-07-27 12:47:46,login,登录办公终端,,T1078,,,,西安市,,
H000564,2026-07-27 12:49:02,web_visit,访问内部 OA/知识库,,T1071,,kb.company.cn,,,,
H008214,2026-07-27 12:50:35,email_open,阅读邮件（内部往来 1）,,,,kb.company.cn,,,,
H008981,2026-07-27 12:51:29,download,下载文档/更新包 35MB,,T1204.002,,,6374,,,
H006311,2026-07-27 12:51:40,web_visit,访问内部 OA/知识库,,T1071,,docs.company.cn,,,,
H009979,2026-07-27 12:52:41,web_visit,访问内部 OA/知识库,,T1071,,oa.company.cn,,,,
H005151,2026-07-27 13:19:09,dns_query,域名解析,,T1071.001,,kb.company.cn,,,,
H003910,2026-07-27 13:21:02,dns_query,域名解析,,T1071.001,,qq.com,,,,
H004058,2026-07-27 13:24:40,email_open,阅读邮件（内部往来 2）,,,,kb.company.cn,,,,
H001986,2026-07-27 13:25:32,email_open,阅读邮件（内部往来 2）,,,,docs.company.cn,,,,
H009535,2026-07-27 13:33:04,login,登录办公终端,,T1078,,,,,,
H004724,2026-07-27 13:38:44,login,登录办公终端,,T1078,,,,,,
H004080,2026-07-27 13:44:23,email_open,阅读邮件（内部往来 1）,,,,kb.company.cn,,,,
H002894,2026-07-27 13:46:14,email_open,阅读邮件（内部往来 2）,,,,oa.company.cn,,,,
H009903,2026-07-27 13:55:45,email_open,阅读邮件（内部往来 1）,,,,wiki.company.cn,,,,
H002774,2026-07-27 13:57:13,login,登录办公终端,,T1078,,,,,,
H002844,2026-07-27 14:02:58,dns_query,域名解析,,T1071.001,,qq.com,,,,
H001547,2026-07-27 14:15:53,email_open,阅读邮件（内部往来 2）,,,,kb.company.cn,,,,
H004816,2026-07-27 14:15:55,login,登录办公终端,,T1078,,,,,,
H008154,2026-07-27 14:18:09,web_visit,访问内部 OA/知识库,,T1071,,kb.company.cn,,,,
H000466,2026-07-27 14:20:18,email_open,阅读邮件（内部往来 1）,,,,npm.company.cn,,,,
H002907,2026-07-27 14:28:25,failed_login,密码错误自动重试,,T1110.001,,,,,,
H005767,2026-07-27 14:32:14,login,登录办公终端,,T1078,,,,,,
H004058,2026-07-27 14:34:31,failed_login,密码错误自动重试,,T1110.001,,,,,,
H003923,2026-07-27 14:36:06,failed_login,密码错误自动重试,,T1110.001,,,,,,
H008871,2026-07-27 14:47:06,failed_login,密码错误自动重试,,T1110.001,,,,,,
H006738,2026-07-27 14:53:48,failed_login,密码错误自动重试,,T1110.001,,,,,,
H001177,2026-07-27 14:54:28,login,登录办公终端,,T1078,,,,,,
H006718,2026-07-27 14:57:12,email_open,阅读邮件（内部往来 1）,,,,docs.company.cn,,,,
H004950,2026-07-27 15:00:33,web_visit,访问内部 OA/知识库,,T1071,,docs.company.cn,,,,
H008871,2026-07-27 15:01:30,email_open,阅读邮件（内部往来 2）,,,,wiki.company.cn,,,,
H008164,2026-07-27 15:06:21,login,登录办公终端,,T1078,,,,,,
H004058,2026-07-27 15:07:45,email_open,阅读邮件（内部往来 1）,,,,mail.company.cn,,,,
H002844,2026-07-27 15:11:14,login,登录办公终端,,T1078,,,,苏州市,,
H006473,2026-07-27 15:15:26,web_visit,访问内部 OA/知识库,,T1071,,kb.company.cn,,,,
H000763,2026-07-27 15:19:23,email_open,阅读邮件（内部往来 1）,,,,wiki.company.cn,,,,
H009500,2026-07-27 15:22:36,failed_login,密码错误自动重试,,T1110.001,,,,,,
H005614,2026-07-27 15:25:33,download,下载文档/更新包 29MB,,T1204.002,,,24539,,,
H009500,2026-07-27 15:28:06,login,登录办公终端,,T1078,,,,,,
H006750,2026-07-27 15:32:05,email_open,阅读邮件（内部往来 2）,,,,wiki.company.cn,,,,
H007458,2026-07-27 15:33:11,failed_login,密码错误自动重试,,T1110.001,,,,,,
H006566,2026-07-27 15:35:22,email_open,阅读邮件（内部往来 2）,,,,kb.company.cn,,,,
H006738,2026-07-27 15:39:29,email_open,阅读邮件（内部往来 1）,,,,wiki.company.cn,,,,
H005600,2026-07-27 15:42:00,dns_query,域名解析,,T1071.001,,oa.company.cn,,,,
H002907,2026-07-27 15:42:27,web_visit,访问内部 OA/知识库,,T1071,,docs.company.cn,,,,
H005767,2026-07-27 15:43:23,email_open,阅读邮件（内部往来 1）,,,,docs.company.cn,,,,
H004058,2026-07-27 15:44:54,failed_login,密码错误自动重试,,T1110.001,,,,,,
H001721,2026-07-27 15:46:06,web_visit,访问内部 OA/知识库,,T1071,,oa.company.cn,,,,
H002894,2026-07-27 15:48:46,failed_login,密码错误自动重试,,T1110.001,,,,,,
H009500,2026-07-27 15:51:35,web_visit,访问内部 OA/知识库,,T1071,,kb.company.cn,,,,
H002774,2026-07-27 15:57:36,email_open,阅读邮件（内部往来 1）,,,,npm.company.cn,,,,
H004394,2026-07-27 16:06:40,login,登录办公终端,,T1078,,,,,,
H007458,2026-07-27 16:07:49,web_visit,访问内部 OA/知识库,,T1071,,oa.company.cn,,,,
H004950,2026-07-27 16:07:55,email_open,阅读邮件（内部往来 2）,,,,mail.company.cn,,,,
H000438,2026-07-27 16:09:16,login,登录办公终端,,T1078,,,,,,
H008214,2026-07-27 16:19:18,login,登录办公终端,,T1078,,,,东莞市,,
H003910,2026-07-27 16:19:22,login,登录办公终端,,T1078,,,,,,
H008871,2026-07-27 16:21:28,web_visit,访问内部 OA/知识库,,T1071,,mail.company.cn,,,,
H000466,2026-07-27 16:23:50,upload,上传附件 9MB,,T1567,,docs.company.cn,14571,,,
H009979,2026-07-27 16:24:15,failed_login,密码错误自动重试,,T1110.001,,,,,,
H004953,2026-07-27 16:26:55,upload,上传附件 9MB,,T1567,,docs.company.cn,5645,,,
H000466,2026-07-27 16:29:52,web_visit,访问内部 OA/知识库,,T1071,,mail.company.cn,,,,
H007458,2026-07-27 16:33:49,login,登录办公终端,,T1078,,,,,,
H004149,2026-07-27 16:39:09,failed_login,密码错误自动重试,,T1110.001,,,,,,
H001235,2026-07-27 16:39:29,login,登录办公终端,,T1078,,,,,,
H002540,2026-07-27 16:39:40,login,登录办公终端,,T1078,,,,,,
H001986,2026-07-27 16:45:27,login,登录办公终端,,T1078,,,,,,
H003973,2026-07-27 16:46:09,failed_login,密码错误自动重试,,T1110.001,,,,,,
H004394,2026-07-27 16:46:48,email_open,阅读邮件（内部往来 1）,,,,wiki.company.cn,,,,
H004816,2026-07-27 16:47:19,email_open,阅读邮件（内部往来 1）,,,,npm.company.cn,,,,
H007129,2026-07-27 16:49:06,sensitive_access,查询考勤记录（本职工作）,,T1005,,,,,,
H004149,2026-07-27 16:49:55,failed_login,密码错误自动重试,,T1110.001,,,,,,
H006750,2026-07-27 16:51:13,dns_query,域名解析,,T1071.001,,docs.company.cn,,,,
H004394,2026-07-27 16:52:54,email_open,阅读邮件（内部往来 2）,,,,mail.company.cn,,,,
H006718,2026-07-27 16:57:22,email_open,阅读邮件（内部往来 3）,,,,wiki.company.cn,,,,
H008154,2026-07-27 16:59:02,email_open,阅读邮件（内部往来 2）,,,,npm.company.cn,,,,
H006718,2026-07-27 17:00:46,web_visit,访问内部 OA/知识库,,T1071,,docs.company.cn,,,,
H003923,2026-07-27 17:01:40,email_open,阅读邮件（内部往来 1）,,,,oa.company.cn,,,,
H008871,2026-07-27 17:03:19,web_visit,访问内部 OA/知识库,,T1071,,npm.company.cn,,,,
H000466,2026-07-27 17:07:27,email_open,阅读邮件（内部往来 2）,,,,oa.company.cn,,,,
H000564,2026-07-27 17:10:59,login,登录办公终端,,T1078,,,,,,
H006311,2026-07-27 17:11:24,email_open,阅读邮件（内部往来 1）,,,,npm.company.cn,,,,
H009691,2026-07-27 17:12:05,web_visit,访问内部 OA/知识库,,T1071,,docs.company.cn,,,,
H004950,2026-07-27 17:12:15,login,登录办公终端,,T1078,,,,,,
H000117,2026-07-27 17:18:53,failed_login,密码错误自动重试,,T1110.001,,,,,,
H005151,2026-07-27 17:19:11,login,登录办公终端,,T1078,,,,,,
H006049,2026-07-27 17:20:32,email_open,阅读邮件（内部往来 3）,,,,oa.company.cn,,,,
H006738,2026-07-27 17:21:53,email_open,阅读邮件（内部往来 2）,,,,oa.company.cn,,,,
H003973,2026-07-27 17:21:55,login,登录办公终端,,T1078,,,,,,
H006566,2026-07-27 17:23:55,email_open,阅读邮件（内部往来 4）,,,,kb.company.cn,,,,
H006718,2026-07-27 17:26:37,dns_query,域名解析,,T1071.001,,npm.company.cn,,,,
H003923,2026-07-27 17:28:26,login,登录办公终端,,T1078,,,,,,
H007458,2026-07-27 17:31:08,email_open,阅读邮件（内部往来 4）,,,,kb.company.cn,,,,
H004724,2026-07-27 17:32:44,download,下载文档/更新包 13MB,,T1204.002,,,28900,,,
H006049,2026-07-27 17:36:39,email_open,阅读邮件（内部往来 2）,,,,oa.company.cn,,,,
H005988,2026-07-27 17:37:17,web_visit,访问内部 OA/知识库,,T1071,,oa.company.cn,,,,
H006750,2026-07-27 17:38:16,web_visit,访问内部 OA/知识库,,T1071,,wiki.company.cn,,,,
H004080,2026-07-27 17:38:28,email_open,阅读邮件（内部往来 3）,,,,npm.company.cn,,,,
H009979,2026-07-27 17:39:39,email_open,阅读邮件（内部往来 3）,,,,wiki.company.cn,,,,
H001402,2026-07-27 17:40:18,login,登录办公终端,,T1078,,,,,,
H004816,2026-07-27 17:40:26,web_visit,访问内部 OA/知识库,,T1071,,mail.company.cn,,,,
H004717,2026-07-27 17:41:35,web_visit,访问内部 OA/知识库,,T1071,,wiki.company.cn,,,,
H001721,2026-07-27 17:43:11,dns_query,域名解析,,T1071.001,,oa.company.cn,,,,
H003973,2026-07-27 17:43:55,email_open,阅读邮件（内部往来 3）,,,,mail.company.cn,,,,
H000466,2026-07-27 17:44:13,failed_login,密码错误自动重试,,T1110.001,,,,,,
H001986,2026-07-27 17:45:49,email_open,阅读邮件（内部往来 1）,,,,oa.company.cn,,,,
H001986,2026-07-27 17:46:28,dns_query,域名解析,,T1071.001,,oa.company.cn,,,,
H009535,2026-07-27 17:46:53,failed_login,密码错误自动重试,,T1110.001,,,,,,
H006566,2026-07-27 17:47:31,download,下载文档/更新包 43MB,,T1204.002,,,14944,,,
H002480,2026-07-27 17:48:08,web_visit,访问内部 OA/知识库,,T1071,,mail.company.cn,,,,
H006473,2026-07-27 17:48:47,login,登录办公终端,,T1078,,,,苏州市,,
H005600,2026-07-27 17:50:08,web_visit,访问内部 OA/知识库,,T1071,,mail.company.cn,,,,
H009903,2026-07-27 17:53:19,login,登录办公终端,,T1078,,,,天津市,,
H006896,2026-07-27 17:57:20,email_open,阅读邮件（内部往来 1）,,,,oa.company.cn,,,,
H004775,2026-07-27 17:59:17,failed_login,密码错误自动重试,,T1110.001,,,,,,
H008164,2026-07-27 18:00:04,web_visit,访问内部 OA/知识库,,T1071,,npm.company.cn,,,,
H009903,2026-07-27 18:05:40,failed_login,密码错误自动重试,,T1110.001,,,,,,
H004080,2026-07-27 18:08:43,email_open,阅读邮件（内部往来 2）,,,,docs.company.cn,,,,
H006566,2026-07-27 18:13:57,web_visit,访问内部 OA/知识库,,T1071,,mail.company.cn,,,,
H008154,2026-07-27 18:18:14,login,登录办公终端,,T1078,,,,,,
H004724,2026-07-27 18:19:31,failed_login,密码错误自动重试,,T1110.001,,,,,,
H003910,2026-07-27 18:19:32,web_visit,访问内部 OA/知识库,,T1071,,mail.company.cn,,,,
H002540,2026-07-27 18:20:38,email_open,阅读邮件（内部往来 2）,,,,kb.company.cn,,,,
H005767,2026-07-27 18:20:57,email_open,阅读邮件（内部往来 3）,,,,mail.company.cn,,,,
H008871,2026-07-27 18:25:10,email_open,阅读邮件（内部往来 1）,,,,npm.company.cn,,,,
H004950,2026-07-27 18:28:31,web_visit,访问内部 OA/知识库,,T1071,,oa.company.cn,,,,
H007512,2026-07-27 18:29:02,web_visit,访问内部 OA/知识库,,T1071,,kb.company.cn,,,,
H006566,2026-07-27 18:38:41,login,登录办公终端,,T1078,,,,,,
H004763,2026-07-27 18:41:48,login,登录办公终端,,T1078,,,,,,
H005767,2026-07-27 18:43:27,web_visit,访问内部 OA/知识库,,T1071,,kb.company.cn,,,,
H004394,2026-07-27 18:43:51,failed_login,密码错误自动重试,,T1110.001,,,,,,
H004394,2026-07-27 18:44:50,failed_login,密码错误自动重试,,T1110.001,,,,,,
H003893,2026-07-27 18:45:07,dns_query,域名解析,,T1071.001,,jd.com,,,,
H006738,2026-07-27 18:46:12,email_open,阅读邮件（内部往来 3）,,,,npm.company.cn,,,,
H002540,2026-07-27 18:49:16,failed_login,密码错误自动重试,,T1110.001,,,,,,
H004775,2026-07-27 18:50:00,email_open,阅读邮件（内部往来 1）,,,,npm.company.cn,,,,
H000763,2026-07-27 18:52:27,login,登录办公终端,,T1078,,,,,,
H001177,2026-07-27 18:55:58,email_open,阅读邮件（内部往来 1）,,,,kb.company.cn,,,,
H004775,2026-07-27 19:00:53,web_visit,访问内部 OA/知识库,,T1071,,oa.company.cn,,,,
H009903,2026-07-27 19:02:16,failed_login,密码错误自动重试,,T1110.001,,,,,,
H008981,2026-07-27 19:03:25,email_open,阅读邮件（内部往来 2）,,,,wiki.company.cn,,,,
H006113,2026-07-27 19:07:10,download,下载文档/更新包 41MB,,T1204.002,,,21243,,,
H008931,2026-07-27 19:07:24,login,登录办公终端,,T1078,,,,,,
H002894,2026-07-27 19:15:47,upload,上传附件 1MB,,T1567,,docs.company.cn,12607,,,
H006473,2026-07-27 19:16:40,email_open,阅读邮件（内部往来 1）,,,,npm.company.cn,,,,
H004717,2026-07-27 19:19:03,failed_login,密码错误自动重试,,T1110.001,,,,,,
H006566,2026-07-27 19:39:12,email_open,阅读邮件（内部往来 3）,,,,npm.company.cn,,,,
H004058,2026-07-27 19:43:40,failed_login,密码错误自动重试,,T1110.001,,,,,,
H006311,2026-07-27 19:43:42,login,登录办公终端,,T1078,,,,,,
H003043,2026-07-27 19:43:43,dns_query,域名解析,,T1071.001,,jd.com,,,,
H009500,2026-07-27 19:46:18,download,下载文档/更新包 34MB,,T1204.002,,,26280,,,
H007512,2026-07-27 19:48:39,email_open,阅读邮件（内部往来 1）,,,,kb.company.cn,,,,
H002894,2026-07-27 19:48:47,email_open,阅读邮件（内部往来 1）,,,,docs.company.cn,,,,
H001547,2026-07-27 19:55:24,web_visit,访问内部 OA/知识库,,T1071,,mail.company.cn,,,,
H009691,2026-07-27 19:56:01,failed_login,密码错误自动重试,,T1110.001,,,,,,
H002907,2026-07-27 19:58:21,email_open,阅读邮件（内部往来 1）,,,,kb.company.cn,,,,
H006113,2026-07-27 20:02:21,login,登录办公终端,,T1078,,,,武汉市,,
H005151,2026-07-27 20:07:48,email_open,阅读邮件（内部往来 1）,,,,npm.company.cn,,,,
H000466,2026-07-27 20:10:48,email_open,阅读邮件（内部往来 3）,,,,oa.company.cn,,,,
H005767,2026-07-27 20:25:53,dns_query,域名解析,,T1071.001,,oa.company.cn,,,,
H009691,2026-07-27 20:31:47,web_visit,访问内部 OA/知识库,,T1071,,kb.company.cn,,,,
H000438,2026-07-27 20:36:44,web_visit,访问内部 OA/知识库,,T1071,,oa.company.cn,,,,
H000117,2026-07-27 20:53:26,failed_login,密码错误自动重试,,T1110.001,,,,,,
H006750,2026-07-27 21:00:25,web_visit,访问内部 OA/知识库,,T1071,,docs.company.cn,,,,
H004149,2026-07-27 21:51:46,login,登录办公终端,,T1078,,,,,,
H006373,2026-07-27 21:59:56,web_visit,访问内部 OA/知识库,,T1071,,kb.company.cn,,,,
H002907,2026-07-27 22:15:28,download,下载文档/更新包 21MB,,T1204.002,,,31884,,,
H003043,2026-07-27 22:35:18,login,登录办公终端,,T1078,,,,,,
H002844,2026-07-27 22:40:19,web_visit,访问内部 OA/知识库,,T1071,,npm.company.cn,,,,
H001547,2026-07-27 23:10:27,email_open,阅读邮件（内部往来 1）,,,,docs.company.cn,,,,
H007458,2026-07-27 23:19:24,dns_query,域名解析,,T1071.001,,kb.company.cn,,,,
H005614,2026-07-27 23:23:39,failed_login,密码错误自动重试,,T1110.001,,,,,,
H006373,2026-07-27 23:46:09,login,登录办公终端,,T1078,,,,苏州市,,
H002223,2026-07-28 00:36:07,email_open,阅读邮件（内部往来 1）,,,,wiki.company.cn,,,,
H003416,2026-07-28 00:51:19,email_open,阅读邮件（内部往来 2）,,,,oa.company.cn,,,,
H000466,2026-07-28 01:37:05,dns_query,域名解析,,T1071.001,,wiki.company.cn,,,,
H005614,2026-07-28 02:13:19,email_open,阅读邮件（内部往来 1）,,,,docs.company.cn,,,,
H000805,2026-07-28 05:33:07,upload,上传附件 12MB,,T1567,,docs.company.cn,9445,,,
H006718,2026-07-28 06:32:42,rule_create,设置邮件自动归档规则,,T1114.002,,,,,,
H000559,2026-07-28 06:36:29,email_open,阅读邮件（内部往来 1）,,,,npm.company.cn,,,,
H004724,2026-07-28 06:41:03,email_open,阅读邮件（内部往来 1）,,,,oa.company.cn,,,,
H006473,2026-07-28 06:41:07,dns_query,域名解析,,T1071.001,,taobao.com,,,,
H002844,2026-07-28 06:42:06,login,登录办公终端,,T1078,,,,苏州市,,
H001796,2026-07-28 06:46:28,dns_query,域名解析,,T1071.001,,qq.com,,,,
H002774,2026-07-28 07:44:47,web_visit,访问内部 OA/知识库,,T1071,,npm.company.cn,,,,
H002894,2026-07-28 07:52:11,email_open,阅读邮件（内部往来 4）,,,,mail.company.cn,,,,
H004763,2026-07-28 07:59:28,email_open,阅读邮件（内部往来 1）,,,,docs.company.cn,,,,
H005614,2026-07-28 08:02:21,web_visit,访问内部 OA/知识库,,T1071,,kb.company.cn,,,,
H000466,2026-07-28 08:03:51,email_open,阅读邮件（内部往来 2）,,,,kb.company.cn,,,,
H003910,2026-07-28 08:04:05,web_visit,访问内部 OA/知识库,,T1071,,kb.company.cn,,,,
H000564,2026-07-28 08:07:15,download,下载文档/更新包 9MB,,T1204.002,,,7855,,,
H008154,2026-07-28 08:09:52,login,登录办公终端,,T1078,,,,,,
H007030,2026-07-28 08:11:46,login,登录办公终端,,T1078,,,,西安市,,
H003910,2026-07-28 08:12:29,email_open,阅读邮件（内部往来 1）,,,,wiki.company.cn,,,,
H004080,2026-07-28 08:15:04,login,登录办公终端,,T1078,,,,,,
H007458,2026-07-28 08:17:16,login,登录办公终端,,T1078,,,,,,
H008981,2026-07-28 08:17:42,email_open,阅读邮件（内部往来 1）,,,,kb.company.cn,,,,
H003833,2026-07-28 08:18:01,login,登录办公终端,,T1078,,,,,,
H007458,2026-07-28 08:18:27,email_open,阅读邮件（内部往来 1）,,,,docs.company.cn,,,,
H001235,2026-07-28 08:18:46,email_open,阅读邮件（内部往来 3）,,,,oa.company.cn,,,,
H008164,2026-07-28 08:25:41,email_open,阅读邮件（内部往来 1）,,,,docs.company.cn,,,,
H008981,2026-07-28 08:28:52,login,登录办公终端,,T1078,,,,,,
H006473,2026-07-28 08:30:05,download,下载文档/更新包 31MB,,T1204.002,,,24027,,,
H001668,2026-07-28 08:32:13,web_visit,访问内部 OA/知识库,,T1071,,docs.company.cn,,,,
H003043,2026-07-28 08:33:19,dns_query,域名解析,,T1071.001,,qq.com,,,,
H004058,2026-07-28 08:33:49,email_open,阅读邮件（内部往来 1）,,,,npm.company.cn,,,,
H000559,2026-07-28 08:34:36,failed_login,密码错误自动重试,,T1110.001,,,,,,
H001235,2026-07-28 08:34:42,email_open,阅读邮件（内部往来 2）,,,,kb.company.cn,,,,
H003833,2026-07-28 08:35:06,dns_query,域名解析,,T1071.001,,github.com,,,,
H004394,2026-07-28 08:39:06,email_open,阅读邮件（内部往来 2）,,,,kb.company.cn,,,,
H008154,2026-07-28 08:43:37,email_open,阅读邮件（内部往来 2）,,,,wiki.company.cn,,,,
H000559,2026-07-28 08:45:18,login,登录办公终端,,T1078,,,,,,
H001651,2026-07-28 08:47:23,email_open,阅读邮件（内部往来 2）,,,,kb.company.cn,,,,
H002894,2026-07-28 08:48:03,email_open,阅读邮件（内部往来 1）,,,,docs.company.cn,,,,
H007500,2026-07-28 08:48:18,login,登录办公终端,,T1078,,,,,,
H002479,2026-07-28 08:51:20,email_open,阅读邮件（内部往来 1）,,,,oa.company.cn,,,,
H009698,2026-07-28 08:54:50,web_visit,访问内部 OA/知识库,,T1071,,wiki.company.cn,,,,
H006738,2026-07-28 09:02:16,login,登录办公终端,,T1078,,,,,,
H007512,2026-07-28 09:08:35,email_open,阅读邮件（内部往来 3）,,,,oa.company.cn,,,,
H004080,2026-07-28 09:12:06,email_open,阅读邮件（内部往来 2）,,,,oa.company.cn,,,,
H009698,2026-07-28 09:13:52,email_open,阅读邮件（内部往来 1）,,,,npm.company.cn,,,,
H006566,2026-07-28 09:14:23,failed_login,密码错误自动重试,,T1110.001,,,,,,
H003833,2026-07-28 09:15:16,web_visit,访问内部 OA/知识库,,T1071,,docs.company.cn,,,,
H007458,2026-07-28 09:17:36,web_visit,访问内部 OA/知识库,,T1071,,mail.company.cn,,,,
H005988,2026-07-28 09:18:47,web_visit,访问内部 OA/知识库,,T1071,,npm.company.cn,,,,
H006373,2026-07-28 09:19:20,email_open,阅读邮件（内部往来 1）,,,,kb.company.cn,,,,
H007512,2026-07-28 09:24:43,dns_query,域名解析,,T1071.001,,mail.company.cn,,,,
H004564,2026-07-28 09:27:09,email_open,阅读邮件（内部往来 1）,,,,oa.company.cn,,,,
H009535,2026-07-28 09:28:35,web_visit,访问内部 OA/知识库,,T1071,,kb.company.cn,,,,
H000805,2026-07-28 09:28:45,email_open,阅读邮件（内部往来 2）,,,,mail.company.cn,,,,
H009698,2026-07-28 09:29:06,email_open,阅读邮件（内部往来 2）,,,,npm.company.cn,,,,
H003043,2026-07-28 09:29:50,login,登录办公终端,,T1078,,,,,,
H000527,2026-07-28 09:30:20,email_open,阅读邮件（内部往来 1）,,,,npm.company.cn,,,,
H001651,2026-07-28 09:30:31,failed_login,密码错误自动重试,,T1110.001,,,,,,
H007512,2026-07-28 09:30:35,email_open,阅读邮件（内部往来 2）,,,,npm.company.cn,,,,
H008164,2026-07-28 09:40:12,login,登录办公终端,,T1078,,,,,,
H000527,2026-07-28 09:40:47,failed_login,密码错误自动重试,,T1110.001,,,,,,
H007129,2026-07-28 09:43:47,email_open,阅读邮件（内部往来 3）,,,,npm.company.cn,,,,
H007500,2026-07-28 09:45:04,email_open,阅读邮件（内部往来 1）,,,,docs.company.cn,,,,
H004950,2026-07-28 09:46:50,login,登录办公终端,,T1078,,,,,,
H004058,2026-07-28 09:47:07,dns_query,域名解析,,T1071.001,,bilibili.com,,,,
H006049,2026-07-28 09:47:51,login,登录办公终端,,T1078,,,,,,
H005600,2026-07-28 09:48:41,email_open,阅读邮件（内部往来 2）,,,,docs.company.cn,,,,
H004956,2026-07-28 09:49:32,web_visit,访问内部 OA/知识库,,T1071,,kb.company.cn,,,,
H003833,2026-07-28 09:52:04,failed_login,密码错误自动重试,,T1110.001,,,,,,
H000805,2026-07-28 09:52:05,email_open,阅读邮件（内部往来 1）,,,,npm.company.cn,,,,
H009535,2026-07-28 09:57:08,dns_query,域名解析,,T1071.001,,mail.company.cn,,,,
H004763,2026-07-28 10:02:09,download,下载文档/更新包 40MB,,T1204.002,,,42177,,,
H003416,2026-07-28 10:02:58,login,登录办公终端,,T1078,,,,,,
H004717,2026-07-28 10:06:42,web_visit,访问内部 OA/知识库,,T1071,,kb.company.cn,,,,
H002774,2026-07-28 10:10:41,login,登录办公终端,,T1078,,,,,,
H004394,2026-07-28 10:11:30,email_open,阅读邮件（内部往来 1）,,,,docs.company.cn,,,,
H004564,2026-07-28 10:13:41,login,登录办公终端,,T1078,,,,,,
H004956,2026-07-28 10:16:44,email_open,阅读邮件（内部往来 2）,,,,npm.company.cn,,,,
H000564,2026-07-28 10:17:00,web_visit,访问内部 OA/知识库,,T1071,,wiki.company.cn,,,,
H001796,2026-07-28 10:17:25,web_visit,访问内部 OA/知识库,,T1071,,wiki.company.cn,,,,
H001819,2026-07-28 10:17:57,dns_query,域名解析,,T1071.001,,baidu.com,,,,
H004724,2026-07-28 10:18:36,failed_login,密码错误自动重试,,T1110.001,,,,,,
H001651,2026-07-28 10:19:54,email_open,阅读邮件（内部往来 1）,,,,docs.company.cn,,,,
H001235,2026-07-28 10:20:55,login,登录办公终端,,T1078,,,,,,
H004394,2026-07-28 10:25:30,dns_query,域名解析,,T1071.001,,jd.com,,,,
H009698,2026-07-28 10:25:48,web_visit,访问内部 OA/知识库,,T1071,,wiki.company.cn,,,,
H007129,2026-07-28 10:26:31,login,登录办公终端,,T1078,,,,,,
H005988,2026-07-28 10:27:08,dns_query,域名解析,,T1071.001,,github.com,,,,
H003043,2026-07-28 10:27:47,web_visit,访问内部 OA/知识库,,T1071,,docs.company.cn,,,,
H002479,2026-07-28 10:30:20,web_visit,访问内部 OA/知识库,,T1071,,npm.company.cn,,,,
H000564,2026-07-28 10:36:42,email_open,阅读邮件（内部往来 3）,,,,mail.company.cn,,,,
H008164,2026-07-28 10:36:55,failed_login,密码错误自动重试,,T1110.001,,,,,,
H001819,2026-07-28 10:37:37,email_open,阅读邮件（内部往来 1）,,,,npm.company.cn,,,,
H007500,2026-07-28 10:37:59,web_visit,访问内部 OA/知识库,,T1071,,kb.company.cn,,,,
H000805,2026-07-28 10:39:26,web_visit,访问内部 OA/知识库,,T1071,,oa.company.cn,,,,
H006373,2026-07-28 10:42:19,login,登录办公终端,,T1078,,,,苏州市,,
H004717,2026-07-28 10:43:06,failed_login,密码错误自动重试,,T1110.001,,,,,,
H000559,2026-07-28 10:43:43,email_open,阅读邮件（内部往来 2）,,,,npm.company.cn,,,,
H004724,2026-07-28 10:44:22,email_open,阅读邮件（内部往来 2）,,,,oa.company.cn,,,,
H004564,2026-07-28 10:46:56,web_visit,访问内部 OA/知识库,,T1071,,kb.company.cn,,,,
H001651,2026-07-28 10:47:14,web_visit,访问内部 OA/知识库,,T1071,,npm.company.cn,,,,
H002894,2026-07-28 10:47:36,dns_query,域名解析,,T1071.001,,wiki.company.cn,,,,
H007458,2026-07-28 10:49:50,web_visit,访问内部 OA/知识库,,T1071,,wiki.company.cn,,,,
H006718,2026-07-28 10:51:38,web_visit,访问内部 OA/知识库,,T1071,,kb.company.cn,,,,
H009535,2026-07-28 10:52:25,login,登录办公终端,,T1078,,,,,,
H004717,2026-07-28 10:53:09,login,登录办公终端,,T1078,,,,,,
H009698,2026-07-28 11:00:01,failed_login,密码错误自动重试,,T1110.001,,,,,,
H000763,2026-07-28 11:02:51,login,登录办公终端,,T1078,,,,,,
H007458,2026-07-28 11:05:33,email_open,阅读邮件（内部往来 2）,,,,docs.company.cn,,,,
H004816,2026-07-28 11:06:30,web_visit,访问内部 OA/知识库,,T1071,,mail.company.cn,,,,
H005600,2026-07-28 11:15:18,web_visit,访问内部 OA/知识库,,T1071,,mail.company.cn,,,,
H007500,2026-07-28 11:27:07,failed_login,密码错误自动重试,,T1110.001,,,,,,
H006566,2026-07-28 11:27:45,dns_query,域名解析,,T1071.001,,weibo.com,,,,
H004564,2026-07-28 11:30:52,dns_query,域名解析,,T1071.001,,bilibili.com,,,,
H005988,2026-07-28 11:32:43,email_open,阅读邮件（内部往来 3）,,,,npm.company.cn,,,,
H002479,2026-07-28 11:34:17,login,登录办公终端,,T1078,,,,天津市,,
H002844,2026-07-28 11:37:08,email_open,阅读邮件（内部往来 1）,,,,docs.company.cn,,,,
H003416,2026-07-28 11:40:15,email_open,阅读邮件（内部往来 1）,,,,npm.company.cn,,,,
H000117,2026-07-28 11:44:10,failed_login,密码错误自动重试,,T1110.001,,,,,,
H006113,2026-07-28 11:47:42,rule_create,设置邮件自动归档规则,,T1114.002,,,,,,
H000564,2026-07-28 11:50:19,upload,上传附件 13MB,,T1567,,docs.company.cn,3799,,,
H006566,2026-07-28 11:55:56,web_visit,访问内部 OA/知识库,,T1071,,mail.company.cn,,,,
H009816,2026-07-28 12:01:34,email_open,阅读邮件（内部往来 2）,,,,oa.company.cn,,,,
H003833,2026-07-28 12:11:40,email_open,阅读邮件（内部往来 1）,,,,kb.company.cn,,,,
H004360,2026-07-28 12:16:04,failed_login,密码错误自动重试,,T1110.001,,,,,,
H000527,2026-07-28 12:18:28,login,登录办公终端,,T1078,,,,,,
H000805,2026-07-28 12:18:44,login,登录办公终端,,T1078,,,,,,
H007512,2026-07-28 12:23:16,login,登录办公终端,,T1078,,,,,,
H006473,2026-07-28 12:25:33,web_visit,访问内部 OA/知识库,,T1071,,wiki.company.cn,,,,
H002844,2026-07-28 12:31:41,web_visit,访问内部 OA/知识库,,T1071,,oa.company.cn,,,,
H004763,2026-07-28 12:31:54,failed_login,密码错误自动重试,,T1110.001,,,,,,
H000805,2026-07-28 12:32:50,web_visit,访问内部 OA/知识库,,T1071,,mail.company.cn,,,,
H000559,2026-07-28 12:42:20,failed_login,密码错误自动重试,,T1110.001,,,,,,
H006566,2026-07-28 12:43:35,web_visit,访问内部 OA/知识库,,T1071,,wiki.company.cn,,,,
H001235,2026-07-28 12:45:03,web_visit,访问内部 OA/知识库,,T1071,,docs.company.cn,,,,
H001796,2026-07-28 12:52:41,email_open,阅读邮件（内部往来 1）,,,,kb.company.cn,,,,
H005496,2026-07-28 13:00:22,upload,外发数据 17MB（含客户名单片段）,exfil,T1567,evasive,share-doc.company.cn,17408,,,
H000527,2026-07-28 13:08:15,web_visit,访问内部 OA/知识库,,T1071,,kb.company.cn,,,,
H002479,2026-07-28 13:08:35,download,下载文档/更新包 45MB,,T1204.002,,,39369,,,
H001651,2026-07-28 13:08:41,email_open,阅读邮件（内部往来 3）,,,,mail.company.cn,,,,
H001796,2026-07-28 13:09:12,login,登录办公终端,,T1078,,,,,,
H000763,2026-07-28 13:10:29,download,下载文档/更新包 6MB,,T1204.002,,,13398,,,
H007500,2026-07-28 13:10:55,scan_attempt,安全巡检端口扫描（被扫）,,T1046,,,,,,
H005600,2026-07-28 13:17:09,dns_query,域名解析,,T1071.001,,zhihu.com,,,,
H000438,2026-07-28 13:18:14,email_open,阅读邮件（内部往来 1）,,,,kb.company.cn,,,,
H004763,2026-07-28 13:20:38,login,登录办公终端,,T1078,,,,,,
H008871,2026-07-28 13:22:17,login,登录办公终端,,T1078,,,,南京市,,
H002223,2026-07-28 13:23:14,login,登录办公终端,,T1078,,,,苏州市,,
H004763,2026-07-28 13:31:21,email_open,阅读邮件（内部往来 2）,,,,mail.company.cn,,,,
H005988,2026-07-28 13:32:17,email_open,阅读邮件（内部往来 2）,,,,oa.company.cn,,,,
H009982,2026-07-28 13:33:37,download,下载文档/更新包 14MB,,T1204.002,,,13590,,,
H000763,2026-07-28 13:37:32,email_open,阅读邮件（内部往来 1）,,,,kb.company.cn,,,,
H006566,2026-07-28 13:40:46,login,登录办公终端,,T1078,,,,,,
H009698,2026-07-28 13:44:36,failed_login,密码错误自动重试,,T1110.001,,,,,,
H009816,2026-07-28 13:45:00,failed_login,密码错误自动重试,,T1110.001,,,,,,
H001819,2026-07-28 13:49:47,login,登录办公终端,,T1078,,,,,,
H009816,2026-07-28 14:02:10,failed_login,密码错误自动重试,,T1110.001,,,,,,
H004564,2026-07-28 14:04:13,failed_login,密码错误自动重试,,T1110.001,,,,,,
H000438,2026-07-28 14:05:05,login,登录办公终端,,T1078,,,,,,
H000763,2026-07-28 14:05:11,failed_login,密码错误自动重试,,T1110.001,,,,,,
H000117,2026-07-28 14:11:07,upload,上传附件 14MB,,T1567,,docs.company.cn,4800,,,
H000466,2026-07-28 14:15:23,web_visit,访问内部 OA/知识库,,T1071,,kb.company.cn,,,,
H004816,2026-07-28 14:17:09,failed_login,密码错误自动重试,,T1110.001,,,,,,
H006049,2026-07-28 14:22:23,failed_login,密码错误自动重试,,T1110.001,,,,,,
H004816,2026-07-28 14:23:57,web_visit,访问内部 OA/知识库,,T1071,,npm.company.cn,,,,
H000564,2026-07-28 14:26:03,email_open,阅读邮件（内部往来 1）,,,,kb.company.cn,,,,
H001796,2026-07-28 14:26:18,download,下载文档/更新包 10MB,,T1204.002,,,40230,,,
H007500,2026-07-28 14:35:32,web_visit,访问内部 OA/知识库,,T1071,,npm.company.cn,,,,
H000805,2026-07-28 14:40:35,failed_login,密码错误自动重试,,T1110.001,,,,,,
H001235,2026-07-28 14:42:57,download,下载文档/更新包 17MB,,T1204.002,,,12702,,,
H000763,2026-07-28 14:44:52,failed_login,密码错误自动重试,,T1110.001,,,,,,
H006566,2026-07-28 14:50:05,failed_login,密码错误自动重试,,T1110.001,,,,,,
H002894,2026-07-28 14:50:59,email_open,阅读邮件（内部往来 3）,,,,mail.company.cn,,,,
H002907,2026-07-28 14:52:45,failed_login,密码错误自动重试,,T1110.001,,,,,,
H000117,2026-07-28 14:53:21,email_open,阅读邮件（内部往来 2）,,,,oa.company.cn,,,,
H004080,2026-07-28 15:00:42,dns_query,域名解析,,T1071.001,,kb.company.cn,,,,
H006473,2026-07-28 15:03:31,web_visit,访问内部 OA/知识库,,T1071,,kb.company.cn,,,,
H004717,2026-07-28 15:10:11,email_open,阅读邮件（内部往来 1）,,,,kb.company.cn,,,,
H009816,2026-07-28 15:10:17,web_visit,访问内部 OA/知识库,,T1071,,wiki.company.cn,,,,
H001796,2026-07-28 15:11:25,web_visit,访问内部 OA/知识库,,T1071,,mail.company.cn,,,,
H001651,2026-07-28 15:13:32,dns_query,域名解析,,T1071.001,,weibo.com,,,,
H003043,2026-07-28 15:15:50,download,下载文档/更新包 34MB,,T1204.002,,,12269,,,
H005600,2026-07-28 15:16:42,email_open,阅读邮件（内部往来 1）,,,,npm.company.cn,,,,
H008154,2026-07-28 15:38:29,email_open,阅读邮件（内部往来 1）,,,,kb.company.cn,,,,
H004058,2026-07-28 15:39:38,email_open,阅读邮件（内部往来 2）,,,,mail.company.cn,,,,
H007500,2026-07-28 15:41:25,download,下载文档/更新包 17MB,,T1204.002,,,35609,,,
H004724,2026-07-28 15:43:34,login,登录办公终端,,T1078,,,,,,
H004080,2026-07-28 15:47:30,email_open,阅读邮件（内部往来 1）,,,,kb.company.cn,,,,
H001235,2026-07-28 15:50:45,email_open,阅读邮件（内部往来 4）,,,,npm.company.cn,,,,
H001651,2026-07-28 15:52:15,failed_login,密码错误自动重试,,T1110.001,,,,,,
H001668,2026-07-28 15:53:51,web_visit,访问内部 OA/知识库,,T1071,,wiki.company.cn,,,,
H004080,2026-07-28 15:55:35,failed_login,密码错误自动重试,,T1110.001,,,,,,
H004564,2026-07-28 15:58:02,email_open,阅读邮件（内部往来 2）,,,,npm.company.cn,,,,
H009170,2026-07-28 15:59:25,upload,将文档生成分享外链（权限外扩）,exfil,T1567,evasive,cloud.company.cn,78848,,,
H001819,2026-07-28 16:01:55,email_open,阅读邮件（内部往来 2）,,,,docs.company.cn,,,,
H005600,2026-07-28 16:03:24,login,登录办公终端,,T1078,,,,,,
H005988,2026-07-28 16:11:09,login,登录办公终端,,T1078,,,,,,
H004360,2026-07-28 16:16:48,upload,上传附件 6MB,,T1567,,docs.company.cn,13733,,,
H004950,2026-07-28 16:22:22,dns_query,域名解析,,T1071.001,,oa.company.cn,,,,
H008981,2026-07-28 16:23:45,failed_login,密码错误自动重试,,T1110.001,,,,,,
H000117,2026-07-28 16:24:11,email_open,阅读邮件（内部往来 1）,,,,oa.company.cn,,,,
H002223,2026-07-28 16:27:55,dns_query,域名解析,,T1071.001,,kb.company.cn,,,,
H004394,2026-07-28 16:28:33,login,登录办公终端,,T1078,,,,,,
H004058,2026-07-28 16:31:03,email_open,阅读邮件（内部往来 4）,,,,npm.company.cn,,,,
H000564,2026-07-28 16:36:43,login,登录办公终端,,T1078,,,,,,
H008981,2026-07-28 16:37:51,failed_login,密码错误自动重试,,T1110.001,,,,,,
H008981,2026-07-28 16:40:20,failed_login,密码错误自动重试,,T1110.001,,,,,,
H008981,2026-07-28 16:40:34,email_open,阅读邮件（内部往来 2）,,,,mail.company.cn,,,,
H001819,2026-07-28 16:42:37,failed_login,密码错误自动重试,,T1110.001,,,,,,
H004956,2026-07-28 16:45:06,email_open,阅读邮件（内部往来 3）,,,,wiki.company.cn,,,,
H009982,2026-07-28 16:46:37,email_open,阅读邮件（内部往来 1）,,,,kb.company.cn,,,,
H004956,2026-07-28 16:47:10,email_open,阅读邮件（内部往来 1）,,,,npm.company.cn,,,,
H000559,2026-07-28 16:47:21,web_visit,访问内部 OA/知识库,,T1071,,npm.company.cn,,,,
H007500,2026-07-28 16:50:58,email_open,阅读邮件（内部往来 2）,,,,wiki.company.cn,,,,
H002844,2026-07-28 16:54:33,dns_query,域名解析,,T1071.001,,wiki.company.cn,,,,
H001796,2026-07-28 16:56:45,failed_login,密码错误自动重试,,T1110.001,,,,,,
H000466,2026-07-28 16:56:57,login,登录办公终端,,T1078,,,,,,
H004956,2026-07-28 16:59:15,login,登录办公终端,,T1078,,,,,,
H001235,2026-07-28 17:03:47,email_open,阅读邮件（内部往来 1）,,,,wiki.company.cn,,,,
H009816,2026-07-28 17:04:55,email_open,阅读邮件（内部往来 1）,,,,mail.company.cn,,,,
H001668,2026-07-28 17:06:46,email_open,阅读邮件（内部往来 1）,,,,wiki.company.cn,,,,
H003910,2026-07-28 17:07:06,web_visit,访问内部 OA/知识库,,T1071,,oa.company.cn,,,,
H005988,2026-07-28 17:08:33,email_open,阅读邮件（内部往来 1）,,,,docs.company.cn,,,,
H004058,2026-07-28 17:12:13,login,登录办公终端,,T1078,,,,,,
H001668,2026-07-28 17:12:47,login,登录办公终端,,T1078,,,,,,
H000466,2026-07-28 17:16:04,email_open,阅读邮件（内部往来 1）,,,,oa.company.cn,,,,
H002907,2026-07-28 17:17:51,login,登录办公终端,,T1078,,,,,,
H009698,2026-07-28 17:20:27,email_open,阅读邮件（内部往来 3）,,,,wiki.company.cn,,,,
H004394,2026-07-28 17:21:09,web_visit,访问内部 OA/知识库,,T1071,,oa.company.cn,,,,
H004816,2026-07-28 17:27:08,email_open,阅读邮件（内部往来 1）,,,,mail.company.cn,,,,
H008154,2026-07-28 17:27:55,email_open,阅读邮件（内部往来 3）,,,,kb.company.cn,,,,
H002774,2026-07-28 17:30:37,download,下载文档/更新包 15MB,,T1204.002,,,44571,,,
H002844,2026-07-28 17:30:56,web_visit,访问内部 OA/知识库,,T1071,,docs.company.cn,,,,
H000564,2026-07-28 17:31:12,email_open,阅读邮件（内部往来 2）,,,,kb.company.cn,,,,
H008154,2026-07-28 17:31:51,web_visit,访问内部 OA/知识库,,T1071,,npm.company.cn,,,,
H009698,2026-07-28 17:33:20,login,登录办公终端,,T1078,,,,,,
H001819,2026-07-28 17:45:32,web_visit,访问内部 OA/知识库,,T1071,,oa.company.cn,,,,
H007129,2026-07-28 17:48:23,email_open,阅读邮件（内部往来 1）,,,,docs.company.cn,,,,
H007030,2026-07-28 17:48:51,download,下载文档/更新包 38MB,,T1204.002,,,37025,,,
H006373,2026-07-28 17:53:10,failed_login,密码错误自动重试,,T1110.001,,,,,,
H003416,2026-07-28 17:53:18,web_visit,访问内部 OA/知识库,,T1071,,docs.company.cn,,,,
H002907,2026-07-28 17:53:53,download,下载文档/更新包 7MB,,T1204.002,,,9198,,,
H000466,2026-07-28 17:54:19,web_visit,访问内部 OA/知识库,,T1071,,kb.company.cn,,,,
H001235,2026-07-28 17:54:57,web_visit,访问内部 OA/知识库,,T1071,,npm.company.cn,,,,
H004058,2026-07-28 17:56:27,web_visit,访问内部 OA/知识库,,T1071,,docs.company.cn,,,,
H002894,2026-07-28 18:01:36,web_visit,访问内部 OA/知识库,,T1071,,docs.company.cn,,,,
H004950,2026-07-28 18:05:01,web_visit,访问内部 OA/知识库,,T1071,,mail.company.cn,,,,
H007458,2026-07-28 18:06:47,upload,上传附件 15MB,,T1567,,docs.company.cn,14435,,,
H002894,2026-07-28 18:08:16,email_open,阅读邮件（内部往来 2）,,,,kb.company.cn,,,,
H002774,2026-07-28 18:13:15,dns_query,域名解析,,T1071.001,,qq.com,,,,
H000117,2026-07-28 18:16:50,dns_query,域名解析,,T1071.001,,weibo.com,,,,
H005614,2026-07-28 18:17:51,failed_login,密码错误自动重试,,T1110.001,,,,,,
H000763,2026-07-28 18:18:35,email_open,阅读邮件（内部往来 2）,,,,oa.company.cn,,,,
H000527,2026-07-28 18:21:30,dns_query,域名解析,,T1071.001,,mail.company.cn,,,,
H004564,2026-07-28 18:23:22,web_visit,访问内部 OA/知识库,,T1071,,docs.company.cn,,,,
H009982,2026-07-28 18:25:42,failed_login,密码错误自动重试,,T1110.001,,,,,,
H006049,2026-07-28 18:27:59,email_open,阅读邮件（内部往来 1）,,,,npm.company.cn,,,,
H006738,2026-07-28 18:30:59,email_open,阅读邮件（内部往来 1）,,,,wiki.company.cn,,,,
H006373,2026-07-28 18:31:16,failed_login,密码错误自动重试,,T1110.001,,,,,,
H007500,2026-07-28 18:32:07,email_open,阅读邮件（内部往来 3）,,,,docs.company.cn,,,,
H000763,2026-07-28 18:39:05,web_visit,访问内部 OA/知识库,,T1071,,npm.company.cn,,,,
H003833,2026-07-28 18:39:18,failed_login,密码错误自动重试,,T1110.001,,,,,,
H009535,2026-07-28 18:41:17,email_open,阅读邮件（内部往来 1）,,,,mail.company.cn,,,,
H003910,2026-07-28 18:44:44,login,登录办公终端,,T1078,,,,,,
H002894,2026-07-28 18:48:39,login,登录办公终端,,T1078,,,,,,
H004080,2026-07-28 18:51:30,upload,上传附件 1MB,,T1567,,docs.company.cn,7604,,,
H004816,2026-07-28 18:54:00,login,登录办公终端,,T1078,,,,,,
H007512,2026-07-28 18:54:28,email_open,阅读邮件（内部往来 1）,,,,npm.company.cn,,,,
H001651,2026-07-28 19:00:49,login,登录办公终端,,T1078,,,,,,
H009535,2026-07-28 19:04:59,email_open,阅读邮件（内部往来 2）,,,,kb.company.cn,,,,
H004058,2026-07-28 19:14:41,email_open,阅读邮件（内部往来 3）,,,,kb.company.cn,,,,
H000559,2026-07-28 19:28:37,web_visit,访问内部 OA/知识库,,T1071,,npm.company.cn,,,,
H006373,2026-07-28 19:35:20,failed_login,密码错误自动重试,,T1110.001,,,,,,
H005614,2026-07-28 19:38:12,failed_login,密码错误自动重试,,T1110.001,,,,,,
H006738,2026-07-28 19:43:07,web_visit,访问内部 OA/知识库,,T1071,,docs.company.cn,,,,
H001651,2026-07-28 19:44:34,failed_login,密码错误自动重试,,T1110.001,,,,,,
H004717,2026-07-28 19:53:03,web_visit,访问内部 OA/知识库,,T1071,,docs.company.cn,,,,
H004956,2026-07-28 19:53:04,download,下载文档/更新包 28MB,,T1204.002,,,1333,,,
H004360,2026-07-28 19:57:25,login,登录办公终端,,T1078,,,,苏州市,,
H009816,2026-07-28 19:58:55,login,登录办公终端,,T1078,,,,东莞市,,
H006373,2026-07-28 19:59:05,web_visit,访问内部 OA/知识库,,T1071,,npm.company.cn,,,,
H006473,2026-07-28 19:59:31,login,登录办公终端,,T1078,,,,苏州市,,
H001796,2026-07-28 20:04:59,email_open,阅读邮件（内部往来 2）,,,,mail.company.cn,,,,
H007129,2026-07-28 20:23:18,email_open,阅读邮件（内部往来 2）,,,,mail.company.cn,,,,
H001819,2026-07-28 20:39:09,failed_login,密码错误自动重试,,T1110.001,,,,,,
H006566,2026-07-28 20:40:46,failed_login,密码错误自动重试,,T1110.001,,,,,,
H008871,2026-07-28 20:58:08,email_open,阅读邮件（内部往来 1）,,,,mail.company.cn,,,,
H000117,2026-07-28 20:59:56,login,登录办公终端,,T1078,,,,,,
H000763,2026-07-28 21:01:48,dns_query,域名解析,,T1071.001,,baidu.com,,,,
H006373,2026-07-28 21:08:42,email_open,阅读邮件（内部往来 2）,,,,kb.company.cn,,,,
H006718,2026-07-28 21:13:11,login,登录办公终端,,T1078,,,,,,
H009982,2026-07-28 21:42:58,web_visit,访问内部 OA/知识库,,T1071,,kb.company.cn,,,,
H005614,2026-07-28 21:46:10,login,登录办公终端,,T1078,,,,西安市,,
H004080,2026-07-28 21:49:56,web_visit,访问内部 OA/知识库,,T1071,,kb.company.cn,,,,
H002844,2026-07-28 21:51:39,failed_login,密码错误自动重试,,T1110.001,,,,,,
H009816,2026-07-28 22:04:55,dns_query,域名解析,,T1071.001,,jd.com,,,,
H000564,2026-07-28 22:15:17,dns_query,域名解析,,T1071.001,,kb.company.cn,,,,
H005614,2026-07-28 22:21:52,failed_login,密码错误自动重试,,T1110.001,,,,,,
H001819,2026-07-28 22:29:12,web_visit,访问内部 OA/知识库,,T1071,,kb.company.cn,,,,
H008871,2026-07-28 23:04:50,failed_login,密码错误自动重试,,T1110.001,,,,,,
H005614,2026-07-28 23:20:59,upload,上传附件 2MB,,T1567,,docs.company.cn,4484,,,
H004394,2026-07-28 23:39:11,upload,上传附件 8MB,,T1567,,docs.company.cn,1547,,,
H009982,2026-07-28 23:50:40,failed_login,密码错误自动重试,,T1110.001,,,,,,
H009982,2026-07-28 23:54:41,login,登录办公终端,,T1078,,,,东莞市,,
H000763,2026-07-29 00:21:10,web_visit,访问内部 OA/知识库,,T1071,,mail.company.cn,,,,
H004362,2026-07-29 00:36:35,login,登录办公终端,,T1078,,,,,,
H004816,2026-07-29 01:22:16,login,登录办公终端,,T1078,,,,,,
H008931,2026-07-29 02:29:00,upload,数据外传 30MB（2）,exfil,T1567,evasive,cdn-verify-svc.net,30720,,,
H008931,2026-07-29 03:31:00,upload,数据外传 71MB（3）,exfil,T1567,evasive,cdn-verify-svc.net,72704,,,
H002894,2026-07-29 04:44:32,web_visit,访问内部 OA/知识库,,T1071,,docs.company.cn,,,,
H001819,2026-07-29 05:21:30,email_open,阅读邮件（内部往来 2）,,,,oa.company.cn,,,,
H006750,2026-07-29 06:37:57,login,登录办公终端,,T1078,,,,,,
H003923,2026-07-29 06:41:01,login,登录办公终端,,T1078,,,,,,
H004724,2026-07-29 07:09:44,failed_login,密码错误自动重试,,T1110.001,,,,,,
H001986,2026-07-29 07:23:49,email_open,阅读邮件（内部往来 1）,,,,kb.company.cn,,,,
H008214,2026-07-29 07:39:29,login,登录办公终端,,T1078,,,,东莞市,,
H001269,2026-07-29 08:00:07,email_open,阅读邮件（内部往来 2）,,,,kb.company.cn,,,,
H004724,2026-07-29 08:00:12,login,登录办公终端,,T1078,,,,,,
H004149,2026-07-29 08:05:40,email_open,阅读邮件（内部往来 1）,,,,kb.company.cn,,,,
H000527,2026-07-29 08:08:08,upload,上传附件 1MB,,T1567,,docs.company.cn,6553,,,
H003833,2026-07-29 08:10:30,login,登录办公终端,,T1078,,,,,,
H003752,2026-07-29 08:12:12,email_open,阅读邮件（内部往来 1）,,,,wiki.company.cn,,,,
H003725,2026-07-29 08:15:28,download,下载文档/更新包 40MB,,T1204.002,,,20717,,,
H006113,2026-07-29 08:16:50,email_open,阅读邮件（内部往来 1）,,,,mail.company.cn,,,,
H004724,2026-07-29 08:18:38,dns_query,域名解析,,T1071.001,,mail.company.cn,,,,
H003725,2026-07-29 08:21:37,web_visit,访问内部 OA/知识库,,T1071,,kb.company.cn,,,,
H003923,2026-07-29 08:23:30,smb_connect,访问文件服务器共享目录,,T1021.002,,,,,,FILE-SRV01
H003043,2026-07-29 08:27:39,login,登录办公终端,,T1078,,,,,,
H004394,2026-07-29 08:38:20,web_visit,访问内部 OA/知识库,,T1071,,wiki.company.cn,,,,
H000438,2026-07-29 08:44:29,dns_query,域名解析,,T1071.001,,qq.com,,,,
H001419,2026-07-29 08:44:36,email_open,阅读邮件（内部往来 1）,,,,kb.company.cn,,,,
H002480,2026-07-29 08:45:24,email_open,阅读邮件（内部往来 1）,,,,npm.company.cn,,,,
H001986,2026-07-29 08:46:55,dns_query,域名解析,,T1071.001,,jd.com,,,,
H001721,2026-07-29 08:47:32,upload,上传附件 3MB,,T1567,,docs.company.cn,4212,,,
H001721,2026-07-29 08:50:53,web_visit,访问内部 OA/知识库,,T1071,,wiki.company.cn,,,,
H006718,2026-07-29 08:52:35,email_open,阅读邮件（内部往来 3）,,,,mail.company.cn,,,,
H004717,2026-07-29 08:53:06,email_open,阅读邮件（内部往来 2）,,,,mail.company.cn,,,,
H003973,2026-07-29 08:55:38,email_open,阅读邮件（内部往来 1）,,,,oa.company.cn,,,,
H002480,2026-07-29 09:00:47,login,登录办公终端,,T1078,,,,,,
H001721,2026-07-29 09:05:13,web_visit,访问内部 OA/知识库,,T1071,,kb.company.cn,,,,
H001269,2026-07-29 09:05:14,email_open,阅读邮件（内部往来 1）,,,,wiki.company.cn,,,,
H006049,2026-07-29 09:06:32,login,登录办公终端,,T1078,,,,,,
H001235,2026-07-29 09:06:48,web_visit,访问内部 OA/知识库,,T1071,,mail.company.cn,,,,
H001235,2026-07-29 09:08:48,email_open,阅读邮件（内部往来 2）,,,,kb.company.cn,,,,
H004724,2026-07-29 09:09:34,email_open,阅读邮件（内部往来 1）,,,,wiki.company.cn,,,,
H001177,2026-07-29 09:16:12,dns_query,域名解析,,T1071.001,,mail.company.cn,,,,
H004717,2026-07-29 09:17:42,email_open,阅读邮件（内部往来 1）,,,,kb.company.cn,,,,
H000438,2026-07-29 09:20:56,login,登录办公终端,,T1078,,,,,,
H001269,2026-07-29 09:23:02,failed_login,密码错误自动重试,,T1110.001,,,,,,
H000564,2026-07-29 09:25:11,failed_login,密码错误自动重试,,T1110.001,,,,,,
H004149,2026-07-29 09:25:30,login,登录办公终端,,T1078,,,,,,
H001269,2026-07-29 09:28:54,failed_login,密码错误自动重试,,T1110.001,,,,,,
H004902,2026-07-29 09:29:17,email_open,阅读邮件（内部往来 1）,,,,docs.company.cn,,,,
H002480,2026-07-29 09:30:07,failed_login,密码错误自动重试,,T1110.001,,,,,,
H009816,2026-07-29 09:31:31,failed_login,密码错误自动重试,,T1110.001,,,,,,
H009816,2026-07-29 09:33:40,web_visit,访问内部 OA/知识库,,T1071,,wiki.company.cn,,,,
H006473,2026-07-29 09:33:53,email_open,阅读邮件（内部往来 3）,,,,kb.company.cn,,,,
H003833,2026-07-29 09:34:26,dns_query,域名解析,,T1071.001,,wiki.company.cn,,,,
H006373,2026-07-29 09:42:06,download,下载文档/更新包 18MB,,T1204.002,,,34918,,,
H008057,2026-07-29 09:42:20,email_open,阅读邮件（内部往来 2）,,,,wiki.company.cn,,,,
H001651,2026-07-29 09:44:36,web_visit,访问内部 OA/知识库,,T1071,,oa.company.cn,,,,
H009979,2026-07-29 09:45:54,email_open,阅读邮件（内部往来 1）,,,,mail.company.cn,,,,
H004902,2026-07-29 09:46:25,login,登录办公终端,,T1078,,,,,,
H001986,2026-07-29 09:46:36,web_visit,访问内部 OA/知识库,,T1071,,oa.company.cn,,,,
H003973,2026-07-29 09:47:40,login,登录办公终端,,T1078,,,,,,
H004717,2026-07-29 09:47:52,login,登录办公终端,,T1078,,,,,,
H003043,2026-07-29 09:55:14,email_open,阅读邮件（内部往来 1）,,,,wiki.company.cn,,,,
H006738,2026-07-29 09:57:23,email_open,阅读邮件（内部往来 1）,,,,oa.company.cn,,,,
H004362,2026-07-29 09:58:21,email_open,阅读邮件（内部往来 1）,,,,docs.company.cn,,,,
H001721,2026-07-29 10:10:31,dns_query,域名解析,,T1071.001,,zhihu.com,,,,
H000763,2026-07-29 10:11:18,email_open,阅读邮件（内部往来 3）,,,,oa.company.cn,,,,
H001819,2026-07-29 10:11:49,web_visit,访问内部 OA/知识库,,T1071,,mail.company.cn,,,,
H001721,2026-07-29 10:12:53,login,登录办公终端,,T1078,,,,,,
H006419,2026-07-29 10:13:01,email_open,阅读邮件（内部往来 1）,,,,docs.company.cn,,,,
H003923,2026-07-29 10:15:15,web_visit,访问内部 OA/知识库,,T1071,,oa.company.cn,,,,
H001419,2026-07-29 10:15:32,download,下载文档/更新包 36MB,,T1204.002,,,15733,,,
H003893,2026-07-29 10:15:38,dns_query,域名解析,,T1071.001,,oa.company.cn,,,,
H007129,2026-07-29 10:16:26,login,登录办公终端,,T1078,,,,,,
H006473,2026-07-29 10:18:25,email_open,阅读邮件（内部往来 1）,,,,npm.company.cn,,,,
H006738,2026-07-29 10:20:21,web_visit,访问内部 OA/知识库,,T1071,,mail.company.cn,,,,
H006373,2026-07-29 10:24:38,web_visit,访问内部 OA/知识库,,T1071,,docs.company.cn,,,,
H004360,2026-07-29 10:26:26,login,登录办公终端,,T1078,,,,苏州市,,
H002480,2026-07-29 10:27:56,email_open,阅读邮件（内部往来 2）,,,,kb.company.cn,,,,
H008057,2026-07-29 10:29:02,login,登录办公终端,,T1078,,,,,,
H007458,2026-07-29 10:32:31,login,登录办公终端,,T1078,,,,,,
H003752,2026-07-29 10:33:04,login,登录办公终端,,T1078,,,,,,
H000564,2026-07-29 10:38:09,login,登录办公终端,,T1078,,,,,,
H002894,2026-07-29 10:38:28,login,登录办公终端,,T1078,,,,,,
H006718,2026-07-29 10:38:35,email_open,阅读邮件（内部往来 2）,,,,kb.company.cn,,,,
H004816,2026-07-29 10:38:40,failed_login,密码错误自动重试,,T1110.001,,,,,,
H002480,2026-07-29 10:39:30,failed_login,密码错误自动重试,,T1110.001,,,,,,
H001819,2026-07-29 10:40:58,dns_query,域名解析,,T1071.001,,bilibili.com,,,,
H006113,2026-07-29 10:47:49,login,登录办公终端,,T1078,,,,武汉市,,
H006750,2026-07-29 10:52:33,failed_login,密码错误自动重试,,T1110.001,,,,,,
H009982,2026-07-29 10:55:15,failed_login,密码错误自动重试,,T1110.001,,,,,,
H003533,2026-07-29 11:00:38,email_open,阅读邮件（内部往来 2）,,,,npm.company.cn,,,,
H006473,2026-07-29 11:01:16,login,登录办公终端,,T1078,,,,苏州市,,
H008931,2026-07-29 11:01:35,login,登录办公终端,,T1078,,,,,,
H004360,2026-07-29 11:05:26,upload,上传附件 9MB,,T1567,,docs.company.cn,2343,,,
H003923,2026-07-29 11:10:12,email_open,阅读邮件（内部往来 1）,,,,docs.company.cn,,,,
H005988,2026-07-29 11:11:53,email_open,阅读邮件（内部往来 2）,,,,wiki.company.cn,,,,
H004149,2026-07-29 11:21:14,web_visit,访问内部 OA/知识库,,T1071,,docs.company.cn,,,,
H005988,2026-07-29 11:21:48,web_visit,访问内部 OA/知识库,,T1071,,docs.company.cn,,,,
H009982,2026-07-29 11:23:36,web_visit,访问内部 OA/知识库,,T1071,,oa.company.cn,,,,
H006473,2026-07-29 11:25:34,dns_query,域名解析,,T1071.001,,oa.company.cn,,,,
H008154,2026-07-29 11:26:19,login,登录办公终端,,T1078,,,,,,
H000987,2026-07-29 11:26:37,email_open,阅读邮件（内部往来 1）,,,,mail.company.cn,,,,
H000527,2026-07-29 11:26:47,login,登录办公终端,,T1078,,,,,,
H000763,2026-07-29 11:31:49,failed_login,密码错误自动重试,,T1110.001,,,,,,
H008931,2026-07-29 11:33:05,failed_login,密码错误自动重试,,T1110.001,,,,,,
H003910,2026-07-29 11:37:50,download,下载文档/更新包 27MB,,T1204.002,,,34120,,,
H007458,2026-07-29 11:37:57,email_open,阅读邮件（内部往来 1）,,,,npm.company.cn,,,,
H004950,2026-07-29 11:38:09,login,登录办公终端,,T1078,,,,,,
H000527,2026-07-29 11:40:20,web_visit,访问内部 OA/知识库,,T1071,,oa.company.cn,,,,
H001235,2026-07-29 11:42:32,failed_login,密码错误自动重试,,T1110.001,,,,,,
H004080,2026-07-29 11:43:16,web_visit,访问内部 OA/知识库,,T1071,,docs.company.cn,,,,
H006738,2026-07-29 11:56:07,upload,上传附件 4MB,,T1567,,docs.company.cn,13309,,,
H003533,2026-07-29 11:58:40,dns_query,域名解析,,T1071.001,,oa.company.cn,,,,
H004080,2026-07-29 12:02:23,login,登录办公终端,,T1078,,,,,,
H003973,2026-07-29 12:04:16,web_visit,访问内部 OA/知识库,,T1071,,npm.company.cn,,,,
H009816,2026-07-29 12:05:19,web_visit,访问内部 OA/知识库,,T1071,,npm.company.cn,,,,
H006049,2026-07-29 12:05:24,email_open,阅读邮件（内部往来 1）,,,,wiki.company.cn,,,,
H007129,2026-07-29 12:06:38,email_open,阅读邮件（内部往来 1）,,,,docs.company.cn,,,,
H005988,2026-07-29 12:10:24,email_open,阅读邮件（内部往来 1）,,,,kb.company.cn,,,,
H006419,2026-07-29 12:20:15,login,登录办公终端,,T1078,,,,南京市,,
H004763,2026-07-29 12:24:18,login,登录办公终端,,T1078,,,,,,
H002774,2026-07-29 12:24:57,login,登录办公终端,,T1078,,,,,,
H006373,2026-07-29 12:26:26,login,登录办公终端,,T1078,,,,苏州市,,
H002774,2026-07-29 12:27:41,email_open,阅读邮件（内部往来 1）,,,,kb.company.cn,,,,
H007512,2026-07-29 12:29:11,web_visit,访问内部 OA/知识库,,T1071,,oa.company.cn,,,,
H001177,2026-07-29 12:31:07,download,下载文档/更新包 44MB,,T1204.002,,,26271,,,
H003416,2026-07-29 12:38:48,web_visit,访问内部 OA/知识库,,T1071,,wiki.company.cn,,,,
H003833,2026-07-29 12:39:19,email_open,阅读邮件（内部往来 1）,,,,docs.company.cn,,,,
H009979,2026-07-29 12:44:17,web_visit,访问内部 OA/知识库,,T1071,,docs.company.cn,,,,
H009979,2026-07-29 12:46:03,rule_create,设置邮件自动归档规则,,T1114.002,,,,,,
H003752,2026-07-29 12:47:51,upload,上传附件 5MB,,T1567,,docs.company.cn,7671,,,
H009816,2026-07-29 12:50:48,login,登录办公终端,,T1078,,,,东莞市,,
H003893,2026-07-29 12:51:30,email_open,阅读邮件（内部往来 2）,,,,oa.company.cn,,,,
H005988,2026-07-29 12:56:25,email_open,阅读邮件（内部往来 3）,,,,oa.company.cn,,,,
H006373,2026-07-29 12:57:37,failed_login,密码错误自动重试,,T1110.001,,,,,,
H001721,2026-07-29 12:59:51,email_open,阅读邮件（内部往来 1）,,,,docs.company.cn,,,,
H006750,2026-07-29 13:07:26,dns_query,域名解析,,T1071.001,,zhihu.com,,,,
H006311,2026-07-29 13:11:21,download,下载文档/更新包 25MB,,T1204.002,,,1356,,,
H003533,2026-07-29 13:15:34,email_open,阅读邮件（内部往来 3）,,,,oa.company.cn,,,,
H001819,2026-07-29 13:20:04,email_open,阅读邮件（内部往来 1）,,,,oa.company.cn,,,,
H007512,2026-07-29 13:22:38,email_open,阅读邮件（内部往来 1）,,,,docs.company.cn,,,,
H009982,2026-07-29 13:25:04,login,登录办公终端,,T1078,,,,东莞市,,
H009903,2026-07-29 13:30:08,login,登录办公终端,,T1078,,,,天津市,,
H004394,2026-07-29 13:36:38,email_open,阅读邮件（内部往来 2）,,,,docs.company.cn,,,,
H001419,2026-07-29 13:43:40,dns_query,域名解析,,T1071.001,,wiki.company.cn,,,,
H004149,2026-07-29 13:46:49,dns_query,域名解析,,T1071.001,,baidu.com,,,,
H003533,2026-07-29 13:49:53,web_visit,访问内部 OA/知识库,,T1071,,npm.company.cn,,,,
H001986,2026-07-29 13:54:43,login,登录办公终端,,T1078,,,,,,
H000987,2026-07-29 13:54:55,email_open,阅读邮件（内部往来 2）,,,,oa.company.cn,,,,
H003416,2026-07-29 14:02:24,login,登录办公终端,,T1078,,,,,,
H003533,2026-07-29 14:07:10,email_open,阅读邮件（内部往来 1）,,,,wiki.company.cn,,,,
H004394,2026-07-29 14:09:09,login,登录办公终端,,T1078,,,,,,
H001269,2026-07-29 14:14:25,login,登录办公终端,,T1078,,,,,,
H006311,2026-07-29 14:17:29,email_open,阅读邮件（内部往来 2）,,,,mail.company.cn,,,,
H003910,2026-07-29 14:23:06,upload,上传附件 8MB,,T1567,,docs.company.cn,12578,,,
H001819,2026-07-29 14:24:19,login,登录办公终端,,T1078,,,,,,
H009982,2026-07-29 14:27:39,failed_login,密码错误自动重试,,T1110.001,,,,,,
H003833,2026-07-29 14:32:48,email_open,阅读邮件（内部往来 2）,,,,kb.company.cn,,,,
H002479,2026-07-29 14:36:11,login,登录办公终端,,T1078,,,,天津市,,
H001419,2026-07-29 14:37:47,login,登录办公终端,,T1078,,,,,,
H006750,2026-07-29 14:40:38,email_open,阅读邮件（内部往来 2）,,,,docs.company.cn,,,,
H004902,2026-07-29 14:41:15,email_open,阅读邮件（内部往来 2）,,,,docs.company.cn,,,,
H004717,2026-07-29 14:45:00,dns_query,域名解析,,T1071.001,,zhihu.com,,,,
H008057,2026-07-29 14:49:19,email_open,阅读邮件（内部往来 1）,,,,npm.company.cn,,,,
H003752,2026-07-29 14:50:49,download,下载文档/更新包 15MB,,T1204.002,,,33861,,,
H006738,2026-07-29 14:52:08,web_visit,访问内部 OA/知识库,,T1071,,docs.company.cn,,,,
H009982,2026-07-29 14:54:43,email_open,阅读邮件（内部往来 1）,,,,docs.company.cn,,,,
H003893,2026-07-29 15:01:39,email_open,阅读邮件（内部往来 1）,,,,wiki.company.cn,,,,
H006750,2026-07-29 15:04:15,web_visit,访问内部 OA/知识库,,T1071,,oa.company.cn,,,,
H008154,2026-07-29 15:05:21,email_open,阅读邮件（内部往来 1）,,,,mail.company.cn,,,,
H008164,2026-07-29 15:06:37,login,登录办公终端,,T1078,,,,,,
H003416,2026-07-29 15:11:08,email_open,阅读邮件（内部往来 1）,,,,kb.company.cn,,,,
H006747,2026-07-29 15:12:21,email_open,阅读邮件（内部往来 2）,,,,mail.company.cn,,,,
H006311,2026-07-29 15:14:23,email_open,阅读邮件（内部往来 1）,,,,mail.company.cn,,,,
H005614,2026-07-29 15:17:49,dns_query,域名解析,,T1071.001,,zhihu.com,,,,
H005614,2026-07-29 15:21:09,web_visit,访问内部 OA/知识库,,T1071,,kb.company.cn,,,,
H001269,2026-07-29 15:23:01,failed_login,密码错误自动重试,,T1110.001,,,,,,
H006738,2026-07-29 15:32:27,email_open,阅读邮件（内部往来 2）,,,,kb.company.cn,,,,
H006747,2026-07-29 15:33:36,email_open,阅读邮件（内部往来 1）,,,,oa.company.cn,,,,
H004950,2026-07-29 15:41:08,email_open,阅读邮件（内部往来 1）,,,,mail.company.cn,,,,
H004149,2026-07-29 15:41:14,web_visit,访问内部 OA/知识库,,T1071,,kb.company.cn,,,,
H001235,2026-07-29 15:41:44,download,下载文档/更新包 32MB,,T1204.002,,,7456,,,
H004953,2026-07-29 15:42:53,failed_login,密码错误自动重试,,T1110.001,,,,,,
H001269,2026-07-29 15:47:37,download,下载文档/更新包 25MB,,T1204.002,,,1766,,,
H000987,2026-07-29 15:47:46,download,下载文档/更新包 24MB,,T1204.002,,,2193,,,
H004362,2026-07-29 15:47:46,email_open,阅读邮件（内部往来 3）,,,,npm.company.cn,,,,
H006311,2026-07-29 15:47:48,failed_login,密码错误自动重试,,T1110.001,,,,,,
H009979,2026-07-29 15:47:51,dns_query,域名解析,,T1071.001,,oa.company.cn,,,,
H004717,2026-07-29 15:55:40,email_open,阅读邮件（内部往来 3）,,,,mail.company.cn,,,,
H001419,2026-07-29 15:59:10,web_visit,访问内部 OA/知识库,,T1071,,mail.company.cn,,,,
H000527,2026-07-29 15:59:22,scan_attempt,安全巡检端口扫描（被扫）,,T1046,,,,,,
H004362,2026-07-29 16:00:16,web_visit,访问内部 OA/知识库,,T1071,,oa.company.cn,,,,
H006311,2026-07-29 16:01:44,login,登录办公终端,,T1078,,,,,,
H003043,2026-07-29 16:02:25,dns_query,域名解析,,T1071.001,,oa.company.cn,,,,
H009170,2026-07-29 16:02:57,email_open,阅读邮件（内部往来 1）,,,,docs.company.cn,,,,
H007512,2026-07-29 16:03:14,email_open,阅读邮件（内部往来 2）,,,,docs.company.cn,,,,
H008164,2026-07-29 16:07:08,email_open,阅读邮件（内部往来 2）,,,,kb.company.cn,,,,
H003973,2026-07-29 16:07:26,web_visit,访问内部 OA/知识库,,T1071,,mail.company.cn,,,,
H000527,2026-07-29 16:07:41,download,下载文档/更新包 14MB,,T1204.002,,,2269,,,
H001235,2026-07-29 16:08:43,email_open,阅读邮件（内部往来 1）,,,,wiki.company.cn,,,,
H006738,2026-07-29 16:15:42,dns_query,域名解析,,T1071.001,,weibo.com,,,,
H003910,2026-07-29 16:16:52,dns_query,域名解析,,T1071.001,,baidu.com,,,,
H004564,2026-07-29 16:18:30,login,登录办公终端,,T1078,,,,,,
H003893,2026-07-29 16:21:47,failed_login,密码错误自动重试,,T1110.001,,,,,,
H000763,2026-07-29 16:23:32,email_open,阅读邮件（内部往来 1）,,,,kb.company.cn,,,,
H004362,2026-07-29 16:25:29,email_open,阅读邮件（内部往来 2）,,,,oa.company.cn,,,,
H000564,2026-07-29 16:28:28,web_visit,访问内部 OA/知识库,,T1071,,docs.company.cn,,,,
H001235,2026-07-29 16:28:55,failed_login,密码错误自动重试,,T1110.001,,,,,,
H005614,2026-07-29 16:36:46,login,登录办公终端,,T1078,,,,西安市,,
H002894,2026-07-29 16:40:24,web_visit,访问内部 OA/知识库,,T1071,,mail.company.cn,,,,
H006750,2026-07-29 16:40:43,email_open,阅读邮件（内部往来 1）,,,,npm.company.cn,,,,
H006750,2026-07-29 16:41:14,failed_login,密码错误自动重试,,T1110.001,,,,,,
H002479,2026-07-29 16:41:52,email_open,阅读邮件（内部往来 1）,,,,kb.company.cn,,,,
H009816,2026-07-29 16:42:43,email_open,阅读邮件（内部往来 1）,,,,kb.company.cn,,,,
H002894,2026-07-29 16:45:33,email_open,阅读邮件（内部往来 1）,,,,mail.company.cn,,,,
H008057,2026-07-29 16:46:55,web_visit,访问内部 OA/知识库,,T1071,,oa.company.cn,,,,
H002774,2026-07-29 16:48:28,upload,上传附件 13MB,,T1567,,docs.company.cn,10310,,,
H002774,2026-07-29 16:49:26,web_visit,访问内部 OA/知识库,,T1071,,oa.company.cn,,,,
H006419,2026-07-29 16:49:30,email_open,阅读邮件（内部往来 2）,,,,docs.company.cn,,,,
H003910,2026-07-29 16:50:00,web_visit,访问内部 OA/知识库,,T1071,,mail.company.cn,,,,
H007129,2026-07-29 16:50:38,web_visit,访问内部 OA/知识库,,T1071,,wiki.company.cn,,,,
H004816,2026-07-29 16:52:29,web_visit,访问内部 OA/知识库,,T1071,,kb.company.cn,,,,
H008164,2026-07-29 16:57:22,email_open,阅读邮件（内部往来 1）,,,,npm.company.cn,,,,
H000763,2026-07-29 16:58:33,login,登录办公终端,,T1078,,,,,,
H003533,2026-07-29 16:59:31,login,登录办公终端,,T1078,,,,武汉市,,
H006049,2026-07-29 17:03:41,dns_query,域名解析,,T1071.001,,oa.company.cn,,,,
H009903,2026-07-29 17:04:30,failed_login,密码错误自动重试,,T1110.001,,,,,,
H004394,2026-07-29 17:10:18,email_open,阅读邮件（内部往来 3）,,,,kb.company.cn,,,,
H006718,2026-07-29 17:15:41,dns_query,域名解析,,T1071.001,,bilibili.com,,,,
H003910,2026-07-29 17:16:45,failed_login,密码错误自动重试,,T1110.001,,,,,,
H001235,2026-07-29 17:20:07,login,登录办公终端,,T1078,,,,,,
H009979,2026-07-29 17:21:11,email_open,阅读邮件（内部往来 2）,,,,wiki.company.cn,,,,
H008057,2026-07-29 17:22:02,web_visit,访问内部 OA/知识库,,T1071,,mail.company.cn,,,,
H003725,2026-07-29 17:22:22,email_open,阅读邮件（内部往来 1）,,,,mail.company.cn,,,,
H001651,2026-07-29 17:23:13,login,登录办公终端,,T1078,,,,,,
H004564,2026-07-29 17:23:57,download,下载文档/更新包 34MB,,T1204.002,,,28114,,,
H009170,2026-07-29 17:29:29,dns_query,域名解析,,T1071.001,,baidu.com,,,,
H008214,2026-07-29 17:29:41,failed_login,密码错误自动重试,,T1110.001,,,,,,
H002480,2026-07-29 17:29:59,dns_query,域名解析,,T1071.001,,kb.company.cn,,,,
H004394,2026-07-29 17:30:19,email_open,阅读邮件（内部往来 1）,,,,kb.company.cn,,,,
H007129,2026-07-29 17:30:57,dns_query,域名解析,,T1071.001,,qq.com,,,,
H003923,2026-07-29 17:31:54,web_visit,访问内部 OA/知识库,,T1071,,docs.company.cn,,,,
H001269,2026-07-29 17:34:47,dns_query,域名解析,,T1071.001,,weibo.com,,,,
H000763,2026-07-29 17:38:11,failed_login,密码错误自动重试,,T1110.001,,,,,,
H006738,2026-07-29 17:39:19,login,登录办公终端,,T1078,,,,,,
H008981,2026-07-29 17:39:39,privesc,安装办公软件（UAC 授权通过）,,T1543.003,,,,,,
H003910,2026-07-29 17:40:53,login,登录办公终端,,T1078,,,,,,
H008057,2026-07-29 17:44:37,upload,上传附件 6MB,,T1567,,docs.company.cn,13741,,,
H005988,2026-07-29 17:45:09,download,下载文档/更新包 44MB,,T1204.002,,,24014,,,
H008214,2026-07-29 17:53:14,download,下载文档/更新包 22MB,,T1204.002,,,9961,,,
H004362,2026-07-29 17:56:05,upload,上传附件 7MB,,T1567,,docs.company.cn,10790,,,
H004362,2026-07-29 17:57:08,failed_login,密码错误自动重试,,T1110.001,,,,,,
H006718,2026-07-29 17:58:24,email_open,阅读邮件（内部往来 1）,,,,kb.company.cn,,,,
H004953,2026-07-29 17:59:34,upload,上传附件 14MB,,T1567,,docs.company.cn,7606,,,
H004149,2026-07-29 18:07:16,email_open,阅读邮件（内部往来 2）,,,,wiki.company.cn,,,,
H003893,2026-07-29 18:07:37,login,登录办公终端,,T1078,,,,,,
H004816,2026-07-29 18:08:44,download,下载文档/更新包 43MB,,T1204.002,,,5425,,,
H000564,2026-07-29 18:13:01,email_open,阅读邮件（内部往来 1）,,,,docs.company.cn,,,,
H004953,2026-07-29 18:17:16,login,登录办公终端,,T1078,,,,南京市,,
H008164,2026-07-29 18:19:05,download,下载文档/更新包 41MB,,T1204.002,,,18448,,,
H001177,2026-07-29 18:25:45,login,登录办公终端,,T1078,,,,,,
H004902,2026-07-29 18:29:52,dns_query,域名解析,,T1071.001,,bilibili.com,,,,
H005988,2026-07-29 18:34:53,login,登录办公终端,,T1078,,,,,,
H000763,2026-07-29 18:35:05,email_open,阅读邮件（内部往来 4）,,,,kb.company.cn,,,,
H006473,2026-07-29 18:41:18,email_open,阅读邮件（内部往来 2）,,,,mail.company.cn,,,,
H009903,2026-07-29 18:41:28,email_open,阅读邮件（内部往来 1）,,,,wiki.company.cn,,,,
H006419,2026-07-29 18:55:25,failed_login,密码错误自动重试,,T1110.001,,,,,,
H001819,2026-07-29 18:56:28,failed_login,密码错误自动重试,,T1110.001,,,,,,
H004564,2026-07-29 19:00:06,web_visit,访问内部 OA/知识库,,T1071,,npm.company.cn,,,,
H006718,2026-07-29 19:04:18,login,登录办公终端,,T1078,,,,,,
H004902,2026-07-29 19:04:28,web_visit,访问内部 OA/知识库,,T1071,,kb.company.cn,,,,
H005988,2026-07-29 19:06:03,dns_query,域名解析,,T1071.001,,npm.company.cn,,,,
H000763,2026-07-29 19:07:28,email_open,阅读邮件（内部往来 2）,,,,docs.company.cn,,,,
H006049,2026-07-29 19:12:02,web_visit,访问内部 OA/知识库,,T1071,,docs.company.cn,,,,
H000763,2026-07-29 19:16:58,scan_attempt,安全巡检端口扫描（被扫）,,T1046,,,,,,
H000564,2026-07-29 19:19:00,dns_query,域名解析,,T1071.001,,weibo.com,,,,
H000987,2026-07-29 19:38:42,login,登录办公终端,,T1078,,,,天津市,,
H007512,2026-07-29 19:45:42,login,登录办公终端,,T1078,,,,,,
H003725,2026-07-29 19:49:54,login,登录办公终端,,T1078,,,,,,
H001651,2026-07-29 19:50:28,email_open,阅读邮件（内部往来 1）,,,,npm.company.cn,,,,
H002480,2026-07-29 19:55:25,upload,上传附件 11MB,,T1567,,docs.company.cn,6299,,,
H009903,2026-07-29 20:49:04,failed_login,密码错误自动重试,,T1110.001,,,,,,
H009170,2026-07-29 20:53:08,login,登录办公终端,,T1078,,,,,,
H005614,2026-07-29 21:27:27,web_visit,访问内部 OA/知识库,,T1071,,mail.company.cn,,,,
H006747,2026-07-29 21:33:14,failed_login,密码错误自动重试,,T1110.001,,,,,,
H008154,2026-07-29 21:37:59,dns_query,域名解析,,T1071.001,,jd.com,,,,
H008214,2026-07-29 21:53:50,web_visit,访问内部 OA/知识库,,T1071,,oa.company.cn,,,,
H004360,2026-07-29 21:56:03,email_open,阅读邮件（内部往来 1）,,,,docs.company.cn,,,,
H009979,2026-07-29 21:59:40,login,登录办公终端,,T1078,,,,,,
H004816,2026-07-29 22:25:09,dns_query,域名解析,,T1071.001,,taobao.com,,,,
H006747,2026-07-29 22:26:33,login,登录办公终端,,T1078,,,,,,
H006419,2026-07-29 22:37:53,web_visit,访问内部 OA/知识库,,T1071,,oa.company.cn,,,,
H002479,2026-07-29 23:24:28,dns_query,域名解析,,T1071.001,,jd.com,,,,
H009903,2026-07-29 23:45:04,failed_login,密码错误自动重试,,T1110.001,,,,,,
H009903,2026-07-29 23:53:24,web_visit,访问内部 OA/知识库,,T1071,,oa.company.cn,,,,
H005600,2026-07-30 00:35:02,failed_login,密码错误自动重试,,T1110.001,,,,,,
H000527,2026-07-30 00:57:04,login,登录办公终端,,T1078,,,,,,
H003910,2026-07-30 04:49:38,email_open,阅读邮件（内部往来 3）,,,,mail.company.cn,,,,
H006311,2026-07-30 05:42:58,dns_query,域名解析,,T1071.001,,qq.com,,,,
H003923,2026-07-30 07:03:37,dns_query,域名解析,,T1071.001,,bilibili.com,,,,
H003043,2026-07-30 07:41:16,failed_login,密码错误自动重试,,T1110.001,,,,,,
H001986,2026-07-30 07:46:38,email_open,阅读邮件（内部往来 1）,,,,wiki.company.cn,,,,
H008931,2026-07-30 07:50:42,dns_query,域名解析,,T1071.001,,mail.company.cn,,,,
H003416,2026-07-30 08:00:45,login,登录办公终端,,T1078,,,,,,
H002907,2026-07-30 08:14:18,email_open,阅读邮件（内部往来 1）,,,,kb.company.cn,,,,
H008931,2026-07-30 08:20:28,login,登录办公终端,,T1078,,,,,,
H004953,2026-07-30 08:26:28,email_open,阅读邮件（内部往来 1）,,,,npm.company.cn,,,,
H000805,2026-07-30 08:26:56,email_open,阅读邮件（内部往来 1）,,,,npm.company.cn,,,,
H003973,2026-07-30 08:30:31,email_open,阅读邮件（内部往来 3）,,,,oa.company.cn,,,,
H000438,2026-07-30 08:32:39,email_open,阅读邮件（内部往来 1）,,,,docs.company.cn,,,,
H006473,2026-07-30 08:32:46,login,登录办公终端,,T1078,,,,苏州市,,
H001402,2026-07-30 08:32:51,download,下载文档/更新包 40MB,,T1204.002,,,3732,,,
H000564,2026-07-30 08:35:18,email_open,阅读邮件（内部往来 1）,,,,mail.company.cn,,,,
H008931,2026-07-30 08:45:54,email_open,阅读邮件（内部往来 1）,,,,mail.company.cn,,,,
H003910,2026-07-30 08:48:17,email_open,阅读邮件（内部往来 2）,,,,kb.company.cn,,,,
H003973,2026-07-30 08:48:52,email_open,阅读邮件（内部往来 2）,,,,npm.company.cn,,,,
H006738,2026-07-30 08:52:01,email_open,阅读邮件（内部往来 2）,,,,wiki.company.cn,,,,
H004717,2026-07-30 08:56:33,failed_login,密码错误自动重试,,T1110.001,,,,,,
H007129,2026-07-30 09:02:12,cleanup,清理回收站与临时文件,,T1070.004,,,,,,
H004956,2026-07-30 09:05:27,email_open,阅读邮件（内部往来 2）,,,,mail.company.cn,,,,
H003923,2026-07-30 09:07:31,login,登录办公终端,,T1078,,,,,,
H006373,2026-07-30 09:10:47,dns_query,域名解析,,T1071.001,,mail.company.cn,,,,
H001419,2026-07-30 09:12:26,dns_query,域名解析,,T1071.001,,oa.company.cn,,,,
H006738,2026-07-30 09:18:27,email_open,阅读邮件（内部往来 1）,,,,mail.company.cn,,,,
H006113,2026-07-30 09:20:24,web_visit,访问内部 OA/知识库,,T1071,,npm.company.cn,,,,
H006049,2026-07-30 09:21:12,email_open,阅读邮件（内部往来 2）,,,,npm.company.cn,,,,
H004360,2026-07-30 09:21:30,web_visit,访问内部 OA/知识库,,T1071,,wiki.company.cn,,,,
H004146,2026-07-30 09:23:29,web_visit,访问内部 OA/知识库,,T1071,,npm.company.cn,,,,
H004058,2026-07-30 09:26:20,web_visit,访问内部 OA/知识库,,T1071,,mail.company.cn,,,,
H001819,2026-07-30 09:26:22,email_open,阅读邮件（内部往来 3）,,,,docs.company.cn,,,,
H007500,2026-07-30 09:28:18,login,登录办公终端,,T1078,,,,,,
H009691,2026-07-30 09:30:25,email_open,阅读邮件（内部往来 3）,,,,oa.company.cn,,,,
H003725,2026-07-30 09:31:22,web_visit,访问内部 OA/知识库,,T1071,,wiki.company.cn,,,,
H004724,2026-07-30 09:34:55,login,登录办公终端,,T1078,,,,,,
H004953,2026-07-30 09:35:24,web_visit,访问内部 OA/知识库,,T1071,,docs.company.cn,,,,
H007458,2026-07-30 09:38:41,login,登录办公终端,,T1078,,,,,,
H000805,2026-07-30 09:42:04,email_open,阅读邮件（内部往来 3）,,,,docs.company.cn,,,,
H004146,2026-07-30 09:42:18,login,登录办公终端,,T1078,,,,,,
H005496,2026-07-30 09:44:34,login,登录办公终端,,T1078,,,,,,
H007129,2026-07-30 09:48:18,failed_login,密码错误自动重试,,T1110.001,,,,,,
H004902,2026-07-30 09:56:03,email_open,阅读邮件（内部往来 1）,,,,npm.company.cn,,,,
H003043,2026-07-30 09:58:03,dns_query,域名解析,,T1071.001,,docs.company.cn,,,,
H001269,2026-07-30 10:04:59,email_open,阅读邮件（内部往来 1）,,,,wiki.company.cn,,,,
H003893,2026-07-30 10:09:32,web_visit,访问内部 OA/知识库,,T1071,,docs.company.cn,,,,
H007512,2026-07-30 10:10:18,email_open,阅读邮件（内部往来 1）,,,,npm.company.cn,,,,
H005600,2026-07-30 10:13:25,upload,上传附件 6MB,,T1567,,docs.company.cn,3000,,,
H009982,2026-07-30 10:14:17,login,登录办公终端,,T1078,,,,东莞市,,
H004763,2026-07-30 10:17:42,failed_login,密码错误自动重试,,T1110.001,,,,,,
H004950,2026-07-30 10:22:06,upload,上传附件 11MB,,T1567,,docs.company.cn,4909,,,
H003893,2026-07-30 10:22:40,dns_query,域名解析,,T1071.001,,npm.company.cn,,,,
H000438,2026-07-30 10:23:09,email_open,阅读邮件（内部往来 2）,,,,npm.company.cn,,,,
H003533,2026-07-30 10:25:04,web_visit,访问内部 OA/知识库,,T1071,,oa.company.cn,,,,
H004360,2026-07-30 10:26:23,email_open,阅读邮件（内部往来 1）,,,,mail.company.cn,,,,
H007458,2026-07-30 10:26:49,email_open,阅读邮件（内部往来 1）,,,,oa.company.cn,,,,
H005988,2026-07-30 10:28:46,web_visit,访问内部 OA/知识库,,T1071,,kb.company.cn,,,,
H003416,2026-07-30 10:32:40,web_visit,访问内部 OA/知识库,,T1071,,npm.company.cn,,,,
H004763,2026-07-30 10:34:40,failed_login,密码错误自动重试,,T1110.001,,,,,,
H004149,2026-07-30 10:35:34,email_open,阅读邮件（内部往来 1）,,,,mail.company.cn,,,,
H000564,2026-07-30 10:37:27,email_open,阅读邮件（内部往来 3）,,,,mail.company.cn,,,,
H003416,2026-07-30 10:38:04,email_open,阅读邮件（内部往来 1）,,,,npm.company.cn,,,,
H006896,2026-07-30 10:38:21,login,登录办公终端,,T1078,,,,,,
H005988,2026-07-30 10:42:50,dns_query,域名解析,,T1071.001,,docs.company.cn,,,,
H003416,2026-07-30 10:43:51,download,下载文档/更新包 45MB,,T1204.002,,,34907,,,
H007458,2026-07-30 10:46:43,email_open,阅读邮件（内部往来 4）,,,,mail.company.cn,,,,
H004149,2026-07-30 10:47:08,web_visit,访问内部 OA/知识库,,T1071,,mail.company.cn,,,,
H009170,2026-07-30 10:50:44,web_visit,访问内部 OA/知识库,,T1071,,docs.company.cn,,,,
H009691,2026-07-30 10:51:10,web_visit,访问内部 OA/知识库,,T1071,,oa.company.cn,,,,
H000466,2026-07-30 10:51:42,email_open,阅读邮件（内部往来 1）,,,,mail.company.cn,,,,
H004950,2026-07-30 10:52:03,dns_query,域名解析,,T1071.001,,wiki.company.cn,,,,
H004149,2026-07-30 10:52:14,email_open,阅读邮件（内部往来 4）,,,,kb.company.cn,,,,
H006738,2026-07-30 10:57:03,login,登录办公终端,,T1078,,,,,,
H003725,2026-07-30 10:57:49,dns_query,域名解析,,T1071.001,,weibo.com,,,,
H003973,2026-07-30 10:57:49,login,登录办公终端,,T1078,,,,,,
H001402,2026-07-30 10:58:11,web_visit,访问内部 OA/知识库,,T1071,,kb.company.cn,,,,
H004724,2026-07-30 10:59:05,download,下载文档/更新包 23MB,,T1204.002,,,7068,,,
H008871,2026-07-30 11:06:18,upload,上传附件 1MB,,T1567,,docs.company.cn,11969,,,
H003043,2026-07-30 11:07:39,web_visit,访问内部 OA/知识库,,T1071,,kb.company.cn,,,,
H004775,2026-07-30 11:07:49,web_visit,访问内部 OA/知识库,,T1071,,wiki.company.cn,,,,
H004775,2026-07-30 11:09:06,web_visit,访问内部 OA/知识库,,T1071,,mail.company.cn,,,,
H008931,2026-07-30 11:09:07,upload,上传附件 2MB,,T1567,,docs.company.cn,5601,,,
H003910,2026-07-30 11:10:45,web_visit,访问内部 OA/知识库,,T1071,,oa.company.cn,,,,
H000564,2026-07-30 11:12:33,login,登录办公终端,,T1078,,,,,,
H004394,2026-07-30 11:14:06,dns_query,域名解析,,T1071.001,,mail.company.cn,,,,
H003910,2026-07-30 11:15:53,login,登录办公终端,,T1078,,,,,,
H002907,2026-07-30 11:17:50,web_visit,访问内部 OA/知识库,,T1071,,oa.company.cn,,,,
H008981,2026-07-30 11:18:29,web_visit,访问内部 OA/知识库,,T1071,,docs.company.cn,,,,
H004394,2026-07-30 11:19:40,login,登录办公终端,,T1078,,,,,,
H004953,2026-07-30 11:20:30,login,登录办公终端,,T1078,,,,南京市,,
H004950,2026-07-30 11:20:47,email_open,阅读邮件（内部往来 1）,,,,npm.company.cn,,,,
H008981,2026-07-30 11:21:22,login,登录办公终端,,T1078,,,,,,
H004717,2026-07-30 11:22:03,email_open,阅读邮件（内部往来 1）,,,,wiki.company.cn,,,,
H004953,2026-07-30 11:28:54,download,下载文档/更新包 19MB,,T1204.002,,,32734,,,
H007512,2026-07-30 11:28:54,web_visit,访问内部 OA/知识库,,T1071,,mail.company.cn,,,,
H005767,2026-07-30 11:29:19,login,登录办公终端,,T1078,,,,,,
H009535,2026-07-30 11:33:24,failed_login,密码错误自动重试,,T1110.001,,,,,,
H006738,2026-07-30 11:33:33,email_open,阅读邮件（内部往来 3）,,,,mail.company.cn,,,,
H009979,2026-07-30 11:36:14,login,登录办公终端,,T1078,,,,,,
H002844,2026-07-30 11:37:36,dns_query,域名解析,,T1071.001,,oa.company.cn,,,,
H003725,2026-07-30 11:37:39,failed_login,密码错误自动重试,,T1110.001,,,,,,
H006311,2026-07-30 11:38:18,email_open,阅读邮件（内部往来 1）,,,,kb.company.cn,,,,
H006311,2026-07-30 11:39:01,upload,上传附件 2MB,,T1567,,docs.company.cn,12332,,,
H003533,2026-07-30 11:40:33,login,登录办公终端,,T1078,,,,武汉市,,
H004950,2026-07-30 11:50:41,web_visit,访问内部 OA/知识库,,T1071,,docs.company.cn,,,,
H006896,2026-07-30 11:52:37,web_visit,访问内部 OA/知识库,,T1071,,oa.company.cn,,,,
H005988,2026-07-30 11:53:02,login,登录办公终端,,T1078,,,,,,
H004717,2026-07-30 11:55:14,login,登录办公终端,,T1078,,,,,,
H006896,2026-07-30 11:55:27,download,下载文档/更新包 3MB,,T1204.002,,,24044,,,
H009170,2026-07-30 11:58:19,email_open,阅读邮件（内部往来 1）,,,,npm.company.cn,,,,
H004953,2026-07-30 11:58:34,web_visit,访问内部 OA/知识库,,T1071,,docs.company.cn,,,,
H005988,2026-07-30 12:00:59,web_visit,访问内部 OA/知识库,,T1071,,npm.company.cn,,,,
H004902,2026-07-30 12:01:19,web_visit,访问内部 OA/知识库,,T1071,,wiki.company.cn,,,,
H004149,2026-07-30 12:01:57,failed_login,密码错误自动重试,,T1110.001,,,,,,
H002844,2026-07-30 12:06:12,web_visit,访问内部 OA/知识库,,T1071,,mail.company.cn,,,,
H001402,2026-07-30 12:14:15,email_open,阅读邮件（内部往来 1）,,,,kb.company.cn,,,,
H001986,2026-07-30 12:14:39,web_visit,访问内部 OA/知识库,,T1071,,oa.company.cn,,,,
H004724,2026-07-30 12:20:47,dns_query,域名解析,,T1071.001,,mail.company.cn,,,,
H009170,2026-07-30 12:24:26,download,下载文档/更新包 43MB,,T1204.002,,,28337,,,
H001721,2026-07-30 12:24:39,email_open,阅读邮件（内部往来 1）,,,,docs.company.cn,,,,
H008871,2026-07-30 12:27:38,login,登录办公终端,,T1078,,,,南京市,,
H006738,2026-07-30 12:28:04,email_open,阅读邮件（内部往来 4）,,,,oa.company.cn,,,,
H007500,2026-07-30 12:31:22,web_visit,访问内部 OA/知识库,,T1071,,docs.company.cn,,,,
H006113,2026-07-30 12:33:18,email_open,阅读邮件（内部往来 2）,,,,wiki.company.cn,,,,
H001819,2026-07-30 12:34:24,email_open,阅读邮件（内部往来 1）,,,,oa.company.cn,,,,
H009535,2026-07-30 12:44:17,failed_login,密码错误自动重试,,T1110.001,,,,,,
H000438,2026-07-30 12:46:44,dns_query,域名解析,,T1071.001,,jd.com,,,,
H009691,2026-07-30 12:47:16,email_open,阅读邮件（内部往来 1）,,,,oa.company.cn,,,,
H003043,2026-07-30 12:47:56,email_open,阅读邮件（内部往来 1）,,,,kb.company.cn,,,,
H000527,2026-07-30 12:55:33,failed_login,密码错误自动重试,,T1110.001,,,,,,
H001986,2026-07-30 12:55:45,login,登录办公终端,,T1078,,,,,,
H007500,2026-07-30 13:03:53,email_open,阅读邮件（内部往来 1）,,,,oa.company.cn,,,,
H004149,2026-07-30 13:04:43,login,登录办公终端,,T1078,,,,,,
H000466,2026-07-30 13:14:40,email_open,阅读邮件（内部往来 3）,,,,docs.company.cn,,,,
H007129,2026-07-30 13:17:19,email_open,阅读邮件（内部往来 1）,,,,npm.company.cn,,,,
H008214,2026-07-30 13:21:01,web_visit,访问内部 OA/知识库,,T1071,,mail.company.cn,,,,
H004717,2026-07-30 13:21:33,web_visit,访问内部 OA/知识库,,T1071,,oa.company.cn,,,,
H003416,2026-07-30 13:22:50,dns_query,域名解析,,T1071.001,,github.com,,,,
H004149,2026-07-30 13:23:45,dns_query,域名解析,,T1071.001,,npm.company.cn,,,,
H000564,2026-07-30 13:24:41,email_open,阅读邮件（内部往来 2）,,,,mail.company.cn,,,,
H003923,2026-07-30 13:27:45,email_open,阅读邮件（内部往来 2）,,,,wiki.company.cn,,,,
H008214,2026-07-30 13:45:13,email_open,阅读邮件（内部往来 2）,,,,npm.company.cn,,,,
H006113,2026-07-30 13:47:47,email_open,阅读邮件（内部往来 1）,,,,npm.company.cn,,,,
H002223,2026-07-30 13:51:01,email_open,阅读邮件（内部往来 2）,,,,mail.company.cn,,,,
H005600,2026-07-30 13:52:36,login,登录办公终端,,T1078,,,,,,
H004902,2026-07-30 13:57:21,login,登录办公终端,,T1078,,,,,,
H002223,2026-07-30 13:58:16,login,登录办公终端,,T1078,,,,苏州市,,
H000438,2026-07-30 13:58:21,login,登录办公终端,,T1078,,,,,,
H008214,2026-07-30 13:59:58,login,登录办公终端,,T1078,,,,东莞市,,
H005496,2026-07-30 14:02:19,web_visit,访问内部 OA/知识库,,T1071,,oa.company.cn,,,,
H008214,2026-07-30 14:06:05,email_open,阅读邮件（内部往来 1）,,,,docs.company.cn,,,,
H002844,2026-07-30 14:06:29,privesc,安装办公软件（UAC 授权通过）,,T1543.003,,,,,,
H009691,2026-07-30 14:09:18,email_open,阅读邮件（内部往来 2）,,,,npm.company.cn,,,,
H004394,2026-07-30 14:09:31,web_visit,访问内部 OA/知识库,,T1071,,docs.company.cn,,,,
H005767,2026-07-30 14:10:42,email_open,阅读邮件（内部往来 1）,,,,wiki.company.cn,,,,
H001419,2026-07-30 14:10:56,login,登录办公终端,,T1078,,,,,,
H007512,2026-07-30 14:11:42,web_visit,访问内部 OA/知识库,,T1071,,docs.company.cn,,,,
H004360,2026-07-30 14:14:31,login,登录办公终端,,T1078,,,,苏州市,,
H001796,2026-07-30 14:17:34,login,登录办公终端,,T1078,,,,,,
H003923,2026-07-30 14:18:02,web_visit,访问内部 OA/知识库,,T1071,,wiki.company.cn,,,,
H001269,2026-07-30 14:18:23,web_visit,访问内部 OA/知识库,,T1071,,mail.company.cn,,,,
H004902,2026-07-30 14:22:57,upload,上传附件 9MB,,T1567,,docs.company.cn,11385,,,
H001819,2026-07-30 14:31:07,web_visit,访问内部 OA/知识库,,T1071,,npm.company.cn,,,,
H003973,2026-07-30 14:34:09,download,下载文档/更新包 43MB,,T1204.002,,,21920,,,
H009535,2026-07-30 14:41:17,web_visit,访问内部 OA/知识库,,T1071,,npm.company.cn,,,,
H000564,2026-07-30 14:44:52,web_visit,访问内部 OA/知识库,,T1071,,docs.company.cn,,,,
H001721,2026-07-30 14:46:16,download,下载文档/更新包 28MB,,T1204.002,,,8325,,,
H006373,2026-07-30 14:48:45,login,登录办公终端,,T1078,,,,苏州市,,
H001269,2026-07-30 14:50:03,dns_query,域名解析,,T1071.001,,baidu.com,,,,
H008981,2026-07-30 14:51:39,download,下载文档/更新包 12MB,,T1204.002,,,7285,,,
H009691,2026-07-30 14:52:14,failed_login,密码错误自动重试,,T1110.001,,,,,,
H002907,2026-07-30 14:54:55,login,登录办公终端,,T1078,,,,,,
H004360,2026-07-30 14:57:07,web_visit,访问内部 OA/知识库,,T1071,,npm.company.cn,,,,
H002844,2026-07-30 14:57:20,login,登录办公终端,,T1078,,,,苏州市,,
H003910,2026-07-30 15:00:08,dns_query,域名解析,,T1071.001,,docs.company.cn,,,,
H006049,2026-07-30 15:08:23,email_open,阅读邮件（内部往来 1）,,,,docs.company.cn,,,,
H008981,2026-07-30 15:13:13,email_open,阅读邮件（内部往来 1）,,,,oa.company.cn,,,,
H004394,2026-07-30 15:13:56,email_open,阅读邮件（内部往来 1）,,,,wiki.company.cn,,,,
H004717,2026-07-30 15:14:30,web_visit,访问内部 OA/知识库,,T1071,,wiki.company.cn,,,,
H000805,2026-07-30 15:24:49,download,下载文档/更新包 20MB,,T1204.002,,,23487,,,
H004953,2026-07-30 15:26:48,email_open,阅读邮件（内部往来 2）,,,,kb.company.cn,,,,
H000805,2026-07-30 15:28:39,web_visit,访问内部 OA/知识库,,T1071,,kb.company.cn,,,,
H001269,2026-07-30 15:30:10,web_visit,访问内部 OA/知识库,,T1071,,kb.company.cn,,,,
H004775,2026-07-30 15:30:35,failed_login,密码错误自动重试,,T1110.001,,,,,,
H000805,2026-07-30 15:31:33,web_visit,访问内部 OA/知识库,,T1071,,docs.company.cn,,,,
H000466,2026-07-30 15:32:04,login,登录办公终端,,T1078,,,,,,
H006113,2026-07-30 15:38:08,login,登录办公终端,,T1078,,,,武汉市,,
H002223,2026-07-30 15:39:25,email_open,阅读邮件（内部往来 1）,,,,docs.company.cn,,,,
H003910,2026-07-30 15:46:17,web_visit,访问内部 OA/知识库,,T1071,,wiki.company.cn,,,,
H007458,2026-07-30 15:46:32,dns_query,域名解析,,T1071.001,,oa.company.cn,,,,
H004950,2026-07-30 15:56:03,email_open,阅读邮件（内部往来 2）,,,,oa.company.cn,,,,
H000527,2026-07-30 16:02:53,download,下载文档/更新包 29MB,,T1204.002,,,44739,,,
H003043,2026-07-30 16:03:40,failed_login,密码错误自动重试,,T1110.001,,,,,,
H002907,2026-07-30 16:03:44,email_open,阅读邮件（内部往来 2）,,,,docs.company.cn,,,,
H006311,2026-07-30 16:06:02,failed_login,密码错误自动重试,,T1110.001,,,,,,
H001402,2026-07-30 16:07:05,login,登录办公终端,,T1078,,,,,,
H006311,2026-07-30 16:08:56,login,登录办公终端,,T1078,,,,,,
H005767,2026-07-30 16:20:09,web_visit,访问内部 OA/知识库,,T1071,,kb.company.cn,,,,
H009979,2026-07-30 16:23:04,email_open,阅读邮件（内部往来 1）,,,,oa.company.cn,,,,
H001796,2026-07-30 16:23:27,dns_query,域名解析,,T1071.001,,qq.com,,,,
H007512,2026-07-30 16:25:09,download,下载文档/更新包 22MB,,T1204.002,,,44497,,,
H007512,2026-07-30 16:25:14,login,登录办公终端,,T1078,,,,,,
H004058,2026-07-30 16:27:01,email_open,阅读邮件（内部往来 3）,,,,oa.company.cn,,,,
H009535,2026-07-30 16:27:03,failed_login,密码错误自动重试,,T1110.001,,,,,,
H004717,2026-07-30 16:28:00,dns_query,域名解析,,T1071.001,,baidu.com,,,,
H007458,2026-07-30 16:33:06,web_visit,访问内部 OA/知识库,,T1071,,oa.company.cn,,,,
H005767,2026-07-30 16:33:21,download,下载文档/更新包 4MB,,T1204.002,,,24634,,,
H004956,2026-07-30 16:34:40,email_open,阅读邮件（内部往来 1）,,,,npm.company.cn,,,,
H006113,2026-07-30 16:41:21,download,下载文档/更新包 22MB,,T1204.002,,,6190,,,
H001819,2026-07-30 16:47:03,email_open,阅读邮件（内部往来 2）,,,,mail.company.cn,,,,
H009535,2026-07-30 16:47:20,email_open,阅读邮件（内部往来 1）,,,,npm.company.cn,,,,
H004775,2026-07-30 16:48:34,email_open,阅读邮件（内部往来 1）,,,,docs.company.cn,,,,
H004360,2026-07-30 16:54:03,download,下载文档/更新包 17MB,,T1204.002,,,39898,,,
H004058,2026-07-30 16:57:39,email_open,阅读邮件（内部往来 2）,,,,wiki.company.cn,,,,
H006738,2026-07-30 16:58:19,dns_query,域名解析,,T1071.001,,jd.com,,,,
H003923,2026-07-30 16:58:40,email_open,阅读邮件（内部往来 1）,,,,npm.company.cn,,,,
H001269,2026-07-30 17:01:48,email_open,阅读邮件（内部往来 2）,,,,npm.company.cn,,,,
H000527,2026-07-30 17:01:53,failed_login,密码错误自动重试,,T1110.001,,,,,,
H003893,2026-07-30 17:02:06,web_visit,访问内部 OA/知识库,,T1071,,wiki.company.cn,,,,
H005767,2026-07-30 17:04:51,web_visit,访问内部 OA/知识库,,T1071,,mail.company.cn,,,,
H008871,2026-07-30 17:06:49,failed_login,密码错误自动重试,,T1110.001,,,,,,
H006896,2026-07-30 17:06:56,failed_login,密码错误自动重试,,T1110.001,,,,,,
H009535,2026-07-30 17:07:07,email_open,阅读邮件（内部往来 2）,,,,wiki.company.cn,,,,
H009170,2026-07-30 17:12:01,dns_query,域名解析,,T1071.001,,npm.company.cn,,,,
H009691,2026-07-30 17:14:45,login,登录办公终端,,T1078,,,,东莞市,,
H009535,2026-07-30 17:15:32,login,登录办公终端,,T1078,,,,,,
H000805,2026-07-30 17:19:19,dns_query,域名解析,,T1071.001,,taobao.com,,,,
H004763,2026-07-30 17:21:54,login,登录办公终端,,T1078,,,,,,
H004775,2026-07-30 17:22:27,login,登录办公终端,,T1078,,,,,,
H000466,2026-07-30 17:24:09,email_open,阅读邮件（内部往来 2）,,,,wiki.company.cn,,,,
H004360,2026-07-30 17:27:31,email_open,阅读邮件（内部往来 2）,,,,oa.company.cn,,,,
H001419,2026-07-30 17:30:57,web_visit,访问内部 OA/知识库,,T1071,,docs.company.cn,,,,
H007129,2026-07-30 17:31:38,email_open,阅读邮件（内部往来 2）,,,,mail.company.cn,,,,
H003910,2026-07-30 17:32:44,email_open,阅读邮件（内部往来 1）,,,,oa.company.cn,,,,
H004149,2026-07-30 17:34:15,email_open,阅读邮件（内部往来 3）,,,,npm.company.cn,,,,
H001721,2026-07-30 17:35:19,login,登录办公终端,,T1078,,,,,,
H006473,2026-07-30 17:36:41,email_open,阅读邮件（内部往来 1）,,,,wiki.company.cn,,,,
H003725,2026-07-30 17:40:11,email_open,阅读邮件（内部往来 2）,,,,kb.company.cn,,,,
H003043,2026-07-30 17:40:37,failed_login,密码错误自动重试,,T1110.001,,,,,,
H001819,2026-07-30 17:42:35,download,下载文档/更新包 8MB,,T1204.002,,,31955,,,
H006049,2026-07-30 17:44:36,web_visit,访问内部 OA/知识库,,T1071,,npm.company.cn,,,,
H001819,2026-07-30 17:45:17,login,登录办公终端,,T1078,,,,,,
H007512,2026-07-30 17:49:53,dns_query,域名解析,,T1071.001,,wiki.company.cn,,,,
H006049,2026-07-30 17:52:30,login,登录办公终端,,T1078,,,,,,
H000805,2026-07-30 17:55:19,email_open,阅读邮件（内部往来 2）,,,,docs.company.cn,,,,
H006311,2026-07-30 18:01:20,web_visit,访问内部 OA/知识库,,T1071,,docs.company.cn,,,,
H000805,2026-07-30 18:03:12,login,登录办公终端,,T1078,,,,,,
H004394,2026-07-30 18:04:30,web_visit,访问内部 OA/知识库,,T1071,,wiki.company.cn,,,,
H007458,2026-07-30 18:11:17,email_open,阅读邮件（内部往来 2）,,,,kb.company.cn,,,,
H003533,2026-07-30 18:15:36,dns_query,域名解析,,T1071.001,,zhihu.com,,,,
H004360,2026-07-30 18:24:09,dns_query,域名解析,,T1071.001,,jd.com,,,,
H009982,2026-07-30 18:25:14,download,下载文档/更新包 38MB,,T1204.002,,,2741,,,
H001721,2026-07-30 18:25:32,web_visit,访问内部 OA/知识库,,T1071,,oa.company.cn,,,,
H007458,2026-07-30 18:28:56,email_open,阅读邮件（内部往来 3）,,,,docs.company.cn,,,,
H004058,2026-07-30 18:31:23,login,登录办公终端,,T1078,,,,,,
H004058,2026-07-30 18:32:59,download,下载文档/更新包 14MB,,T1204.002,,,30384,,,
H009170,2026-07-30 18:34:17,login,登录办公终端,,T1078,,,,,,
H001721,2026-07-30 18:34:47,failed_login,密码错误自动重试,,T1110.001,,,,,,
H006473,2026-07-30 18:36:10,email_open,阅读邮件（内部往来 2）,,,,kb.company.cn,,,,
H001269,2026-07-30 18:37:49,login,登录办公终端,,T1078,,,,,,
H004950,2026-07-30 18:38:58,login,登录办公终端,,T1078,,,,,,
H005600,2026-07-30 18:41:19,email_open,阅读邮件（内部往来 1）,,,,wiki.company.cn,,,,
H007983,2026-07-30 18:41:42,smb_connect,访问文件服务器共享目录,,T1021.002,,,,,,FILE-SRV01
H008871,2026-07-30 18:43:02,failed_login,密码错误自动重试,,T1110.001,,,,,,
H006311,2026-07-30 18:45:34,email_open,阅读邮件（内部往来 2）,,,,wiki.company.cn,,,,
H001986,2026-07-30 18:46:37,dns_query,域名解析,,T1071.001,,mail.company.cn,,,,
H003973,2026-07-30 18:56:18,upload,上传附件 5MB,,T1567,,docs.company.cn,14269,,,
H003725,2026-07-30 18:59:54,email_open,阅读邮件（内部往来 1）,,,,mail.company.cn,,,,
H003043,2026-07-30 19:03:10,login,登录办公终端,,T1078,,,,,,
H000805,2026-07-30 19:08:31,upload,上传附件 8MB,,T1567,,docs.company.cn,12350,,,
H007500,2026-07-30 19:14:20,web_visit,访问内部 OA/知识库,,T1071,,npm.company.cn,,,,
H007129,2026-07-30 19:18:54,login,登录办公终端,,T1078,,,,,,
H005988,2026-07-30 19:25:23,download,下载文档/更新包 7MB,,T1204.002,,,42871,,,
H001721,2026-07-30 19:25:38,web_visit,访问内部 OA/知识库,,T1071,,docs.company.cn,,,,
H008871,2026-07-30 19:25:57,dns_query,域名解析,,T1071.001,,github.com,,,,
H006473,2026-07-30 19:37:10,web_visit,访问内部 OA/知识库,,T1071,,kb.company.cn,,,,
H003973,2026-07-30 19:38:31,email_open,阅读邮件（内部往来 1）,,,,docs.company.cn,,,,
H005600,2026-07-30 19:52:29,failed_login,密码错误自动重试,,T1110.001,,,,,,
H006049,2026-07-30 19:53:15,failed_login,密码错误自动重试,,T1110.001,,,,,,
H005496,2026-07-30 19:57:01,dns_query,域名解析,,T1071.001,,zhihu.com,,,,
H008931,2026-07-30 20:00:17,email_open,阅读邮件（内部往来 2）,,,,wiki.company.cn,,,,
H004360,2026-07-30 20:12:46,email_open,阅读邮件（内部往来 3）,,,,mail.company.cn,,,,
H004956,2026-07-30 20:16:52,login,登录办公终端,,T1078,,,,,,
H001986,2026-07-30 20:38:30,failed_login,密码错误自动重试,,T1110.001,,,,,,
H004149,2026-07-30 20:40:28,email_open,阅读邮件（内部往来 2）,,,,npm.company.cn,,,,
H003893,2026-07-30 20:40:30,login,登录办公终端,,T1078,,,,,,
H000438,2026-07-30 20:43:52,web_visit,访问内部 OA/知识库,,T1071,,mail.company.cn,,,,
H008214,2026-07-30 20:46:15,dns_query,域名解析,,T1071.001,,github.com,,,,
H004058,2026-07-30 21:12:47,email_open,阅读邮件（内部往来 1）,,,,kb.company.cn,,,,
H004724,2026-07-30 21:22:07,web_visit,访问内部 OA/知识库,,T1071,,npm.company.cn,,,,
H005988,2026-07-30 21:35:17,email_open,阅读邮件（内部往来 1）,,,,docs.company.cn,,,,
H009982,2026-07-30 21:58:24,web_visit,访问内部 OA/知识库,,T1071,,oa.company.cn,,,,
H004902,2026-07-30 22:29:35,email_open,阅读邮件（内部往来 2）,,,,mail.company.cn,,,,
H003725,2026-07-30 22:38:12,login,登录办公终端,,T1078,,,,,,
H004763,2026-07-30 22:46:19,email_open,阅读邮件（内部往来 1）,,,,mail.company.cn,,,,
H006373,2026-07-30 22:46:37,web_visit,访问内部 OA/知识库,,T1071,,docs.company.cn,,,,
