customer_id,event_time,event_type,device_id,ip_address,location,action,from_account,to_account
C000887,2026-03-21 19:43:21,register,D339A11312DE6,120.204.192,昆明市,注册账户，设备年龄124天,,
C000887,2026-03-22 23:43:21,login,D339A11312DE6,120.204.192,昆明市,登录（第1次）,,
C000887,2026-03-23 00:43:21,login,D339A11312DE6,120.204.192,昆明市,登录（第2次）,,
C000887,2026-03-23 01:43:21,browse,D339A11312DE6,120.204.192,昆明市,浏览贷款产品页/额度试算,,
C000887,2026-03-23 03:43:21,browse,D339A11312DE6,120.204.192,昆明市,浏览贷款产品页/额度试算,,
C000887,2026-03-23 05:43:21,browse,D339A11312DE6,120.204.192,昆明市,浏览贷款产品页/额度试算,,
C000887,2026-03-23 08:43:21,browse,D339A11312DE6,120.204.192,昆明市,浏览贷款产品页/额度试算,,
C000887,2026-03-23 12:43:21,browse,D339A11312DE6,120.204.192,昆明市,浏览贷款产品页/额度试算,,
C000887,2026-03-23 17:43:21,browse,D339A11312DE6,120.204.192,昆明市,浏览贷款产品页/额度试算,,
C000887,2026-03-23 19:43:21,browse,D339A11312DE6,120.204.192,昆明市,浏览贷款产品页/额度试算,,
C000887,2026-03-26 19:43:21,profile_fill,D339A11312DE6,120.204.192,昆明市,填写申请资料，耗时899秒,,
C000887,2026-03-26 19:44:21,apply,D339A11312DE6,120.204.192,昆明市,提交贷款申请 loan_amount=4428,,
C000887,2026-03-26 21:43:21,approve,D339A11312DE6,120.204.192,昆明市,审批通过,,
C000887,2026-03-28 19:43:21,disburse,D339A11312DE6,120.204.192,昆明市,放款 4428 元,,
C000887,2026-04-22 19:43:21,cashout,D339A11312DE6,120.204.192,昆明市,消费/取现 1055 元,,
C000887,2026-04-27 19:43:21,repay,D339A11312DE6,120.204.192,昆明市,第1期还款 369 元,,
C000887,2026-05-27 19:43:21,repay,D339A11312DE6,120.204.192,昆明市,第2期还款 369 元,,
C000887,2026-06-26 19:43:21,repay,D339A11312DE6,120.204.192,昆明市,第3期还款 369 元,,
C000887,2026-07-26 19:43:21,repay,D339A11312DE6,120.204.192,昆明市,第4期还款 369 元,,
C000887,2026-08-25 19:43:21,repay,D339A11312DE6,120.204.192,昆明市,第5期还款 369 元,,
C000887,2026-09-24 19:43:21,repay,D339A11312DE6,120.204.192,昆明市,第6期还款 369 元,,
C003393,2025-08-29 08:04:21,register,D7134608102F9,39.144.188,广州市,注册账户，设备年龄284天,,
C003393,2025-09-01 09:04:21,login,D7134608102F9,39.144.188,广州市,登录（第1次）,,
C003393,2025-09-01 12:04:21,browse,D7134608102F9,39.144.188,广州市,浏览贷款产品页/额度试算,,
C003393,2025-09-01 15:04:21,browse,D7134608102F9,39.144.188,广州市,浏览贷款产品页/额度试算,,
C003393,2025-09-01 17:04:21,browse,D7134608102F9,39.144.188,广州市,浏览贷款产品页/额度试算,,
C003393,2025-09-01 21:04:21,browse,D7134608102F9,39.144.188,广州市,浏览贷款产品页/额度试算,,
C003393,2025-09-01 23:04:21,browse,D7134608102F9,39.144.188,广州市,浏览贷款产品页/额度试算,,
C003393,2025-09-02 01:04:21,browse,D7134608102F9,39.144.188,广州市,浏览贷款产品页/额度试算,,
C003393,2025-09-30 08:04:21,profile_fill,D7134608102F9,39.144.188,广州市,填写申请资料，耗时448秒,,
C003393,2025-09-30 08:05:21,apply,D7134608102F9,39.144.188,广州市,提交贷款申请 loan_amount=192153,,
C003393,2025-09-30 11:04:21,approve,D7134608102F9,39.144.188,广州市,审批通过,,
C003393,2025-10-02 08:04:21,disburse,D7134608102F9,39.144.188,广州市,放款 192153 元,,
C003393,2025-10-06 08:04:21,cashout,D7134608102F9,39.144.188,广州市,消费/取现 22732 元,,
C003393,2025-11-01 08:04:21,repay,D7134608102F9,39.144.188,广州市,第1期还款 16013 元,,
C003393,2025-12-01 08:04:21,repay,D7134608102F9,39.144.188,广州市,第2期还款 16013 元,,
C003393,2025-12-31 08:04:21,repay,D7134608102F9,39.144.188,广州市,第3期还款 16013 元,,
C003393,2026-01-30 08:04:21,repay,D7134608102F9,39.144.188,广州市,第4期还款 16013 元,,
C003393,2026-03-01 08:04:21,repay,D7134608102F9,39.144.188,广州市,第5期还款 16013 元,,
C003599,2025-08-03 20:25:21,register,DF513CC3A3F79,113.54.121,昆明市,注册账户，设备年龄219天,,
C003599,2025-08-06 21:25:21,login,DF513CC3A3F79,113.54.121,昆明市,登录（第1次）,,
C003599,2025-08-10 03:25:21,login,DF513CC3A3F79,113.54.121,昆明市,登录（第2次）,,
C003599,2025-08-10 04:25:21,browse,DF513CC3A3F79,113.54.121,昆明市,浏览贷款产品页/额度试算,,
C003599,2025-08-10 05:25:21,browse,DF513CC3A3F79,113.54.121,昆明市,浏览贷款产品页/额度试算,,
C003599,2025-08-10 06:25:21,browse,DF513CC3A3F79,113.54.121,昆明市,浏览贷款产品页/额度试算,,
C003599,2025-08-10 09:25:21,browse,DF513CC3A3F79,113.54.121,昆明市,浏览贷款产品页/额度试算,,
C003599,2025-09-16 20:25:21,profile_fill,DF513CC3A3F79,113.54.121,昆明市,填写申请资料，耗时481秒,,
C003599,2025-09-16 20:26:21,apply,DF513CC3A3F79,113.54.121,昆明市,提交贷款申请 loan_amount=16568,,
C003599,2025-09-17 06:25:21,approve,DF513CC3A3F79,113.54.121,昆明市,审批通过,,
C003599,2025-09-18 20:25:21,disburse,DF513CC3A3F79,113.54.121,昆明市,放款 16568 元,,
C003599,2025-09-23 20:25:21,cashout,DF513CC3A3F79,113.54.121,昆明市,消费/取现 3022 元,,
C003599,2025-10-18 20:25:21,repay,DF513CC3A3F79,113.54.121,昆明市,第1期还款 1381 元,,
C003599,2025-11-17 20:25:21,repay,DF513CC3A3F79,113.54.121,昆明市,第2期还款 1381 元,,
C003599,2025-12-17 20:25:21,repay,DF513CC3A3F79,113.54.121,昆明市,第3期还款 1381 元,,
C003599,2026-01-16 20:25:21,repay,DF513CC3A3F79,113.54.121,昆明市,第4期还款 1381 元,,
C004039,2026-03-17 17:17:21,register,DB5E5416049BE,120.204.23,郑州市,注册账户，设备年龄217天,,
C004039,2026-03-21 22:17:21,login,DB5E5416049BE,120.204.23,郑州市,登录（第1次）,,
C004039,2026-03-24 03:17:21,login,DB5E5416049BE,120.204.23,郑州市,登录（第2次）,,
C004039,2026-03-24 05:17:21,browse,DB5E5416049BE,120.204.23,郑州市,浏览贷款产品页/额度试算,,
C004039,2026-03-24 10:17:21,browse,DB5E5416049BE,120.204.23,郑州市,浏览贷款产品页/额度试算,,
C004039,2026-03-24 14:17:21,browse,DB5E5416049BE,120.204.23,郑州市,浏览贷款产品页/额度试算,,
C004039,2026-04-14 17:17:21,profile_fill,DB5E5416049BE,120.204.23,郑州市,填写申请资料，耗时839秒,,
C004039,2026-04-14 17:18:21,apply,DB5E5416049BE,120.204.23,郑州市,提交贷款申请 loan_amount=9205,,
C004039,2026-04-15 15:17:21,approve,DB5E5416049BE,120.204.23,郑州市,审批通过,,
C004039,2026-04-15 17:17:21,disburse,DB5E5416049BE,120.204.23,郑州市,放款 9205 元,,
C004039,2026-04-16 17:17:21,cashout,DB5E5416049BE,120.204.23,郑州市,消费/取现 1441 元,,
C004039,2026-05-15 17:17:21,repay,DB5E5416049BE,120.204.23,郑州市,第1期还款 767 元,,
C004039,2026-06-14 17:17:21,repay,DB5E5416049BE,120.204.23,郑州市,第2期还款 767 元,,
C004039,2026-07-14 17:17:21,repay,DB5E5416049BE,120.204.23,郑州市,第3期还款 767 元,,
C004303,2025-09-27 13:57:21,register,DF7E95AB8D5A3,61.135.59,上海市,注册账户，设备年龄248天,,
C004303,2025-09-30 20:57:21,login,DF7E95AB8D5A3,61.135.59,上海市,登录（第1次）,,
C004303,2025-10-02 23:57:21,login,DF7E95AB8D5A3,61.135.59,上海市,登录（第2次）,,
C004303,2025-10-03 03:57:21,browse,DF7E95AB8D5A3,61.135.59,上海市,浏览贷款产品页/额度试算,,
C004303,2025-10-03 08:57:21,browse,DF7E95AB8D5A3,61.135.59,上海市,浏览贷款产品页/额度试算,,
C004303,2025-10-07 13:57:21,profile_fill,DF7E95AB8D5A3,61.135.59,上海市,填写申请资料，耗时616秒,,
C004303,2025-10-07 13:58:21,apply,DF7E95AB8D5A3,61.135.59,上海市,提交贷款申请 loan_amount=9119,,
C004303,2025-10-08 12:57:21,approve,DF7E95AB8D5A3,61.135.59,上海市,审批通过,,
C004303,2025-10-09 13:57:21,disburse,DF7E95AB8D5A3,61.135.59,上海市,放款 9119 元,,
C004303,2025-10-12 13:57:21,cashout,DF7E95AB8D5A3,61.135.59,上海市,消费/取现 1207 元,,
C004303,2025-11-08 13:57:21,repay,DF7E95AB8D5A3,61.135.59,上海市,第1期还款 760 元,,
C004303,2025-12-08 13:57:21,repay,DF7E95AB8D5A3,61.135.59,上海市,第2期还款 760 元,,
C004303,2026-01-07 13:57:21,repay,DF7E95AB8D5A3,61.135.59,上海市,第3期还款 760 元,,
C004303,2026-02-06 13:57:21,repay,DF7E95AB8D5A3,61.135.59,上海市,第4期还款 760 元,,
C004303,2026-03-08 13:57:21,repay,DF7E95AB8D5A3,61.135.59,上海市,第5期还款 760 元,,
C004303,2026-04-07 13:57:21,repay,DF7E95AB8D5A3,61.135.59,上海市,第6期还款 760 元,,
C005878,2026-07-20 20:22:21,register,DC52CBED3E406,113.54.68,深圳市,注册账户，设备年龄344天,,
C005878,2026-07-24 23:22:21,login,DC52CBED3E406,113.54.68,深圳市,登录（第1次）,,
C005878,2026-07-27 06:22:21,login,DC52CBED3E406,113.54.68,深圳市,登录（第2次）,,
C005878,2026-07-28 11:22:21,login,DC52CBED3E406,113.54.68,深圳市,登录（第3次）,,
C005878,2026-07-28 15:22:21,browse,DC52CBED3E406,113.54.68,深圳市,浏览贷款产品页/额度试算,,
C005878,2026-07-28 19:22:21,browse,DC52CBED3E406,113.54.68,深圳市,浏览贷款产品页/额度试算,,
C005878,2026-08-06 20:22:21,profile_fill,DC52CBED3E406,113.54.68,深圳市,填写申请资料，耗时819秒,,
C005878,2026-08-06 20:23:21,apply,DC52CBED3E406,113.54.68,深圳市,提交贷款申请 loan_amount=156740,,
C005878,2026-08-07 14:22:21,approve,DC52CBED3E406,113.54.68,深圳市,审批通过,,
C005878,2026-08-07 20:22:21,disburse,DC52CBED3E406,113.54.68,深圳市,放款 156740 元,,
C005878,2026-09-02 20:22:21,cashout,DC52CBED3E406,113.54.68,深圳市,消费/取现 35762 元,,
C005878,2026-09-06 20:22:21,repay,DC52CBED3E406,113.54.68,深圳市,第1期还款 13062 元,,
C005878,2026-10-06 20:22:21,repay,DC52CBED3E406,113.54.68,深圳市,第2期还款 13062 元,,
C005878,2026-11-05 20:22:21,repay,DC52CBED3E406,113.54.68,深圳市,第3期还款 13062 元,,
C005878,2026-12-05 20:22:21,repay,DC52CBED3E406,113.54.68,深圳市,第4期还款 13062 元,,
C005878,2027-01-04 20:22:21,repay,DC52CBED3E406,113.54.68,深圳市,第5期还款 13062 元,,
C006198,2026-04-28 20:01:21,register,DD134D0209AA6,115.47.101,合肥市,注册账户，设备年龄60天,,
C006198,2026-04-30 20:01:21,profile_fill,DD134D0209AA6,115.47.101,合肥市,填写申请资料，耗时208秒,,
C006198,2026-04-30 20:02:21,apply,DD134D0209AA6,115.47.101,合肥市,提交贷款申请 loan_amount=4992,,
C006198,2026-05-01 05:01:21,approve,DD134D0209AA6,115.47.101,合肥市,审批通过,,
C006198,2026-05-01 20:01:21,disburse,DD134D0209AA6,115.47.101,合肥市,放款 4992 元,,
C006198,2026-05-03 02:01:21,login,DD134D0209AA6,115.47.101,合肥市,登录（第1次）,,
C006198,2026-05-03 05:01:21,browse,DD134D0209AA6,115.47.101,合肥市,浏览贷款产品页/额度试算,,
C006198,2026-05-03 07:01:21,browse,DD134D0209AA6,115.47.101,合肥市,浏览贷款产品页/额度试算,,
C006198,2026-05-26 20:01:21,cashout,DD134D0209AA6,115.47.101,合肥市,消费/取现 1365 元,,
C006198,2026-05-31 20:01:21,repay,DD134D0209AA6,115.47.101,合肥市,第1期还款 416 元,,
C006198,2026-06-30 20:01:21,repay,DD134D0209AA6,115.47.101,合肥市,第2期还款 416 元,,
C006198,2026-07-30 20:01:21,repay,DD134D0209AA6,115.47.101,合肥市,第3期还款 416 元,,
C006198,2026-08-29 20:01:21,repay,DD134D0209AA6,115.47.101,合肥市,第4期还款 416 元,,
C006198,2026-09-28 20:01:21,repay,DD134D0209AA6,115.47.101,合肥市,第5期还款 416 元,,
C006198,2026-10-28 20:01:21,repay,DD134D0209AA6,115.47.101,合肥市,第6期还款 416 元,,
C009405,2025-10-27 17:42:21,register,D45E174FB07B5,218.26.220,合肥市,注册账户，设备年龄79天,,
C009405,2025-10-29 21:42:21,login,D45E174FB07B5,218.26.220,合肥市,登录（第1次）,,
C009405,2025-11-02 01:42:21,login,D45E174FB07B5,218.26.220,合肥市,登录（第2次）,,
C009405,2025-11-04 06:42:21,login,D45E174FB07B5,218.26.220,合肥市,登录（第3次）,,
C009405,2025-11-04 09:42:21,browse,D45E174FB07B5,218.26.220,合肥市,浏览贷款产品页/额度试算,,
C009405,2025-11-04 12:42:21,browse,D45E174FB07B5,218.26.220,合肥市,浏览贷款产品页/额度试算,,
C009405,2025-11-17 17:42:21,profile_fill,D45E174FB07B5,218.26.220,合肥市,填写申请资料，耗时431秒,,
C009405,2025-11-17 17:43:21,apply,D45E174FB07B5,218.26.220,合肥市,提交贷款申请 loan_amount=6547,,
C009405,2025-11-18 02:42:21,approve,D45E174FB07B5,218.26.220,合肥市,审批通过,,
C009405,2025-11-19 17:42:21,disburse,D45E174FB07B5,218.26.220,合肥市,放款 6547 元,,
C009405,2025-12-14 17:42:21,cashout,D45E174FB07B5,218.26.220,合肥市,消费/取现 981 元,,
C009405,2025-12-19 17:42:21,repay,D45E174FB07B5,218.26.220,合肥市,第1期还款 546 元,,
C009405,2026-01-18 17:42:21,repay,D45E174FB07B5,218.26.220,合肥市,第2期还款 546 元,,
C009405,2026-02-17 17:42:21,repay,D45E174FB07B5,218.26.220,合肥市,第3期还款 546 元,,
C009405,2026-03-19 17:42:21,repay,D45E174FB07B5,218.26.220,合肥市,第4期还款 546 元,,
C009405,2026-04-18 17:42:21,repay,D45E174FB07B5,218.26.220,合肥市,第5期还款 546 元,,
C009405,2026-05-18 17:42:21,repay,D45E174FB07B5,218.26.220,合肥市,第6期还款 546 元,,
C009659,2025-09-06 22:26:21,register,D327C3F35E9BE,211.138.55,成都市,注册账户，设备年龄284天,,
C009659,2025-09-11 03:26:21,login,D327C3F35E9BE,211.138.55,成都市,登录（第1次）,,
C009659,2025-09-14 05:26:21,login,D327C3F35E9BE,211.138.55,成都市,登录（第2次）,,
C009659,2025-09-14 07:26:21,browse,D327C3F35E9BE,211.138.55,成都市,浏览贷款产品页/额度试算,,
C009659,2025-09-14 09:26:21,browse,D327C3F35E9BE,211.138.55,成都市,浏览贷款产品页/额度试算,,
C009659,2025-10-14 22:26:21,profile_fill,D327C3F35E9BE,211.138.55,成都市,填写申请资料，耗时697秒,,
C009659,2025-10-14 22:27:21,apply,D327C3F35E9BE,211.138.55,成都市,提交贷款申请 loan_amount=1444,,
C009659,2025-10-15 03:26:21,approve,D327C3F35E9BE,211.138.55,成都市,审批通过,,
C009659,2025-10-15 22:26:21,disburse,D327C3F35E9BE,211.138.55,成都市,放款 1444 元,,
C009659,2025-10-20 22:26:21,cashout,D327C3F35E9BE,211.138.55,成都市,消费/取现 150 元,,
C009659,2025-11-14 22:26:21,repay,D327C3F35E9BE,211.138.55,成都市,第1期还款 120 元,,
C009659,2025-12-14 22:26:21,repay,D327C3F35E9BE,211.138.55,成都市,第2期还款 120 元,,
C009659,2026-01-13 22:26:21,repay,D327C3F35E9BE,211.138.55,成都市,第3期还款 120 元,,
C009659,2026-02-12 22:26:21,repay,D327C3F35E9BE,211.138.55,成都市,第4期还款 120 元,,
C009659,2026-03-14 22:26:21,repay,D327C3F35E9BE,211.138.55,成都市,第5期还款 120 元,,
C010655,2026-03-25 20:40:21,register,DEA607B59CA9C,113.54.56,北京市,注册账户，设备年龄127天,,
C010655,2026-03-30 02:40:21,login,DEA607B59CA9C,113.54.56,北京市,登录（第1次）,,
C010655,2026-03-30 05:40:21,browse,DEA607B59CA9C,113.54.56,北京市,浏览贷款产品页/额度试算,,
C010655,2026-03-30 06:40:21,browse,DEA607B59CA9C,113.54.56,北京市,浏览贷款产品页/额度试算,,
C010655,2026-04-10 20:40:21,profile_fill,DEA607B59CA9C,113.54.56,北京市,填写申请资料，耗时264秒,,
C010655,2026-04-10 20:41:21,apply,DEA607B59CA9C,113.54.56,北京市,提交贷款申请 loan_amount=18770,,
C010655,2026-04-11 01:40:21,approve,DEA607B59CA9C,113.54.56,北京市,审批通过,,
C010655,2026-04-11 20:40:21,disburse,DEA607B59CA9C,113.54.56,北京市,放款 18770 元,,
C010655,2026-04-13 20:40:21,cashout,DEA607B59CA9C,113.54.56,北京市,消费/取现 4082 元,,
C010655,2026-05-11 20:40:21,repay,DEA607B59CA9C,113.54.56,北京市,第1期还款 1564 元,,
C010655,2026-06-10 20:40:21,repay,DEA607B59CA9C,113.54.56,北京市,第2期还款 1564 元,,
C010655,2026-07-10 20:40:21,repay,DEA607B59CA9C,113.54.56,北京市,第3期还款 1564 元,,
C010655,2026-08-09 20:40:21,repay,DEA607B59CA9C,113.54.56,北京市,第4期还款 1564 元,,
C010787,2025-10-08 13:55:21,register,DB7C11977B705,218.26.0,南京市,注册账户，设备年龄50天,,
C010787,2025-10-12 17:55:21,login,DB7C11977B705,218.26.0,南京市,登录（第1次）,,
C010787,2025-10-14 21:55:21,login,DB7C11977B705,218.26.0,南京市,登录（第2次）,,
C010787,2025-10-15 01:55:21,browse,DB7C11977B705,218.26.0,南京市,浏览贷款产品页/额度试算,,
C010787,2025-10-15 06:55:21,browse,DB7C11977B705,218.26.0,南京市,浏览贷款产品页/额度试算,,
C010787,2025-10-15 11:55:21,browse,DB7C11977B705,218.26.0,南京市,浏览贷款产品页/额度试算,,
C010787,2025-10-15 16:55:21,browse,DB7C11977B705,218.26.0,南京市,浏览贷款产品页/额度试算,,
C010787,2025-11-19 13:55:21,profile_fill,DB7C11977B705,218.26.0,南京市,填写申请资料，耗时261秒,,
C010787,2025-11-19 13:56:21,apply,DB7C11977B705,218.26.0,南京市,提交贷款申请 loan_amount=1940,,
C010787,2025-11-20 09:55:21,approve,DB7C11977B705,218.26.0,南京市,审批通过,,
C010787,2025-11-20 13:55:21,disburse,DB7C11977B705,218.26.0,南京市,放款 1940 元,,
C010787,2025-11-30 13:55:21,cashout,DB7C11977B705,218.26.0,南京市,消费/取现 252 元,,
C010787,2025-12-20 13:55:21,repay,DB7C11977B705,218.26.0,南京市,第1期还款 162 元,,
C010787,2026-01-19 13:55:21,repay,DB7C11977B705,218.26.0,南京市,第2期还款 162 元,,
C010787,2026-02-18 13:55:21,repay,DB7C11977B705,218.26.0,南京市,第3期还款 162 元,,
C011747,2025-09-26 16:01:21,register,D181A47BCC7AC,61.135.6,南京市,注册账户，设备年龄214天,,
C011747,2025-09-27 23:01:21,login,D181A47BCC7AC,61.135.6,南京市,登录（第1次）,,
C011747,2025-09-28 03:01:21,browse,D181A47BCC7AC,61.135.6,南京市,浏览贷款产品页/额度试算,,
C011747,2025-09-28 04:01:21,browse,D181A47BCC7AC,61.135.6,南京市,浏览贷款产品页/额度试算,,
C011747,2025-09-28 09:01:21,browse,D181A47BCC7AC,61.135.6,南京市,浏览贷款产品页/额度试算,,
C011747,2025-09-28 10:01:21,browse,D181A47BCC7AC,61.135.6,南京市,浏览贷款产品页/额度试算,,
C011747,2025-09-28 12:01:21,browse,D181A47BCC7AC,61.135.6,南京市,浏览贷款产品页/额度试算,,
C011747,2025-10-19 16:01:21,profile_fill,D181A47BCC7AC,61.135.6,南京市,填写申请资料，耗时174秒,,
C011747,2025-10-19 16:02:21,apply,D181A47BCC7AC,61.135.6,南京市,提交贷款申请 loan_amount=2161,,
C011747,2025-10-19 23:01:21,approve,D181A47BCC7AC,61.135.6,南京市,审批通过,,
C011747,2025-10-21 16:01:21,disburse,D181A47BCC7AC,61.135.6,南京市,放款 2161 元,,
C011747,2025-10-23 16:01:21,cashout,D181A47BCC7AC,61.135.6,南京市,消费/取现 293 元,,
C011747,2025-11-20 16:01:21,repay,D181A47BCC7AC,61.135.6,南京市,第1期还款 180 元,,
C011747,2025-12-20 16:01:21,repay,D181A47BCC7AC,61.135.6,南京市,第2期还款 180 元,,
C011747,2026-01-19 16:01:21,repay,D181A47BCC7AC,61.135.6,南京市,第3期还款 180 元,,
C011747,2026-02-18 16:01:21,repay,D181A47BCC7AC,61.135.6,南京市,第4期还款 180 元,,
C012534,2026-01-14 10:09:21,register,D004C2E5618CD,211.138.223,重庆市,注册账户，设备年龄326天,,
C012534,2026-01-18 14:09:21,login,D004C2E5618CD,211.138.223,重庆市,登录（第1次）,,
C012534,2026-01-18 19:09:21,browse,D004C2E5618CD,211.138.223,重庆市,浏览贷款产品页/额度试算,,
C012534,2026-01-19 00:09:21,browse,D004C2E5618CD,211.138.223,重庆市,浏览贷款产品页/额度试算,,
C012534,2026-02-07 10:09:21,profile_fill,D004C2E5618CD,211.138.223,重庆市,填写申请资料，耗时171秒,,
C012534,2026-02-07 10:10:21,apply,D004C2E5618CD,211.138.223,重庆市,提交贷款申请 loan_amount=222332,,
C012534,2026-02-08 01:09:21,approve,D004C2E5618CD,211.138.223,重庆市,审批通过,,
C012534,2026-02-09 10:09:21,disburse,D004C2E5618CD,211.138.223,重庆市,放款 222332 元,,
C012534,2026-03-07 10:09:21,cashout,D004C2E5618CD,211.138.223,重庆市,消费/取现 41380 元,,
C012534,2026-03-11 10:09:21,repay,D004C2E5618CD,211.138.223,重庆市,第1期还款 18528 元,,
C012534,2026-04-10 10:09:21,repay,D004C2E5618CD,211.138.223,重庆市,第2期还款 18528 元,,
C012534,2026-05-10 10:09:21,repay,D004C2E5618CD,211.138.223,重庆市,第3期还款 18528 元,,
C012661,2025-11-09 13:44:21,register,D5BA885BF67A2,39.144.231,乌鲁木齐市,注册账户，设备年龄252天,,
C012661,2025-11-13 14:44:21,login,D5BA885BF67A2,39.144.231,乌鲁木齐市,登录（第1次）,,
C012661,2025-11-13 18:44:21,browse,D5BA885BF67A2,39.144.231,乌鲁木齐市,浏览贷款产品页/额度试算,,
C012661,2025-11-13 20:44:21,browse,D5BA885BF67A2,39.144.231,乌鲁木齐市,浏览贷款产品页/额度试算,,
C012661,2025-11-13 22:44:21,browse,D5BA885BF67A2,39.144.231,乌鲁木齐市,浏览贷款产品页/额度试算,,
C012661,2025-12-01 13:44:21,profile_fill,D5BA885BF67A2,39.144.231,乌鲁木齐市,填写申请资料，耗时616秒,,
C012661,2025-12-01 13:45:21,apply,D5BA885BF67A2,39.144.231,乌鲁木齐市,提交贷款申请 loan_amount=20714,,
C012661,2025-12-02 00:44:21,approve,D5BA885BF67A2,39.144.231,乌鲁木齐市,审批通过,,
C012661,2025-12-03 13:44:21,disburse,D5BA885BF67A2,39.144.231,乌鲁木齐市,放款 20714 元,,
C012661,2025-12-08 13:44:21,cashout,D5BA885BF67A2,39.144.231,乌鲁木齐市,消费/取现 4141 元,,
C012661,2026-01-02 13:44:21,repay,D5BA885BF67A2,39.144.231,乌鲁木齐市,第1期还款 1726 元,,
C012661,2026-02-01 13:44:21,repay,D5BA885BF67A2,39.144.231,乌鲁木齐市,第2期还款 1726 元,,
C012661,2026-03-03 13:44:21,repay,D5BA885BF67A2,39.144.231,乌鲁木齐市,第3期还款 1726 元,,
C012661,2026-04-02 13:44:21,repay,D5BA885BF67A2,39.144.231,乌鲁木齐市,第4期还款 1726 元,,
C012661,2026-05-02 13:44:21,repay,D5BA885BF67A2,39.144.231,乌鲁木齐市,第5期还款 1726 元,,
C012661,2026-06-01 13:44:21,repay,D5BA885BF67A2,39.144.231,乌鲁木齐市,第6期还款 1726 元,,
C013069,2026-06-22 17:08:21,register,D3B10CC145F6A,120.204.52,武汉市,注册账户，设备年龄195天,,
C013069,2026-06-24 20:08:21,login,D3B10CC145F6A,120.204.52,武汉市,登录（第1次）,,
C013069,2026-06-24 22:08:21,browse,D3B10CC145F6A,120.204.52,武汉市,浏览贷款产品页/额度试算,,
C013069,2026-06-25 01:08:21,browse,D3B10CC145F6A,120.204.52,武汉市,浏览贷款产品页/额度试算,,
C013069,2026-06-25 03:08:21,browse,D3B10CC145F6A,120.204.52,武汉市,浏览贷款产品页/额度试算,,
C013069,2026-06-25 05:08:21,browse,D3B10CC145F6A,120.204.52,武汉市,浏览贷款产品页/额度试算,,
C013069,2026-06-25 06:08:21,browse,D3B10CC145F6A,120.204.52,武汉市,浏览贷款产品页/额度试算,,
C013069,2026-06-25 09:08:21,browse,D3B10CC145F6A,120.204.52,武汉市,浏览贷款产品页/额度试算,,
C013069,2026-07-31 17:08:21,profile_fill,D3B10CC145F6A,120.204.52,武汉市,填写申请资料，耗时511秒,,
C013069,2026-07-31 17:09:21,apply,D3B10CC145F6A,120.204.52,武汉市,提交贷款申请 loan_amount=1552,,
C013069,2026-08-01 07:08:21,approve,D3B10CC145F6A,120.204.52,武汉市,审批通过,,
C013069,2026-08-01 17:08:21,disburse,D3B10CC145F6A,120.204.52,武汉市,放款 1552 元,,
C013069,2026-08-24 17:08:21,cashout,D3B10CC145F6A,120.204.52,武汉市,消费/取现 284 元,,
C013069,2026-08-31 17:08:21,repay,D3B10CC145F6A,120.204.52,武汉市,第1期还款 129 元,,
C013069,2026-09-30 17:08:21,repay,D3B10CC145F6A,120.204.52,武汉市,第2期还款 129 元,,
C013069,2026-10-30 17:08:21,repay,D3B10CC145F6A,120.204.52,武汉市,第3期还款 129 元,,
C013069,2026-11-29 17:08:21,repay,D3B10CC145F6A,120.204.52,武汉市,第4期还款 129 元,,
C013069,2026-12-29 17:08:21,repay,D3B10CC145F6A,120.204.52,武汉市,第5期还款 129 元,,
C013069,2027-01-28 17:08:21,repay,D3B10CC145F6A,120.204.52,武汉市,第6期还款 129 元,,
C013645,2026-07-17 13:09:21,register,D5BCD38FF261A,61.135.186,成都市,注册账户，设备年龄259天,,
C013645,2026-07-20 19:09:21,login,D5BCD38FF261A,61.135.186,成都市,登录（第1次）,,
C013645,2026-07-24 02:09:21,login,D5BCD38FF261A,61.135.186,成都市,登录（第2次）,,
C013645,2026-07-25 05:09:21,login,D5BCD38FF261A,61.135.186,成都市,登录（第3次）,,
C013645,2026-07-25 10:09:21,browse,D5BCD38FF261A,61.135.186,成都市,浏览贷款产品页/额度试算,,
C013645,2026-07-25 15:09:21,browse,D5BCD38FF261A,61.135.186,成都市,浏览贷款产品页/额度试算,,
C013645,2026-07-25 20:09:21,browse,D5BCD38FF261A,61.135.186,成都市,浏览贷款产品页/额度试算,,
C013645,2026-07-26 00:09:21,browse,D5BCD38FF261A,61.135.186,成都市,浏览贷款产品页/额度试算,,
C013645,2026-07-26 02:09:21,browse,D5BCD38FF261A,61.135.186,成都市,浏览贷款产品页/额度试算,,
C013645,2026-07-26 07:09:21,browse,D5BCD38FF261A,61.135.186,成都市,浏览贷款产品页/额度试算,,
C013645,2026-07-26 11:09:21,browse,D5BCD38FF261A,61.135.186,成都市,浏览贷款产品页/额度试算,,
C013645,2026-08-19 13:09:21,profile_fill,D5BCD38FF261A,61.135.186,成都市,填写申请资料，耗时454秒,,
C013645,2026-08-19 13:10:21,apply,D5BCD38FF261A,61.135.186,成都市,提交贷款申请 loan_amount=47478,,
C013645,2026-08-19 15:09:21,approve,D5BCD38FF261A,61.135.186,成都市,审批通过,,
C013645,2026-08-20 13:09:21,disburse,D5BCD38FF261A,61.135.186,成都市,放款 47478 元,,
C013645,2026-09-05 13:09:21,cashout,D5BCD38FF261A,61.135.186,成都市,消费/取现 11090 元,,
C013645,2026-09-19 13:09:21,repay,D5BCD38FF261A,61.135.186,成都市,第1期还款 3957 元,,
C013645,2026-10-19 13:09:21,repay,D5BCD38FF261A,61.135.186,成都市,第2期还款 3957 元,,
C013645,2026-11-18 13:09:21,repay,D5BCD38FF261A,61.135.186,成都市,第3期还款 3957 元,,
C013645,2026-12-18 13:09:21,repay,D5BCD38FF261A,61.135.186,成都市,第4期还款 3957 元,,
C013645,2027-01-17 13:09:21,repay,D5BCD38FF261A,61.135.186,成都市,第5期还款 3957 元,,
C013808,2025-12-01 08:56:21,register,DDFB5C39B7C41,119.32.142,合肥市,注册账户，设备年龄284天,,
C013808,2025-12-05 12:56:21,login,DDFB5C39B7C41,119.32.142,合肥市,登录（第1次）,,
C013808,2025-12-05 15:56:21,browse,DDFB5C39B7C41,119.32.142,合肥市,浏览贷款产品页/额度试算,,
C013808,2025-12-05 18:56:21,browse,DDFB5C39B7C41,119.32.142,合肥市,浏览贷款产品页/额度试算,,
C013808,2025-12-05 23:56:21,browse,DDFB5C39B7C41,119.32.142,合肥市,浏览贷款产品页/额度试算,,
C013808,2025-12-06 03:56:21,browse,DDFB5C39B7C41,119.32.142,合肥市,浏览贷款产品页/额度试算,,
C013808,2025-12-06 08:56:21,browse,DDFB5C39B7C41,119.32.142,合肥市,浏览贷款产品页/额度试算,,
C013808,2025-12-06 09:56:21,browse,DDFB5C39B7C41,119.32.142,合肥市,浏览贷款产品页/额度试算,,
C013808,2025-12-27 08:56:21,profile_fill,DDFB5C39B7C41,119.32.142,合肥市,填写申请资料，耗时204秒,,
C013808,2025-12-27 08:57:21,apply,DDFB5C39B7C41,119.32.142,合肥市,提交贷款申请 loan_amount=6379,,
C013808,2025-12-27 22:56:21,approve,DDFB5C39B7C41,119.32.142,合肥市,审批通过,,
C013808,2025-12-28 08:56:21,disburse,DDFB5C39B7C41,119.32.142,合肥市,放款 6379 元,,
C013808,2026-01-25 08:56:21,cashout,DDFB5C39B7C41,119.32.142,合肥市,消费/取现 881 元,,
C013808,2026-01-27 08:56:21,repay,DDFB5C39B7C41,119.32.142,合肥市,第1期还款 532 元,,
C013808,2026-02-26 08:56:21,repay,DDFB5C39B7C41,119.32.142,合肥市,第2期还款 532 元,,
C013808,2026-03-28 08:56:21,repay,DDFB5C39B7C41,119.32.142,合肥市,第3期还款 532 元,,
C013808,2026-04-27 08:56:21,repay,DDFB5C39B7C41,119.32.142,合肥市,第4期还款 532 元,,
C013847,2026-01-29 21:15:21,register,DDB1FB14B2E2C,218.26.117,苏州市,注册账户，设备年龄98天,,
C013847,2026-01-31 02:15:21,login,DDB1FB14B2E2C,218.26.117,苏州市,登录（第1次）,,
C013847,2026-02-01 09:15:21,login,DDB1FB14B2E2C,218.26.117,苏州市,登录（第2次）,,
C013847,2026-02-02 13:15:21,login,DDB1FB14B2E2C,218.26.117,苏州市,登录（第3次）,,
C013847,2026-02-02 17:15:21,browse,DDB1FB14B2E2C,218.26.117,苏州市,浏览贷款产品页/额度试算,,
C013847,2026-02-02 19:15:21,browse,DDB1FB14B2E2C,218.26.117,苏州市,浏览贷款产品页/额度试算,,
C013847,2026-02-02 22:15:21,browse,DDB1FB14B2E2C,218.26.117,苏州市,浏览贷款产品页/额度试算,,
C013847,2026-02-03 00:15:21,browse,DDB1FB14B2E2C,218.26.117,苏州市,浏览贷款产品页/额度试算,,
C013847,2026-02-03 03:15:21,browse,DDB1FB14B2E2C,218.26.117,苏州市,浏览贷款产品页/额度试算,,
C013847,2026-02-03 08:15:21,browse,DDB1FB14B2E2C,218.26.117,苏州市,浏览贷款产品页/额度试算,,
C013847,2026-03-06 21:15:21,profile_fill,DDB1FB14B2E2C,218.26.117,苏州市,填写申请资料，耗时464秒,,
C013847,2026-03-06 21:16:21,apply,DDB1FB14B2E2C,218.26.117,苏州市,提交贷款申请 loan_amount=193194,,
C013847,2026-03-07 02:15:21,approve,DDB1FB14B2E2C,218.26.117,苏州市,审批通过,,
C013847,2026-03-08 21:15:21,disburse,DDB1FB14B2E2C,218.26.117,苏州市,放款 193194 元,,
C013847,2026-03-09 21:15:21,cashout,DDB1FB14B2E2C,218.26.117,苏州市,消费/取现 56784 元,,
C013847,2026-04-07 21:15:21,repay,DDB1FB14B2E2C,218.26.117,苏州市,第1期还款 16100 元,,
C013847,2026-05-07 21:15:21,repay,DDB1FB14B2E2C,218.26.117,苏州市,第2期还款 16100 元,,
C013847,2026-06-06 21:15:21,repay,DDB1FB14B2E2C,218.26.117,苏州市,第3期还款 16100 元,,
C013847,2026-07-06 21:15:21,repay,DDB1FB14B2E2C,218.26.117,苏州市,第4期还款 16100 元,,
C013847,2026-08-05 21:15:21,repay,DDB1FB14B2E2C,218.26.117,苏州市,第5期还款 16100 元,,
C015036,2026-07-12 14:30:21,register,DA3B9CBF49AFE,119.32.39,苏州市,注册账户，设备年龄213天,,
C015036,2026-07-14 21:30:21,login,DA3B9CBF49AFE,119.32.39,苏州市,登录（第1次）,,
C015036,2026-07-17 02:30:21,login,DA3B9CBF49AFE,119.32.39,苏州市,登录（第2次）,,
C015036,2026-07-17 05:30:21,browse,DA3B9CBF49AFE,119.32.39,苏州市,浏览贷款产品页/额度试算,,
C015036,2026-07-17 08:30:21,browse,DA3B9CBF49AFE,119.32.39,苏州市,浏览贷款产品页/额度试算,,
C015036,2026-07-17 09:30:21,browse,DA3B9CBF49AFE,119.32.39,苏州市,浏览贷款产品页/额度试算,,
C015036,2026-07-17 13:30:21,browse,DA3B9CBF49AFE,119.32.39,苏州市,浏览贷款产品页/额度试算,,
C015036,2026-07-17 16:30:21,browse,DA3B9CBF49AFE,119.32.39,苏州市,浏览贷款产品页/额度试算,,
C015036,2026-08-13 14:30:21,profile_fill,DA3B9CBF49AFE,119.32.39,苏州市,填写申请资料，耗时756秒,,
C015036,2026-08-13 14:31:21,apply,DA3B9CBF49AFE,119.32.39,苏州市,提交贷款申请 loan_amount=1994,,
C015036,2026-08-14 10:30:21,approve,DA3B9CBF49AFE,119.32.39,苏州市,审批通过,,
C015036,2026-08-14 14:30:21,disburse,DA3B9CBF49AFE,119.32.39,苏州市,放款 1994 元,,
C015036,2026-08-20 14:30:21,cashout,DA3B9CBF49AFE,119.32.39,苏州市,消费/取现 359 元,,
C015036,2026-09-13 14:30:21,repay,DA3B9CBF49AFE,119.32.39,苏州市,第1期还款 166 元,,
C015036,2026-10-13 14:30:21,repay,DA3B9CBF49AFE,119.32.39,苏州市,第2期还款 166 元,,
C015036,2026-11-12 14:30:21,repay,DA3B9CBF49AFE,119.32.39,苏州市,第3期还款 166 元,,
C015036,2026-12-12 14:30:21,repay,DA3B9CBF49AFE,119.32.39,苏州市,第4期还款 166 元,,
C015036,2027-01-11 14:30:21,repay,DA3B9CBF49AFE,119.32.39,苏州市,第5期还款 166 元,,
C016855,2026-03-07 08:16:21,register,D78D59C19A3EE,113.54.153,杭州市,注册账户，设备年龄160天,,
C016855,2026-03-09 13:16:21,login,D78D59C19A3EE,113.54.153,杭州市,登录（第1次）,,
C016855,2026-03-11 20:16:21,login,D78D59C19A3EE,113.54.153,杭州市,登录（第2次）,,
C016855,2026-03-13 01:16:21,login,D78D59C19A3EE,113.54.153,杭州市,登录（第3次）,,
C016855,2026-03-13 04:16:21,browse,D78D59C19A3EE,113.54.153,杭州市,浏览贷款产品页/额度试算,,
C016855,2026-03-13 05:16:21,browse,D78D59C19A3EE,113.54.153,杭州市,浏览贷款产品页/额度试算,,
C016855,2026-03-13 08:16:21,browse,D78D59C19A3EE,113.54.153,杭州市,浏览贷款产品页/额度试算,,
C016855,2026-04-01 08:16:21,profile_fill,D78D59C19A3EE,113.54.153,杭州市,填写申请资料，耗时388秒,,
C016855,2026-04-01 08:17:21,apply,D78D59C19A3EE,113.54.153,杭州市,提交贷款申请 loan_amount=25075,,
C016855,2026-04-01 22:16:21,approve,D78D59C19A3EE,113.54.153,杭州市,审批通过,,
C016855,2026-04-03 08:16:21,disburse,D78D59C19A3EE,113.54.153,杭州市,放款 25075 元,,
C016855,2026-04-09 08:16:21,cashout,D78D59C19A3EE,113.54.153,杭州市,消费/取现 4443 元,,
C016855,2026-05-03 08:16:21,repay,D78D59C19A3EE,113.54.153,杭州市,第1期还款 2090 元,,
C016855,2026-06-02 08:16:21,repay,D78D59C19A3EE,113.54.153,杭州市,第2期还款 2090 元,,
C016855,2026-07-02 08:16:21,repay,D78D59C19A3EE,113.54.153,杭州市,第3期还款 2090 元,,
C018848,2026-04-14 14:22:21,register,D94584F64B82D,223.104.132,北京市,注册账户，设备年龄57天,,
C018848,2026-04-17 19:22:21,login,D94584F64B82D,223.104.132,北京市,登录（第1次）,,
C018848,2026-04-21 01:22:21,login,D94584F64B82D,223.104.132,北京市,登录（第2次）,,
C018848,2026-04-23 04:22:21,login,D94584F64B82D,223.104.132,北京市,登录（第3次）,,
C018848,2026-04-23 07:22:21,browse,D94584F64B82D,223.104.132,北京市,浏览贷款产品页/额度试算,,
C018848,2026-04-23 11:22:21,browse,D94584F64B82D,223.104.132,北京市,浏览贷款产品页/额度试算,,
C018848,2026-04-23 13:22:21,browse,D94584F64B82D,223.104.132,北京市,浏览贷款产品页/额度试算,,
C018848,2026-05-11 14:22:21,profile_fill,D94584F64B82D,223.104.132,北京市,填写申请资料，耗时572秒,,
C018848,2026-05-11 14:23:21,apply,D94584F64B82D,223.104.132,北京市,提交贷款申请 loan_amount=144527,,
C018848,2026-05-11 21:22:21,approve,D94584F64B82D,223.104.132,北京市,审批通过,,
C018848,2026-05-13 14:22:21,disburse,D94584F64B82D,223.104.132,北京市,放款 144527 元,,
C018848,2026-06-09 14:22:21,cashout,D94584F64B82D,223.104.132,北京市,消费/取现 37272 元,,
C018848,2026-06-12 14:22:21,repay,D94584F64B82D,223.104.132,北京市,第1期还款 12044 元,,
C018848,2026-07-12 14:22:21,repay,D94584F64B82D,223.104.132,北京市,第2期还款 12044 元,,
C018848,2026-08-11 14:22:21,repay,D94584F64B82D,223.104.132,北京市,第3期还款 12044 元,,
C018848,2026-09-10 14:22:21,repay,D94584F64B82D,223.104.132,北京市,第4期还款 12044 元,,
C018848,2026-10-10 14:22:21,repay,D94584F64B82D,223.104.132,北京市,第5期还款 12044 元,,
C018848,2026-11-09 14:22:21,repay,D94584F64B82D,223.104.132,北京市,第6期还款 12044 元,,
C021014,2026-03-31 22:03:21,register,D29240EF43F8A,119.32.209,长沙市,注册账户，设备年龄277天,,
C021014,2026-04-03 00:03:21,login,D29240EF43F8A,119.32.209,长沙市,登录（第1次）,,
C021014,2026-04-03 02:03:21,browse,D29240EF43F8A,119.32.209,长沙市,浏览贷款产品页/额度试算,,
C021014,2026-04-03 07:03:21,browse,D29240EF43F8A,119.32.209,长沙市,浏览贷款产品页/额度试算,,
C021014,2026-04-03 11:03:21,browse,D29240EF43F8A,119.32.209,长沙市,浏览贷款产品页/额度试算,,
C021014,2026-04-03 16:03:21,browse,D29240EF43F8A,119.32.209,长沙市,浏览贷款产品页/额度试算,,
C021014,2026-04-04 22:03:21,profile_fill,D29240EF43F8A,119.32.209,长沙市,填写申请资料，耗时277秒,,
C021014,2026-04-04 22:04:21,apply,D29240EF43F8A,119.32.209,长沙市,提交贷款申请 loan_amount=1031,,
C021014,2026-04-05 12:03:21,approve,D29240EF43F8A,119.32.209,长沙市,审批通过,,
C021014,2026-04-05 22:03:21,disburse,D29240EF43F8A,119.32.209,长沙市,放款 1031 元,,
C021014,2026-04-12 22:03:21,cashout,D29240EF43F8A,119.32.209,长沙市,消费/取现 228 元,,
C021014,2026-05-05 22:03:21,repay,D29240EF43F8A,119.32.209,长沙市,第1期还款 86 元,,
C021014,2026-06-04 22:03:21,repay,D29240EF43F8A,119.32.209,长沙市,第2期还款 86 元,,
C021014,2026-07-04 22:03:21,repay,D29240EF43F8A,119.32.209,长沙市,第3期还款 86 元,,
C021014,2026-08-03 22:03:21,repay,D29240EF43F8A,119.32.209,长沙市,第4期还款 86 元,,
C021516,2025-08-07 00:27:21,register,D45B2D9322445,61.135.22,厦门市,注册账户，设备年龄177天,,
C021516,2025-08-07 00:27:21,profile_fill,D45B2D9322445,61.135.22,厦门市,填写申请资料，耗时847秒,,
C021516,2025-08-07 00:28:21,apply,D45B2D9322445,61.135.22,厦门市,提交贷款申请 loan_amount=19535,,
C021516,2025-08-07 02:27:21,approve,D45B2D9322445,61.135.22,厦门市,审批通过,,
C021516,2025-08-08 00:27:21,disburse,D45B2D9322445,61.135.22,厦门市,放款 19535 元,,
C021516,2025-08-09 00:27:21,transfer,D45B2D9322445,61.135.22,厦门市,转账 13674 元至收款账户（资金汇聚）,C021516,MULEid99B3EFC46F
C021516,2025-08-09 02:27:21,login,D45B2D9322445,61.135.22,厦门市,登录（第1次）,,
C021516,2025-08-09 18:27:21,cashout,D45B2D9322445,61.135.22,厦门市,取现/转账 2787 元（拆第1笔）,,
C021516,2025-08-09 19:51:21,cashout,D45B2D9322445,61.135.22,厦门市,取现/转账 2787 元（拆第2笔）,,
C021516,2025-08-09 20:42:21,cashout,D45B2D9322445,61.135.22,厦门市,取现/转账 2787 元（拆第6笔）,,
C021516,2025-08-09 21:13:21,cashout,D45B2D9322445,61.135.22,厦门市,取现/转账 2787 元（拆第3笔）,,
C021516,2025-08-09 21:27:21,cashout,D45B2D9322445,61.135.22,厦门市,取现/转账 2787 元（拆第5笔）,,
C021516,2025-08-09 22:36:21,cashout,D45B2D9322445,61.135.22,厦门市,取现/转账 2787 元（拆第4笔）,,
C021516,2025-09-04 00:27:21,default,D45B2D9322445,61.135.22,厦门市,逾期违约,,
C021577,2026-04-13 13:03:21,register,D67830518F654,115.47.73,长沙市,注册账户，设备年龄41天,,
C021577,2026-04-16 14:03:21,login,D67830518F654,115.47.73,长沙市,登录（第1次）,,
C021577,2026-04-16 17:03:21,browse,D67830518F654,115.47.73,长沙市,浏览贷款产品页/额度试算,,
C021577,2026-04-16 20:03:21,browse,D67830518F654,115.47.73,长沙市,浏览贷款产品页/额度试算,,
C021577,2026-04-16 23:03:21,browse,D67830518F654,115.47.73,长沙市,浏览贷款产品页/额度试算,,
C021577,2026-05-20 13:03:21,profile_fill,D67830518F654,115.47.73,长沙市,填写申请资料，耗时603秒,,
C021577,2026-05-20 13:04:21,apply,D67830518F654,115.47.73,长沙市,提交贷款申请 loan_amount=1204,,
C021577,2026-05-20 22:03:21,approve,D67830518F654,115.47.73,长沙市,审批通过,,
C021577,2026-05-21 13:03:21,disburse,D67830518F654,115.47.73,长沙市,放款 1204 元,,
C021577,2026-06-19 13:03:21,cashout,D67830518F654,115.47.73,长沙市,消费/取现 247 元,,
C021577,2026-06-20 13:03:21,repay,D67830518F654,115.47.73,长沙市,第1期还款 100 元,,
C021577,2026-07-20 13:03:21,repay,D67830518F654,115.47.73,长沙市,第2期还款 100 元,,
C021577,2026-08-19 13:03:21,repay,D67830518F654,115.47.73,长沙市,第3期还款 100 元,,
C021577,2026-09-18 13:03:21,repay,D67830518F654,115.47.73,长沙市,第4期还款 100 元,,
C021577,2026-10-18 13:03:21,repay,D67830518F654,115.47.73,长沙市,第5期还款 100 元,,
C021577,2026-11-17 13:03:21,repay,D67830518F654,115.47.73,长沙市,第6期还款 100 元,,
C021991,2025-09-27 18:30:21,register,D29E998FB5240,113.54.87,杭州市,注册账户，设备年龄210天,,
C021991,2025-09-28 18:30:21,profile_fill,D29E998FB5240,113.54.87,杭州市,填写申请资料，耗时776秒,,
C021991,2025-09-28 18:31:21,apply,D29E998FB5240,113.54.87,杭州市,提交贷款申请 loan_amount=431356,,
C021991,2025-09-28 20:30:21,login,D29E998FB5240,113.54.87,杭州市,登录（第1次）,,
C021991,2025-09-29 01:30:21,browse,D29E998FB5240,113.54.87,杭州市,浏览贷款产品页/额度试算,,
C021991,2025-09-29 04:30:21,browse,D29E998FB5240,113.54.87,杭州市,浏览贷款产品页/额度试算,,
C021991,2025-09-29 05:30:21,browse,D29E998FB5240,113.54.87,杭州市,浏览贷款产品页/额度试算,,
C021991,2025-09-29 06:30:21,browse,D29E998FB5240,113.54.87,杭州市,浏览贷款产品页/额度试算,,
C021991,2025-09-29 08:30:21,browse,D29E998FB5240,113.54.87,杭州市,浏览贷款产品页/额度试算,,
C021991,2025-09-29 11:30:21,browse,D29E998FB5240,113.54.87,杭州市,浏览贷款产品页/额度试算,,
C021991,2025-09-29 13:30:21,browse,D29E998FB5240,113.54.87,杭州市,浏览贷款产品页/额度试算,,
C021991,2025-09-29 16:30:21,approve,D29E998FB5240,113.54.87,杭州市,审批通过,,
C021991,2025-09-30 18:30:21,disburse,D29E998FB5240,113.54.87,杭州市,放款 431356 元,,
C021991,2025-10-28 18:30:21,cashout,D29E998FB5240,113.54.87,杭州市,消费/取现 88148 元,,
C021991,2025-10-30 18:30:21,repay,D29E998FB5240,113.54.87,杭州市,第1期还款 35946 元,,
C021991,2025-11-29 18:30:21,repay,D29E998FB5240,113.54.87,杭州市,第2期还款 35946 元,,
C021991,2025-12-29 18:30:21,repay,D29E998FB5240,113.54.87,杭州市,第3期还款 35946 元,,
C021991,2026-01-28 18:30:21,repay,D29E998FB5240,113.54.87,杭州市,第4期还款 35946 元,,
C021991,2026-02-27 18:30:21,repay,D29E998FB5240,113.54.87,杭州市,第5期还款 35946 元,,
C023142,2025-10-24 16:59:21,register,D0426CBC20742,223.104.74,南京市,注册账户，设备年龄104天,,
C023142,2025-10-25 19:59:21,login,D0426CBC20742,223.104.74,南京市,登录（第1次）,,
C023142,2025-10-26 20:59:21,login,D0426CBC20742,223.104.74,南京市,登录（第2次）,,
C023142,2025-10-27 01:59:21,browse,D0426CBC20742,223.104.74,南京市,浏览贷款产品页/额度试算,,
C023142,2025-10-27 04:59:21,browse,D0426CBC20742,223.104.74,南京市,浏览贷款产品页/额度试算,,
C023142,2025-10-27 07:59:21,browse,D0426CBC20742,223.104.74,南京市,浏览贷款产品页/额度试算,,
C023142,2025-11-26 16:59:21,profile_fill,D0426CBC20742,223.104.74,南京市,填写申请资料，耗时231秒,,
C023142,2025-11-26 17:00:21,apply,D0426CBC20742,223.104.74,南京市,提交贷款申请 loan_amount=86074,,
C023142,2025-11-27 08:59:21,approve,D0426CBC20742,223.104.74,南京市,审批通过,,
C023142,2025-11-28 16:59:21,disburse,D0426CBC20742,223.104.74,南京市,放款 86074 元,,
C023142,2025-12-17 16:59:21,cashout,D0426CBC20742,223.104.74,南京市,消费/取现 10830 元,,
C023142,2025-12-28 16:59:21,repay,D0426CBC20742,223.104.74,南京市,第1期还款 7173 元,,
C023142,2026-01-27 16:59:21,repay,D0426CBC20742,223.104.74,南京市,第2期还款 7173 元,,
C023142,2026-02-26 16:59:21,repay,D0426CBC20742,223.104.74,南京市,第3期还款 7173 元,,
C025998,2026-02-23 08:03:21,register,DD697D0346DFC,115.47.101,青岛市,注册账户，设备年龄182天,,
C025998,2026-02-25 09:03:21,login,DD697D0346DFC,115.47.101,青岛市,登录（第1次）,,
C025998,2026-02-25 10:03:21,browse,DD697D0346DFC,115.47.101,青岛市,浏览贷款产品页/额度试算,,
C025998,2026-02-25 11:03:21,browse,DD697D0346DFC,115.47.101,青岛市,浏览贷款产品页/额度试算,,
C025998,2026-03-02 08:03:21,profile_fill,DD697D0346DFC,115.47.101,青岛市,填写申请资料，耗时710秒,,
C025998,2026-03-02 08:04:21,apply,DD697D0346DFC,115.47.101,青岛市,提交贷款申请 loan_amount=1798,,
C025998,2026-03-02 14:03:21,approve,DD697D0346DFC,115.47.101,青岛市,审批通过,,
C025998,2026-03-04 08:03:21,disburse,DD697D0346DFC,115.47.101,青岛市,放款 1798 元,,
C025998,2026-03-15 08:03:21,cashout,DD697D0346DFC,115.47.101,青岛市,消费/取现 475 元,,
C025998,2026-04-03 08:03:21,repay,DD697D0346DFC,115.47.101,青岛市,第1期还款 150 元,,
C025998,2026-05-03 08:03:21,repay,DD697D0346DFC,115.47.101,青岛市,第2期还款 150 元,,
C025998,2026-06-02 08:03:21,repay,DD697D0346DFC,115.47.101,青岛市,第3期还款 150 元,,
C025998,2026-07-02 08:03:21,repay,DD697D0346DFC,115.47.101,青岛市,第4期还款 150 元,,
C025998,2026-08-01 08:03:21,repay,DD697D0346DFC,115.47.101,青岛市,第5期还款 150 元,,
C026881,2025-11-29 16:33:21,register,D7C1D8AE53BE6,223.104.34,成都市,注册账户，设备年龄104天,,
C026881,2025-11-30 17:33:21,login,D7C1D8AE53BE6,223.104.34,成都市,登录（第1次）,,
C026881,2025-12-02 16:33:21,profile_fill,D7C1D8AE53BE6,223.104.34,成都市,填写申请资料，耗时600秒,,
C026881,2025-12-02 16:34:21,apply,D7C1D8AE53BE6,223.104.34,成都市,提交贷款申请 loan_amount=54433,,
C026881,2025-12-02 23:33:21,login,D7C1D8AE53BE6,223.104.34,成都市,登录（第2次）,,
C026881,2025-12-03 08:33:21,approve,D7C1D8AE53BE6,223.104.34,成都市,审批通过,,
C026881,2025-12-03 16:33:21,disburse,D7C1D8AE53BE6,223.104.34,成都市,放款 54433 元,,
C026881,2025-12-06 06:33:21,login,D7C1D8AE53BE6,223.104.34,成都市,登录（第3次）,,
C026881,2025-12-06 09:33:21,browse,D7C1D8AE53BE6,223.104.34,成都市,浏览贷款产品页/额度试算,,
C026881,2025-12-06 14:33:21,browse,D7C1D8AE53BE6,223.104.34,成都市,浏览贷款产品页/额度试算,,
C026881,2025-12-06 18:33:21,browse,D7C1D8AE53BE6,223.104.34,成都市,浏览贷款产品页/额度试算,,
C026881,2025-12-16 16:33:21,cashout,D7C1D8AE53BE6,223.104.34,成都市,消费/取现 15120 元,,
C026881,2026-01-02 16:33:21,repay,D7C1D8AE53BE6,223.104.34,成都市,第1期还款 4536 元,,
C026881,2026-02-01 16:33:21,repay,D7C1D8AE53BE6,223.104.34,成都市,第2期还款 4536 元,,
C026881,2026-03-03 16:33:21,repay,D7C1D8AE53BE6,223.104.34,成都市,第3期还款 4536 元,,
C026881,2026-04-02 16:33:21,repay,D7C1D8AE53BE6,223.104.34,成都市,第4期还款 4536 元,,
C028322,2026-01-22 17:12:21,register,D4488396D8893,171.106.4,合肥市,注册账户，设备年龄307天,,
C028322,2026-01-23 18:12:21,login,D4488396D8893,171.106.4,合肥市,登录（第1次）,,
C028322,2026-01-24 00:12:21,login,D4488396D8893,171.106.4,合肥市,登录（第2次）,,
C028322,2026-01-24 01:12:21,browse,D4488396D8893,171.106.4,合肥市,浏览贷款产品页/额度试算,,
C028322,2026-01-24 03:12:21,browse,D4488396D8893,171.106.4,合肥市,浏览贷款产品页/额度试算,,
C028322,2026-01-24 04:12:21,browse,D4488396D8893,171.106.4,合肥市,浏览贷款产品页/额度试算,,
C028322,2026-01-24 05:12:21,browse,D4488396D8893,171.106.4,合肥市,浏览贷款产品页/额度试算,,
C028322,2026-02-24 17:12:21,profile_fill,D4488396D8893,171.106.4,合肥市,填写申请资料，耗时836秒,,
C028322,2026-02-24 17:13:21,apply,D4488396D8893,171.106.4,合肥市,提交贷款申请 loan_amount=25901,,
C028322,2026-02-25 10:12:21,approve,D4488396D8893,171.106.4,合肥市,审批通过,,
C028322,2026-02-26 17:12:21,disburse,D4488396D8893,171.106.4,合肥市,放款 25901 元,,
C028322,2026-03-17 17:12:21,cashout,D4488396D8893,171.106.4,合肥市,消费/取现 7018 元,,
C028322,2026-03-28 17:12:21,repay,D4488396D8893,171.106.4,合肥市,第1期还款 2158 元,,
C028322,2026-04-27 17:12:21,repay,D4488396D8893,171.106.4,合肥市,第2期还款 2158 元,,
C028322,2026-05-27 17:12:21,repay,D4488396D8893,171.106.4,合肥市,第3期还款 2158 元,,
C028322,2026-06-26 17:12:21,repay,D4488396D8893,171.106.4,合肥市,第4期还款 2158 元,,
C028322,2026-07-26 17:12:21,repay,D4488396D8893,171.106.4,合肥市,第5期还款 2158 元,,
C028322,2026-08-25 17:12:21,repay,D4488396D8893,171.106.4,合肥市,第6期还款 2158 元,,
C029108,2026-05-16 22:52:21,register,D75ABEE3EBE62,171.106.150,郑州市,注册账户，设备年龄153天,,
C029108,2026-05-20 23:52:21,login,D75ABEE3EBE62,171.106.150,郑州市,登录（第1次）,,
C029108,2026-05-24 05:52:21,login,D75ABEE3EBE62,171.106.150,郑州市,登录（第2次）,,
C029108,2026-05-24 09:52:21,login,D75ABEE3EBE62,171.106.150,郑州市,登录（第3次）,,
C029108,2026-05-24 11:52:21,browse,D75ABEE3EBE62,171.106.150,郑州市,浏览贷款产品页/额度试算,,
C029108,2026-05-24 12:52:21,browse,D75ABEE3EBE62,171.106.150,郑州市,浏览贷款产品页/额度试算,,
C029108,2026-06-21 22:52:21,profile_fill,D75ABEE3EBE62,171.106.150,郑州市,填写申请资料，耗时839秒,,
C029108,2026-06-21 22:53:21,apply,D75ABEE3EBE62,171.106.150,郑州市,提交贷款申请 loan_amount=17624,,
C029108,2026-06-22 03:52:21,approve,D75ABEE3EBE62,171.106.150,郑州市,审批通过,,
C029108,2026-06-22 22:52:21,disburse,D75ABEE3EBE62,171.106.150,郑州市,放款 17624 元,,
C029108,2026-06-24 22:52:21,cashout,D75ABEE3EBE62,171.106.150,郑州市,消费/取现 4467 元,,
C029108,2026-07-22 22:52:21,repay,D75ABEE3EBE62,171.106.150,郑州市,第1期还款 1469 元,,
C029108,2026-08-21 22:52:21,repay,D75ABEE3EBE62,171.106.150,郑州市,第2期还款 1469 元,,
C029108,2026-09-20 22:52:21,repay,D75ABEE3EBE62,171.106.150,郑州市,第3期还款 1469 元,,
C029108,2026-10-20 22:52:21,repay,D75ABEE3EBE62,171.106.150,郑州市,第4期还款 1469 元,,
C029557,2025-10-03 09:48:21,register,D5F7500F8FEE0,211.138.225,苏州市,注册账户，设备年龄249天,,
C029557,2025-10-07 14:48:21,login,D5F7500F8FEE0,211.138.225,苏州市,登录（第1次）,,
C029557,2025-10-09 20:48:21,login,D5F7500F8FEE0,211.138.225,苏州市,登录（第2次）,,
C029557,2025-10-10 02:48:21,login,D5F7500F8FEE0,211.138.225,苏州市,登录（第3次）,,
C029557,2025-10-10 06:48:21,browse,D5F7500F8FEE0,211.138.225,苏州市,浏览贷款产品页/额度试算,,
C029557,2025-10-10 08:48:21,browse,D5F7500F8FEE0,211.138.225,苏州市,浏览贷款产品页/额度试算,,
C029557,2025-10-10 10:48:21,browse,D5F7500F8FEE0,211.138.225,苏州市,浏览贷款产品页/额度试算,,
C029557,2025-10-10 13:48:21,browse,D5F7500F8FEE0,211.138.225,苏州市,浏览贷款产品页/额度试算,,
C029557,2025-10-10 17:48:21,browse,D5F7500F8FEE0,211.138.225,苏州市,浏览贷款产品页/额度试算,,
C029557,2025-10-10 22:48:21,browse,D5F7500F8FEE0,211.138.225,苏州市,浏览贷款产品页/额度试算,,
C029557,2025-10-11 03:48:21,browse,D5F7500F8FEE0,211.138.225,苏州市,浏览贷款产品页/额度试算,,
C029557,2025-10-15 09:48:21,profile_fill,D5F7500F8FEE0,211.138.225,苏州市,填写申请资料，耗时733秒,,
C029557,2025-10-15 09:49:21,apply,D5F7500F8FEE0,211.138.225,苏州市,提交贷款申请 loan_amount=16233,,
C029557,2025-10-16 05:48:21,approve,D5F7500F8FEE0,211.138.225,苏州市,审批通过,,
C029557,2025-10-16 09:48:21,disburse,D5F7500F8FEE0,211.138.225,苏州市,放款 16233 元,,
C029557,2025-10-24 09:48:21,cashout,D5F7500F8FEE0,211.138.225,苏州市,消费/取现 2301 元,,
C029557,2025-11-15 09:48:21,repay,D5F7500F8FEE0,211.138.225,苏州市,第1期还款 1353 元,,
C029557,2025-12-15 09:48:21,repay,D5F7500F8FEE0,211.138.225,苏州市,第2期还款 1353 元,,
C029557,2026-01-14 09:48:21,repay,D5F7500F8FEE0,211.138.225,苏州市,第3期还款 1353 元,,
C029557,2026-02-13 09:48:21,repay,D5F7500F8FEE0,211.138.225,苏州市,第4期还款 1353 元,,
C029800,2026-06-22 10:46:21,register,DA78B4653C28E,211.138.248,青岛市,注册账户，设备年龄176天,,
C029800,2026-06-24 17:46:21,login,DA78B4653C28E,211.138.248,青岛市,登录（第1次）,,
C029800,2026-06-24 19:46:21,browse,DA78B4653C28E,211.138.248,青岛市,浏览贷款产品页/额度试算,,
C029800,2026-06-24 20:46:21,browse,DA78B4653C28E,211.138.248,青岛市,浏览贷款产品页/额度试算,,
C029800,2026-06-24 23:46:21,browse,DA78B4653C28E,211.138.248,青岛市,浏览贷款产品页/额度试算,,
C029800,2026-07-12 10:46:21,profile_fill,DA78B4653C28E,211.138.248,青岛市,填写申请资料，耗时809秒,,
C029800,2026-07-12 10:47:21,apply,DA78B4653C28E,211.138.248,青岛市,提交贷款申请 loan_amount=179873,,
C029800,2026-07-13 08:46:21,approve,DA78B4653C28E,211.138.248,青岛市,审批通过,,
C029800,2026-07-13 10:46:21,disburse,DA78B4653C28E,211.138.248,青岛市,放款 179873 元,,
C029800,2026-07-21 10:46:21,cashout,DA78B4653C28E,211.138.248,青岛市,消费/取现 19319 元,,
C029800,2026-08-12 10:46:21,repay,DA78B4653C28E,211.138.248,青岛市,第1期还款 14989 元,,
C029800,2026-09-11 10:46:21,repay,DA78B4653C28E,211.138.248,青岛市,第2期还款 14989 元,,
C029800,2026-10-11 10:46:21,repay,DA78B4653C28E,211.138.248,青岛市,第3期还款 14989 元,,
C029800,2026-11-10 10:46:21,repay,DA78B4653C28E,211.138.248,青岛市,第4期还款 14989 元,,
C029800,2026-12-10 10:46:21,repay,DA78B4653C28E,211.138.248,青岛市,第5期还款 14989 元,,
C030175,2026-04-22 16:02:21,register,D110D612BEEC3,39.144.162,西安市,注册账户，设备年龄101天,,
C030175,2026-04-26 19:02:21,login,D110D612BEEC3,39.144.162,西安市,登录（第1次）,,
C030175,2026-04-28 21:02:21,login,D110D612BEEC3,39.144.162,西安市,登录（第2次）,,
C030175,2026-04-28 22:02:21,browse,D110D612BEEC3,39.144.162,西安市,浏览贷款产品页/额度试算,,
C030175,2026-04-29 00:02:21,browse,D110D612BEEC3,39.144.162,西安市,浏览贷款产品页/额度试算,,
C030175,2026-04-29 01:02:21,browse,D110D612BEEC3,39.144.162,西安市,浏览贷款产品页/额度试算,,
C030175,2026-04-29 06:02:21,browse,D110D612BEEC3,39.144.162,西安市,浏览贷款产品页/额度试算,,
C030175,2026-04-29 08:02:21,browse,D110D612BEEC3,39.144.162,西安市,浏览贷款产品页/额度试算,,
C030175,2026-04-29 10:02:21,browse,D110D612BEEC3,39.144.162,西安市,浏览贷款产品页/额度试算,,
C030175,2026-05-07 16:02:21,profile_fill,D110D612BEEC3,39.144.162,西安市,填写申请资料，耗时760秒,,
C030175,2026-05-07 16:03:21,apply,D110D612BEEC3,39.144.162,西安市,提交贷款申请 loan_amount=122443,,
C030175,2026-05-08 01:02:21,approve,D110D612BEEC3,39.144.162,西安市,审批通过,,
C030175,2026-05-08 16:02:21,disburse,D110D612BEEC3,39.144.162,西安市,放款 122443 元,,
C030175,2026-06-02 16:02:21,cashout,D110D612BEEC3,39.144.162,西安市,消费/取现 34235 元,,
C030175,2026-06-07 16:02:21,repay,D110D612BEEC3,39.144.162,西安市,第1期还款 10204 元,,
C030175,2026-07-07 16:02:21,repay,D110D612BEEC3,39.144.162,西安市,第2期还款 10204 元,,
C030175,2026-08-06 16:02:21,repay,D110D612BEEC3,39.144.162,西安市,第3期还款 10204 元,,
C030175,2026-09-05 16:02:21,repay,D110D612BEEC3,39.144.162,西安市,第4期还款 10204 元,,
C030175,2026-10-05 16:02:21,repay,D110D612BEEC3,39.144.162,西安市,第5期还款 10204 元,,
C030810,2025-09-20 12:31:21,register,D6E134CD69002,218.26.179,昆明市,注册账户，设备年龄219天,,
C030810,2025-09-24 17:31:21,login,D6E134CD69002,218.26.179,昆明市,登录（第1次）,,
C030810,2025-09-24 20:31:21,browse,D6E134CD69002,218.26.179,昆明市,浏览贷款产品页/额度试算,,
C030810,2025-09-25 01:31:21,browse,D6E134CD69002,218.26.179,昆明市,浏览贷款产品页/额度试算,,
C030810,2025-09-25 05:31:21,browse,D6E134CD69002,218.26.179,昆明市,浏览贷款产品页/额度试算,,
C030810,2025-10-02 12:31:21,profile_fill,D6E134CD69002,218.26.179,昆明市,填写申请资料，耗时280秒,,
C030810,2025-10-02 12:32:21,apply,D6E134CD69002,218.26.179,昆明市,提交贷款申请 loan_amount=18210,,
C030810,2025-10-02 16:31:21,approve,D6E134CD69002,218.26.179,昆明市,审批通过,,
C030810,2025-10-04 12:31:21,disburse,D6E134CD69002,218.26.179,昆明市,放款 18210 元,,
C030810,2025-10-16 12:31:21,cashout,D6E134CD69002,218.26.179,昆明市,消费/取现 5268 元,,
C030810,2025-11-03 12:31:21,repay,D6E134CD69002,218.26.179,昆明市,第1期还款 1517 元,,
C030810,2025-12-03 12:31:21,repay,D6E134CD69002,218.26.179,昆明市,第2期还款 1517 元,,
C030810,2026-01-02 12:31:21,repay,D6E134CD69002,218.26.179,昆明市,第3期还款 1517 元,,
C030898,2026-08-09 03:55:21,register,D1B22188014EA,104.129.166,北京市,注册账户，设备年龄210天,,
C030898,2026-08-09 03:55:21,profile_fill,D1B22188014EA,104.129.166,北京市,填写申请资料，耗时357秒,,
C030898,2026-08-09 03:55:21,login,D1B22188014EA,104.129.166,北京市,团伙共用设备/共用IP申请,,
C030898,2026-08-09 03:56:21,apply,D1B22188014EA,104.129.166,北京市,提交贷款申请 loan_amount=149779,,
C030898,2026-08-09 07:55:21,approve,D1B22188014EA,104.129.166,北京市,审批通过,,
C030898,2026-08-10 03:55:21,disburse,D1B22188014EA,104.129.166,北京市,放款 149779 元,,
C030898,2026-08-10 15:55:21,cashout,D1B22188014EA,104.129.166,北京市,取现/转账 33492 元（拆第1笔）,,
C030898,2026-08-10 16:18:21,cashout,D1B22188014EA,104.129.166,北京市,取现/转账 33492 元（拆第2笔）,,
C030898,2026-08-10 17:01:21,cashout,D1B22188014EA,104.129.166,北京市,取现/转账 33492 元（拆第3笔）,,
C030898,2026-08-10 19:01:21,cashout,D1B22188014EA,104.129.166,北京市,取现/转账 33492 元（拆第4笔）,,
C030898,2026-08-11 07:55:21,login,D1B22188014EA,104.129.166,北京市,登录（第1次）,,
C030898,2026-08-12 03:55:21,transfer,D1B22188014EA,104.129.166,北京市,转账 104845 元至收款账户（资金汇聚）,C030898,MULEga8A3D55AC46
C030898,2026-08-24 03:55:21,default,D1B22188014EA,104.129.166,北京市,逾期违约,,
C031454,2026-05-09 10:12:21,register,D47E1850803FB,223.104.193,长沙市,注册账户，设备年龄343天,,
C031454,2026-05-10 16:12:21,login,D47E1850803FB,223.104.193,长沙市,登录（第1次）,,
C031454,2026-05-10 20:12:21,browse,D47E1850803FB,223.104.193,长沙市,浏览贷款产品页/额度试算,,
C031454,2026-05-10 23:12:21,browse,D47E1850803FB,223.104.193,长沙市,浏览贷款产品页/额度试算,,
C031454,2026-05-11 03:12:21,browse,D47E1850803FB,223.104.193,长沙市,浏览贷款产品页/额度试算,,
C031454,2026-05-11 07:12:21,browse,D47E1850803FB,223.104.193,长沙市,浏览贷款产品页/额度试算,,
C031454,2026-06-14 10:12:21,profile_fill,D47E1850803FB,223.104.193,长沙市,填写申请资料，耗时736秒,,
C031454,2026-06-14 10:13:21,apply,D47E1850803FB,223.104.193,长沙市,提交贷款申请 loan_amount=2685,,
C031454,2026-06-15 01:12:21,approve,D47E1850803FB,223.104.193,长沙市,审批通过,,
C031454,2026-06-16 10:12:21,disburse,D47E1850803FB,223.104.193,长沙市,放款 2685 元,,
C031454,2026-06-21 10:12:21,cashout,D47E1850803FB,223.104.193,长沙市,消费/取现 351 元,,
C031454,2026-07-16 10:12:21,repay,D47E1850803FB,223.104.193,长沙市,第1期还款 224 元,,
C031454,2026-08-15 10:12:21,repay,D47E1850803FB,223.104.193,长沙市,第2期还款 224 元,,
C031454,2026-09-14 10:12:21,repay,D47E1850803FB,223.104.193,长沙市,第3期还款 224 元,,
C031471,2026-04-02 10:01:21,register,DDEA3B2358325,113.54.120,上海市,注册账户，设备年龄250天,,
C031471,2026-04-04 16:01:21,login,DDEA3B2358325,113.54.120,上海市,登录（第1次）,,
C031471,2026-04-04 19:01:21,login,DDEA3B2358325,113.54.120,上海市,登录（第2次）,,
C031471,2026-04-04 22:01:21,login,DDEA3B2358325,113.54.120,上海市,登录（第3次）,,
C031471,2026-04-05 03:01:21,browse,DDEA3B2358325,113.54.120,上海市,浏览贷款产品页/额度试算,,
C031471,2026-04-05 05:01:21,browse,DDEA3B2358325,113.54.120,上海市,浏览贷款产品页/额度试算,,
C031471,2026-04-05 10:01:21,browse,DDEA3B2358325,113.54.120,上海市,浏览贷款产品页/额度试算,,
C031471,2026-04-05 14:01:21,browse,DDEA3B2358325,113.54.120,上海市,浏览贷款产品页/额度试算,,
C031471,2026-04-05 18:01:21,browse,DDEA3B2358325,113.54.120,上海市,浏览贷款产品页/额度试算,,
C031471,2026-04-16 10:01:21,profile_fill,DDEA3B2358325,113.54.120,上海市,填写申请资料，耗时343秒,,
C031471,2026-04-16 10:02:21,apply,DDEA3B2358325,113.54.120,上海市,提交贷款申请 loan_amount=51179,,
C031471,2026-04-17 05:01:21,approve,DDEA3B2358325,113.54.120,上海市,审批通过,,
C031471,2026-04-17 10:01:21,disburse,DDEA3B2358325,113.54.120,上海市,放款 51179 元,,
C031471,2026-05-13 10:01:21,cashout,DDEA3B2358325,113.54.120,上海市,消费/取现 10576 元,,
C031471,2026-05-17 10:01:21,repay,DDEA3B2358325,113.54.120,上海市,第1期还款 4265 元,,
C031471,2026-06-16 10:01:21,repay,DDEA3B2358325,113.54.120,上海市,第2期还款 4265 元,,
C031471,2026-07-16 10:01:21,repay,DDEA3B2358325,113.54.120,上海市,第3期还款 4265 元,,
C031471,2026-08-15 10:01:21,repay,DDEA3B2358325,113.54.120,上海市,第4期还款 4265 元,,
C031471,2026-09-14 10:01:21,repay,DDEA3B2358325,113.54.120,上海市,第5期还款 4265 元,,
C033096,2025-08-02 18:07:21,register,DE0473BAEE10F,61.135.24,长沙市,注册账户，设备年龄349天,,
C033096,2025-08-06 00:07:21,login,DE0473BAEE10F,61.135.24,长沙市,登录（第1次）,,
C033096,2025-08-06 05:07:21,browse,DE0473BAEE10F,61.135.24,长沙市,浏览贷款产品页/额度试算,,
C033096,2025-08-06 06:07:21,browse,DE0473BAEE10F,61.135.24,长沙市,浏览贷款产品页/额度试算,,
C033096,2025-08-06 11:07:21,browse,DE0473BAEE10F,61.135.24,长沙市,浏览贷款产品页/额度试算,,
C033096,2025-08-06 16:07:21,browse,DE0473BAEE10F,61.135.24,长沙市,浏览贷款产品页/额度试算,,
C033096,2025-08-06 17:07:21,browse,DE0473BAEE10F,61.135.24,长沙市,浏览贷款产品页/额度试算,,
C033096,2025-08-06 20:07:21,browse,DE0473BAEE10F,61.135.24,长沙市,浏览贷款产品页/额度试算,,
C033096,2025-08-06 22:07:21,browse,DE0473BAEE10F,61.135.24,长沙市,浏览贷款产品页/额度试算,,
C033096,2025-08-10 18:07:21,profile_fill,DE0473BAEE10F,61.135.24,长沙市,填写申请资料，耗时599秒,,
C033096,2025-08-10 18:08:21,apply,DE0473BAEE10F,61.135.24,长沙市,提交贷款申请 loan_amount=385956,,
C033096,2025-08-11 06:07:21,approve,DE0473BAEE10F,61.135.24,长沙市,审批通过,,
C033096,2025-08-12 18:07:21,disburse,DE0473BAEE10F,61.135.24,长沙市,放款 385956 元,,
C033096,2025-09-04 18:07:21,cashout,DE0473BAEE10F,61.135.24,长沙市,消费/取现 103906 元,,
C033096,2025-09-11 18:07:21,repay,DE0473BAEE10F,61.135.24,长沙市,第1期还款 32163 元,,
C033096,2025-10-11 18:07:21,repay,DE0473BAEE10F,61.135.24,长沙市,第2期还款 32163 元,,
C033096,2025-11-10 18:07:21,repay,DE0473BAEE10F,61.135.24,长沙市,第3期还款 32163 元,,
C033096,2025-12-10 18:07:21,repay,DE0473BAEE10F,61.135.24,长沙市,第4期还款 32163 元,,
C033096,2026-01-09 18:07:21,repay,DE0473BAEE10F,61.135.24,长沙市,第5期还款 32163 元,,
C033096,2026-02-08 18:07:21,repay,DE0473BAEE10F,61.135.24,长沙市,第6期还款 32163 元,,
C033107,2025-11-08 17:11:21,register,D81CB370FD141,211.138.9,武汉市,注册账户，设备年龄66天,,
C033107,2025-11-12 18:11:21,login,D81CB370FD141,211.138.9,武汉市,登录（第1次）,,
C033107,2025-11-13 19:11:21,login,D81CB370FD141,211.138.9,武汉市,登录（第2次）,,
C033107,2025-11-15 02:11:21,login,D81CB370FD141,211.138.9,武汉市,登录（第3次）,,
C033107,2025-11-15 06:11:21,browse,D81CB370FD141,211.138.9,武汉市,浏览贷款产品页/额度试算,,
C033107,2025-11-15 07:11:21,browse,D81CB370FD141,211.138.9,武汉市,浏览贷款产品页/额度试算,,
C033107,2025-11-15 09:11:21,browse,D81CB370FD141,211.138.9,武汉市,浏览贷款产品页/额度试算,,
C033107,2025-11-15 12:11:21,browse,D81CB370FD141,211.138.9,武汉市,浏览贷款产品页/额度试算,,
C033107,2025-11-15 17:11:21,browse,D81CB370FD141,211.138.9,武汉市,浏览贷款产品页/额度试算,,
C033107,2025-11-15 22:11:21,browse,D81CB370FD141,211.138.9,武汉市,浏览贷款产品页/额度试算,,
C033107,2025-11-15 23:11:21,browse,D81CB370FD141,211.138.9,武汉市,浏览贷款产品页/额度试算,,
C033107,2025-12-04 17:11:21,profile_fill,D81CB370FD141,211.138.9,武汉市,填写申请资料，耗时457秒,,
C033107,2025-12-04 17:12:21,apply,D81CB370FD141,211.138.9,武汉市,提交贷款申请 loan_amount=20841,,
C033107,2025-12-05 00:11:21,approve,D81CB370FD141,211.138.9,武汉市,审批通过,,
C033107,2025-12-06 17:11:21,disburse,D81CB370FD141,211.138.9,武汉市,放款 20841 元,,
C033107,2025-12-12 17:11:21,cashout,D81CB370FD141,211.138.9,武汉市,消费/取现 5977 元,,
C033107,2026-01-05 17:11:21,repay,D81CB370FD141,211.138.9,武汉市,第1期还款 1737 元,,
C033107,2026-02-04 17:11:21,repay,D81CB370FD141,211.138.9,武汉市,第2期还款 1737 元,,
C033107,2026-03-06 17:11:21,repay,D81CB370FD141,211.138.9,武汉市,第3期还款 1737 元,,
C033107,2026-04-05 17:11:21,repay,D81CB370FD141,211.138.9,武汉市,第4期还款 1737 元,,
C033107,2026-05-05 17:11:21,repay,D81CB370FD141,211.138.9,武汉市,第5期还款 1737 元,,
C035761,2026-02-26 11:33:21,register,D6CD2CF8BE523,223.104.140,上海市,注册账户，设备年龄234天,,
C035761,2026-02-27 15:33:21,login,D6CD2CF8BE523,223.104.140,上海市,登录（第1次）,,
C035761,2026-02-28 18:33:21,login,D6CD2CF8BE523,223.104.140,上海市,登录（第2次）,,
C035761,2026-02-28 23:33:21,browse,D6CD2CF8BE523,223.104.140,上海市,浏览贷款产品页/额度试算,,
C035761,2026-03-01 03:33:21,browse,D6CD2CF8BE523,223.104.140,上海市,浏览贷款产品页/额度试算,,
C035761,2026-03-01 05:33:21,browse,D6CD2CF8BE523,223.104.140,上海市,浏览贷款产品页/额度试算,,
C035761,2026-03-01 08:33:21,browse,D6CD2CF8BE523,223.104.140,上海市,浏览贷款产品页/额度试算,,
C035761,2026-03-01 13:33:21,browse,D6CD2CF8BE523,223.104.140,上海市,浏览贷款产品页/额度试算,,
C035761,2026-03-01 14:33:21,browse,D6CD2CF8BE523,223.104.140,上海市,浏览贷款产品页/额度试算,,
C035761,2026-03-01 18:33:21,browse,D6CD2CF8BE523,223.104.140,上海市,浏览贷款产品页/额度试算,,
C035761,2026-03-20 11:33:21,profile_fill,D6CD2CF8BE523,223.104.140,上海市,填写申请资料，耗时367秒,,
C035761,2026-03-20 11:34:21,apply,D6CD2CF8BE523,223.104.140,上海市,提交贷款申请 loan_amount=4975,,
C035761,2026-03-20 16:33:21,approve,D6CD2CF8BE523,223.104.140,上海市,审批通过,,
C035761,2026-03-22 11:33:21,disburse,D6CD2CF8BE523,223.104.140,上海市,放款 4975 元,,
C035761,2026-03-27 11:33:21,cashout,D6CD2CF8BE523,223.104.140,上海市,消费/取现 1122 元,,
C035761,2026-04-21 11:33:21,repay,D6CD2CF8BE523,223.104.140,上海市,第1期还款 415 元,,
C035761,2026-05-21 11:33:21,repay,D6CD2CF8BE523,223.104.140,上海市,第2期还款 415 元,,
C035761,2026-06-20 11:33:21,repay,D6CD2CF8BE523,223.104.140,上海市,第3期还款 415 元,,
C036088,2026-06-09 08:42:21,register,DF10C542721D0,119.32.171,武汉市,注册账户，设备年龄178天,,
C036088,2026-06-11 09:42:21,login,DF10C542721D0,119.32.171,武汉市,登录（第1次）,,
C036088,2026-06-14 13:42:21,login,DF10C542721D0,119.32.171,武汉市,登录（第2次）,,
C036088,2026-06-14 18:42:21,login,DF10C542721D0,119.32.171,武汉市,登录（第3次）,,
C036088,2026-06-14 21:42:21,browse,DF10C542721D0,119.32.171,武汉市,浏览贷款产品页/额度试算,,
C036088,2026-06-14 23:42:21,browse,DF10C542721D0,119.32.171,武汉市,浏览贷款产品页/额度试算,,
C036088,2026-06-15 01:42:21,browse,DF10C542721D0,119.32.171,武汉市,浏览贷款产品页/额度试算,,
C036088,2026-06-15 04:42:21,browse,DF10C542721D0,119.32.171,武汉市,浏览贷款产品页/额度试算,,
C036088,2026-07-04 08:42:21,profile_fill,DF10C542721D0,119.32.171,武汉市,填写申请资料，耗时829秒,,
C036088,2026-07-04 08:43:21,apply,DF10C542721D0,119.32.171,武汉市,提交贷款申请 loan_amount=91149,,
C036088,2026-07-05 06:42:21,approve,DF10C542721D0,119.32.171,武汉市,审批通过,,
C036088,2026-07-06 08:42:21,disburse,DF10C542721D0,119.32.171,武汉市,放款 91149 元,,
C036088,2026-07-26 08:42:21,cashout,DF10C542721D0,119.32.171,武汉市,消费/取现 24320 元,,
C036088,2026-08-05 08:42:21,repay,DF10C542721D0,119.32.171,武汉市,第1期还款 7596 元,,
C036088,2026-09-04 08:42:21,repay,DF10C542721D0,119.32.171,武汉市,第2期还款 7596 元,,
C036088,2026-10-04 08:42:21,repay,DF10C542721D0,119.32.171,武汉市,第3期还款 7596 元,,
C036088,2026-11-03 08:42:21,repay,DF10C542721D0,119.32.171,武汉市,第4期还款 7596 元,,
C036088,2026-12-03 08:42:21,repay,DF10C542721D0,119.32.171,武汉市,第5期还款 7596 元,,
C036088,2027-01-02 08:42:21,repay,DF10C542721D0,119.32.171,武汉市,第6期还款 7596 元,,
C037164,2026-01-21 19:33:21,register,D011461DFABFE,120.204.49,厦门市,注册账户，设备年龄213天,,
C037164,2026-01-25 21:33:21,login,D011461DFABFE,120.204.49,厦门市,登录（第1次）,,
C037164,2026-01-27 19:33:21,profile_fill,D011461DFABFE,120.204.49,厦门市,填写申请资料，耗时620秒,,
C037164,2026-01-27 19:34:21,apply,D011461DFABFE,120.204.49,厦门市,提交贷款申请 loan_amount=2417,,
C037164,2026-01-28 03:33:21,login,D011461DFABFE,120.204.49,厦门市,登录（第2次）,,
C037164,2026-01-28 04:33:21,browse,D011461DFABFE,120.204.49,厦门市,浏览贷款产品页/额度试算,,
C037164,2026-01-28 05:33:21,browse,D011461DFABFE,120.204.49,厦门市,浏览贷款产品页/额度试算,,
C037164,2026-01-28 06:33:21,approve,D011461DFABFE,120.204.49,厦门市,审批通过,,
C037164,2026-01-28 10:33:21,browse,D011461DFABFE,120.204.49,厦门市,浏览贷款产品页/额度试算,,
C037164,2026-01-28 13:33:21,browse,D011461DFABFE,120.204.49,厦门市,浏览贷款产品页/额度试算,,
C037164,2026-01-28 19:33:21,disburse,D011461DFABFE,120.204.49,厦门市,放款 2417 元,,
C037164,2026-02-16 19:33:21,cashout,D011461DFABFE,120.204.49,厦门市,消费/取现 403 元,,
C037164,2026-02-27 19:33:21,repay,D011461DFABFE,120.204.49,厦门市,第1期还款 201 元,,
C037164,2026-03-29 19:33:21,repay,D011461DFABFE,120.204.49,厦门市,第2期还款 201 元,,
C037164,2026-04-28 19:33:21,repay,D011461DFABFE,120.204.49,厦门市,第3期还款 201 元,,
C037548,2026-07-02 19:54:21,register,DE0134C26D531,218.26.218,深圳市,注册账户，设备年龄309天,,
C037548,2026-07-07 00:54:21,login,DE0134C26D531,218.26.218,深圳市,登录（第1次）,,
C037548,2026-07-10 06:54:21,login,DE0134C26D531,218.26.218,深圳市,登录（第2次）,,
C037548,2026-07-10 08:54:21,login,DE0134C26D531,218.26.218,深圳市,登录（第3次）,,
C037548,2026-07-10 13:54:21,browse,DE0134C26D531,218.26.218,深圳市,浏览贷款产品页/额度试算,,
C037548,2026-07-10 15:54:21,browse,DE0134C26D531,218.26.218,深圳市,浏览贷款产品页/额度试算,,
C037548,2026-07-10 16:54:21,browse,DE0134C26D531,218.26.218,深圳市,浏览贷款产品页/额度试算,,
C037548,2026-07-10 19:54:21,browse,DE0134C26D531,218.26.218,深圳市,浏览贷款产品页/额度试算,,
C037548,2026-07-10 22:54:21,browse,DE0134C26D531,218.26.218,深圳市,浏览贷款产品页/额度试算,,
C037548,2026-07-10 23:54:21,browse,DE0134C26D531,218.26.218,深圳市,浏览贷款产品页/额度试算,,
C037548,2026-07-11 04:54:21,browse,DE0134C26D531,218.26.218,深圳市,浏览贷款产品页/额度试算,,
C037548,2026-07-28 19:54:21,profile_fill,DE0134C26D531,218.26.218,深圳市,填写申请资料，耗时194秒,,
C037548,2026-07-28 19:55:21,apply,DE0134C26D531,218.26.218,深圳市,提交贷款申请 loan_amount=1681,,
C037548,2026-07-29 05:54:21,approve,DE0134C26D531,218.26.218,深圳市,审批通过,,
C037548,2026-07-30 19:54:21,disburse,DE0134C26D531,218.26.218,深圳市,放款 1681 元,,
C037548,2026-08-03 19:54:21,cashout,DE0134C26D531,218.26.218,深圳市,消费/取现 487 元,,
C037548,2026-08-29 19:54:21,repay,DE0134C26D531,218.26.218,深圳市,第1期还款 140 元,,
C037548,2026-09-28 19:54:21,repay,DE0134C26D531,218.26.218,深圳市,第2期还款 140 元,,
C037548,2026-10-28 19:54:21,repay,DE0134C26D531,218.26.218,深圳市,第3期还款 140 元,,
C037548,2026-11-27 19:54:21,repay,DE0134C26D531,218.26.218,深圳市,第4期还款 140 元,,
C037561,2026-04-01 11:14:21,register,D2A264DF638E4,115.47.151,广州市,注册账户，设备年龄292天,,
C037561,2026-04-03 12:14:21,login,D2A264DF638E4,115.47.151,广州市,登录（第1次）,,
C037561,2026-04-06 16:14:21,login,D2A264DF638E4,115.47.151,广州市,登录（第2次）,,
C037561,2026-04-06 17:14:21,browse,D2A264DF638E4,115.47.151,广州市,浏览贷款产品页/额度试算,,
C037561,2026-04-06 22:14:21,browse,D2A264DF638E4,115.47.151,广州市,浏览贷款产品页/额度试算,,
C037561,2026-04-14 11:14:21,profile_fill,D2A264DF638E4,115.47.151,广州市,填写申请资料，耗时322秒,,
C037561,2026-04-14 11:15:21,apply,D2A264DF638E4,115.47.151,广州市,提交贷款申请 loan_amount=40233,,
C037561,2026-04-15 01:14:21,approve,D2A264DF638E4,115.47.151,广州市,审批通过,,
C037561,2026-04-15 11:14:21,disburse,D2A264DF638E4,115.47.151,广州市,放款 40233 元,,
C037561,2026-04-26 11:14:21,cashout,D2A264DF638E4,115.47.151,广州市,消费/取现 10606 元,,
C037561,2026-05-15 11:14:21,repay,D2A264DF638E4,115.47.151,广州市,第1期还款 3353 元,,
C037561,2026-06-14 11:14:21,repay,D2A264DF638E4,115.47.151,广州市,第2期还款 3353 元,,
C037561,2026-07-14 11:14:21,repay,D2A264DF638E4,115.47.151,广州市,第3期还款 3353 元,,
C037591,2026-05-16 21:54:21,register,D75BBCC17BCF0,211.138.177,青岛市,注册账户，设备年龄252天,,
C037591,2026-05-18 00:54:21,login,D75BBCC17BCF0,211.138.177,青岛市,登录（第1次）,,
C037591,2026-05-18 01:54:21,browse,D75BBCC17BCF0,211.138.177,青岛市,浏览贷款产品页/额度试算,,
C037591,2026-05-18 06:54:21,browse,D75BBCC17BCF0,211.138.177,青岛市,浏览贷款产品页/额度试算,,
C037591,2026-05-18 10:54:21,browse,D75BBCC17BCF0,211.138.177,青岛市,浏览贷款产品页/额度试算,,
C037591,2026-05-18 14:54:21,browse,D75BBCC17BCF0,211.138.177,青岛市,浏览贷款产品页/额度试算,,
C037591,2026-05-18 15:54:21,browse,D75BBCC17BCF0,211.138.177,青岛市,浏览贷款产品页/额度试算,,
C037591,2026-05-18 18:54:21,browse,D75BBCC17BCF0,211.138.177,青岛市,浏览贷款产品页/额度试算,,
C037591,2026-05-18 21:54:21,browse,D75BBCC17BCF0,211.138.177,青岛市,浏览贷款产品页/额度试算,,
C037591,2026-06-28 21:54:21,profile_fill,D75BBCC17BCF0,211.138.177,青岛市,填写申请资料，耗时169秒,,
C037591,2026-06-28 21:55:21,apply,D75BBCC17BCF0,211.138.177,青岛市,提交贷款申请 loan_amount=441562,,
C037591,2026-06-29 11:54:21,approve,D75BBCC17BCF0,211.138.177,青岛市,审批通过,,
C037591,2026-06-30 21:54:21,disburse,D75BBCC17BCF0,211.138.177,青岛市,放款 441562 元,,
C037591,2026-07-21 21:54:21,cashout,D75BBCC17BCF0,211.138.177,青岛市,消费/取现 93120 元,,
C037591,2026-07-30 21:54:21,repay,D75BBCC17BCF0,211.138.177,青岛市,第1期还款 36797 元,,
C037591,2026-08-29 21:54:21,repay,D75BBCC17BCF0,211.138.177,青岛市,第2期还款 36797 元,,
C037591,2026-09-28 21:54:21,repay,D75BBCC17BCF0,211.138.177,青岛市,第3期还款 36797 元,,
C039093,2026-05-18 16:21:21,register,DD2425C9859E4,223.104.160,昆明市,注册账户，设备年龄103天,,
C039093,2026-05-19 22:21:21,login,DD2425C9859E4,223.104.160,昆明市,登录（第1次）,,
C039093,2026-05-20 01:21:21,login,DD2425C9859E4,223.104.160,昆明市,登录（第2次）,,
C039093,2026-05-21 16:21:21,profile_fill,DD2425C9859E4,223.104.160,昆明市,填写申请资料，耗时849秒,,
C039093,2026-05-21 16:22:21,apply,DD2425C9859E4,223.104.160,昆明市,提交贷款申请 loan_amount=80640,,
C039093,2026-05-21 18:21:21,approve,DD2425C9859E4,223.104.160,昆明市,审批通过,,
C039093,2026-05-23 05:21:21,login,DD2425C9859E4,223.104.160,昆明市,登录（第3次）,,
C039093,2026-05-23 08:21:21,browse,DD2425C9859E4,223.104.160,昆明市,浏览贷款产品页/额度试算,,
C039093,2026-05-23 10:21:21,browse,DD2425C9859E4,223.104.160,昆明市,浏览贷款产品页/额度试算,,
C039093,2026-05-23 11:21:21,browse,DD2425C9859E4,223.104.160,昆明市,浏览贷款产品页/额度试算,,
C039093,2026-05-23 16:21:21,disburse,DD2425C9859E4,223.104.160,昆明市,放款 80640 元,,
C039093,2026-06-17 16:21:21,cashout,DD2425C9859E4,223.104.160,昆明市,消费/取现 21508 元,,
C039093,2026-06-22 16:21:21,repay,DD2425C9859E4,223.104.160,昆明市,第1期还款 6720 元,,
C039093,2026-07-22 16:21:21,repay,DD2425C9859E4,223.104.160,昆明市,第2期还款 6720 元,,
C039093,2026-08-21 16:21:21,repay,DD2425C9859E4,223.104.160,昆明市,第3期还款 6720 元,,
C039608,2026-05-20 22:47:21,register,DC71358756444,61.135.215,北京市,注册账户，设备年龄294天,,
C039608,2026-05-21 22:47:21,profile_fill,DC71358756444,61.135.215,北京市,填写申请资料，耗时456秒,,
C039608,2026-05-21 22:48:21,apply,DC71358756444,61.135.215,北京市,提交贷款申请 loan_amount=1722,,
C039608,2026-05-22 09:47:21,approve,DC71358756444,61.135.215,北京市,审批通过,,
C039608,2026-05-22 22:47:21,disburse,DC71358756444,61.135.215,北京市,放款 1722 元,,
C039608,2026-05-23 02:47:21,login,DC71358756444,61.135.215,北京市,登录（第1次）,,
C039608,2026-05-26 03:47:21,login,DC71358756444,61.135.215,北京市,登录（第2次）,,
C039608,2026-05-26 04:47:21,browse,DC71358756444,61.135.215,北京市,浏览贷款产品页/额度试算,,
C039608,2026-05-26 08:47:21,browse,DC71358756444,61.135.215,北京市,浏览贷款产品页/额度试算,,
C039608,2026-05-26 09:47:21,browse,DC71358756444,61.135.215,北京市,浏览贷款产品页/额度试算,,
C039608,2026-05-26 14:47:21,browse,DC71358756444,61.135.215,北京市,浏览贷款产品页/额度试算,,
C039608,2026-05-26 18:47:21,browse,DC71358756444,61.135.215,北京市,浏览贷款产品页/额度试算,,
C039608,2026-05-26 22:47:21,browse,DC71358756444,61.135.215,北京市,浏览贷款产品页/额度试算,,
C039608,2026-05-27 02:47:21,browse,DC71358756444,61.135.215,北京市,浏览贷款产品页/额度试算,,
C039608,2026-05-28 22:47:21,cashout,DC71358756444,61.135.215,北京市,消费/取现 439 元,,
C039608,2026-06-21 22:47:21,repay,DC71358756444,61.135.215,北京市,第1期还款 144 元,,
C039608,2026-07-21 22:47:21,repay,DC71358756444,61.135.215,北京市,第2期还款 144 元,,
C039608,2026-08-20 22:47:21,repay,DC71358756444,61.135.215,北京市,第3期还款 144 元,,
C039608,2026-09-19 22:47:21,repay,DC71358756444,61.135.215,北京市,第4期还款 144 元,,
C044702,2026-07-03 15:34:21,register,DFCE87B041565,113.54.99,天津市,注册账户，设备年龄236天,,
C044702,2026-07-05 19:34:21,login,DFCE87B041565,113.54.99,天津市,登录（第1次）,,
C044702,2026-07-05 21:34:21,browse,DFCE87B041565,113.54.99,天津市,浏览贷款产品页/额度试算,,
C044702,2026-07-06 00:34:21,browse,DFCE87B041565,113.54.99,天津市,浏览贷款产品页/额度试算,,
C044702,2026-07-06 01:34:21,browse,DFCE87B041565,113.54.99,天津市,浏览贷款产品页/额度试算,,
C044702,2026-07-06 02:34:21,browse,DFCE87B041565,113.54.99,天津市,浏览贷款产品页/额度试算,,
C044702,2026-07-27 15:34:21,profile_fill,DFCE87B041565,113.54.99,天津市,填写申请资料，耗时705秒,,
C044702,2026-07-27 15:35:21,apply,DFCE87B041565,113.54.99,天津市,提交贷款申请 loan_amount=299108,,
C044702,2026-07-27 23:34:21,approve,DFCE87B041565,113.54.99,天津市,审批通过,,
C044702,2026-07-28 15:34:21,disburse,DFCE87B041565,113.54.99,天津市,放款 299108 元,,
C044702,2026-07-31 15:34:21,transfer,DFCE87B041565,113.54.99,天津市,转账 209376 元至收款账户（资金汇聚）,C044702,MULEfiA5BC853404
C044702,2026-08-02 02:34:21,cashout,DFCE87B041565,113.54.99,天津市,取现/转账 48175 元（拆第1笔）,,
C044702,2026-08-02 03:14:21,cashout,DFCE87B041565,113.54.99,天津市,取现/转账 48175 元（拆第2笔）,,
C044702,2026-08-02 03:34:21,cashout,DFCE87B041565,113.54.99,天津市,取现/转账 48175 元（拆第3笔）,,
C044702,2026-08-02 05:40:21,cashout,DFCE87B041565,113.54.99,天津市,取现/转账 48175 元（拆第4笔）,,
C044702,2026-08-02 06:06:21,cashout,DFCE87B041565,113.54.99,天津市,取现/转账 48175 元（拆第5笔）,,
C044702,2026-08-18 15:34:21,default,DFCE87B041565,113.54.99,天津市,逾期违约,,
C045457,2026-01-28 16:35:21,register,D82D5061B537C,61.135.102,哈尔滨市,注册账户，设备年龄334天,,
C045457,2026-01-30 21:35:21,login,D82D5061B537C,61.135.102,哈尔滨市,登录（第1次）,,
C045457,2026-01-31 00:35:21,browse,D82D5061B537C,61.135.102,哈尔滨市,浏览贷款产品页/额度试算,,
C045457,2026-01-31 05:35:21,browse,D82D5061B537C,61.135.102,哈尔滨市,浏览贷款产品页/额度试算,,
C045457,2026-02-05 16:35:21,profile_fill,D82D5061B537C,61.135.102,哈尔滨市,填写申请资料，耗时399秒,,
C045457,2026-02-05 16:36:21,apply,D82D5061B537C,61.135.102,哈尔滨市,提交贷款申请 loan_amount=66717,,
C045457,2026-02-06 15:35:21,approve,D82D5061B537C,61.135.102,哈尔滨市,审批通过,,
C045457,2026-02-06 16:35:21,disburse,D82D5061B537C,61.135.102,哈尔滨市,放款 66717 元,,
C045457,2026-02-11 16:35:21,cashout,D82D5061B537C,61.135.102,哈尔滨市,消费/取现 11763 元,,
C045457,2026-03-08 16:35:21,repay,D82D5061B537C,61.135.102,哈尔滨市,第1期还款 5560 元,,
C045457,2026-04-07 16:35:21,repay,D82D5061B537C,61.135.102,哈尔滨市,第2期还款 5560 元,,
C045457,2026-05-07 16:35:21,repay,D82D5061B537C,61.135.102,哈尔滨市,第3期还款 5560 元,,
C045457,2026-06-06 16:35:21,repay,D82D5061B537C,61.135.102,哈尔滨市,第4期还款 5560 元,,
C045457,2026-07-06 16:35:21,repay,D82D5061B537C,61.135.102,哈尔滨市,第5期还款 5560 元,,
C045457,2026-08-05 16:35:21,repay,D82D5061B537C,61.135.102,哈尔滨市,第6期还款 5560 元,,
C045945,2026-03-29 23:17:21,register,DC6A330FAE7BD,211.138.86,重庆市,注册账户，设备年龄351天,,
C045945,2026-04-01 23:17:21,profile_fill,DC6A330FAE7BD,211.138.86,重庆市,填写申请资料，耗时742秒,,
C045945,2026-04-01 23:18:21,apply,DC6A330FAE7BD,211.138.86,重庆市,提交贷款申请 loan_amount=24022,,
C045945,2026-04-02 20:17:21,approve,DC6A330FAE7BD,211.138.86,重庆市,审批通过,,
C045945,2026-04-02 23:17:21,disburse,DC6A330FAE7BD,211.138.86,重庆市,放款 24022 元,,
C045945,2026-04-03 05:17:21,login,DC6A330FAE7BD,211.138.86,重庆市,登录（第1次）,,
C045945,2026-04-05 12:17:21,login,DC6A330FAE7BD,211.138.86,重庆市,登录（第2次）,,
C045945,2026-04-05 14:17:21,login,DC6A330FAE7BD,211.138.86,重庆市,登录（第3次）,,
C045945,2026-04-05 16:17:21,browse,DC6A330FAE7BD,211.138.86,重庆市,浏览贷款产品页/额度试算,,
C045945,2026-04-05 20:17:21,browse,DC6A330FAE7BD,211.138.86,重庆市,浏览贷款产品页/额度试算,,
C045945,2026-04-16 23:17:21,cashout,DC6A330FAE7BD,211.138.86,重庆市,消费/取现 6996 元,,
C045945,2026-05-02 23:17:21,repay,DC6A330FAE7BD,211.138.86,重庆市,第1期还款 2002 元,,
C045945,2026-06-01 23:17:21,repay,DC6A330FAE7BD,211.138.86,重庆市,第2期还款 2002 元,,
C045945,2026-07-01 23:17:21,repay,DC6A330FAE7BD,211.138.86,重庆市,第3期还款 2002 元,,
C045945,2026-07-31 23:17:21,repay,DC6A330FAE7BD,211.138.86,重庆市,第4期还款 2002 元,,
C045945,2026-08-30 23:17:21,repay,DC6A330FAE7BD,211.138.86,重庆市,第5期还款 2002 元,,
C045945,2026-09-29 23:17:21,repay,DC6A330FAE7BD,211.138.86,重庆市,第6期还款 2002 元,,
C046444,2025-08-23 09:26:21,register,DF1B286A70E1B,113.54.173,哈尔滨市,注册账户，设备年龄308天,,
C046444,2025-08-24 10:26:21,login,DF1B286A70E1B,113.54.173,哈尔滨市,登录（第1次）,,
C046444,2025-08-27 17:26:21,login,DF1B286A70E1B,113.54.173,哈尔滨市,登录（第2次）,,
C046444,2025-08-27 18:26:21,browse,DF1B286A70E1B,113.54.173,哈尔滨市,浏览贷款产品页/额度试算,,
C046444,2025-08-27 22:26:21,browse,DF1B286A70E1B,113.54.173,哈尔滨市,浏览贷款产品页/额度试算,,
C046444,2025-08-28 01:26:21,browse,DF1B286A70E1B,113.54.173,哈尔滨市,浏览贷款产品页/额度试算,,
C046444,2025-08-28 02:26:21,browse,DF1B286A70E1B,113.54.173,哈尔滨市,浏览贷款产品页/额度试算,,
C046444,2025-08-28 03:26:21,browse,DF1B286A70E1B,113.54.173,哈尔滨市,浏览贷款产品页/额度试算,,
C046444,2025-08-28 07:26:21,browse,DF1B286A70E1B,113.54.173,哈尔滨市,浏览贷款产品页/额度试算,,
C046444,2025-08-28 08:26:21,browse,DF1B286A70E1B,113.54.173,哈尔滨市,浏览贷款产品页/额度试算,,
C046444,2025-09-23 09:26:21,profile_fill,DF1B286A70E1B,113.54.173,哈尔滨市,填写申请资料，耗时138秒,,
C046444,2025-09-23 09:27:21,apply,DF1B286A70E1B,113.54.173,哈尔滨市,提交贷款申请 loan_amount=1262,,
C046444,2025-09-23 19:26:21,approve,DF1B286A70E1B,113.54.173,哈尔滨市,审批通过,,
C046444,2025-09-24 09:26:21,disburse,DF1B286A70E1B,113.54.173,哈尔滨市,放款 1262 元,,
C046444,2025-10-07 09:26:21,cashout,DF1B286A70E1B,113.54.173,哈尔滨市,消费/取现 142 元,,
C046444,2025-10-24 09:26:21,repay,DF1B286A70E1B,113.54.173,哈尔滨市,第1期还款 105 元,,
C046444,2025-11-23 09:26:21,repay,DF1B286A70E1B,113.54.173,哈尔滨市,第2期还款 105 元,,
C046444,2025-12-23 09:26:21,repay,DF1B286A70E1B,113.54.173,哈尔滨市,第3期还款 105 元,,
C046444,2026-01-22 09:26:21,repay,DF1B286A70E1B,113.54.173,哈尔滨市,第4期还款 105 元,,
C046444,2026-02-21 09:26:21,repay,DF1B286A70E1B,113.54.173,哈尔滨市,第5期还款 105 元,,
C046444,2026-03-23 09:26:21,repay,DF1B286A70E1B,113.54.173,哈尔滨市,第6期还款 105 元,,
C047970,2025-12-08 19:30:21,register,D0C15FD9CB423,171.106.103,郑州市,注册账户，设备年龄325天,,
C047970,2025-12-09 22:30:21,login,D0C15FD9CB423,171.106.103,郑州市,登录（第1次）,,
C047970,2025-12-11 03:30:21,login,D0C15FD9CB423,171.106.103,郑州市,登录（第2次）,,
C047970,2025-12-14 06:30:21,login,D0C15FD9CB423,171.106.103,郑州市,登录（第3次）,,
C047970,2025-12-14 11:30:21,browse,D0C15FD9CB423,171.106.103,郑州市,浏览贷款产品页/额度试算,,
C047970,2025-12-14 16:30:21,browse,D0C15FD9CB423,171.106.103,郑州市,浏览贷款产品页/额度试算,,
C047970,2025-12-14 19:30:21,browse,D0C15FD9CB423,171.106.103,郑州市,浏览贷款产品页/额度试算,,
C047970,2025-12-14 22:30:21,browse,D0C15FD9CB423,171.106.103,郑州市,浏览贷款产品页/额度试算,,
C047970,2025-12-15 01:30:21,browse,D0C15FD9CB423,171.106.103,郑州市,浏览贷款产品页/额度试算,,
C047970,2025-12-15 06:30:21,browse,D0C15FD9CB423,171.106.103,郑州市,浏览贷款产品页/额度试算,,
C047970,2025-12-15 08:30:21,browse,D0C15FD9CB423,171.106.103,郑州市,浏览贷款产品页/额度试算,,
C047970,2025-12-23 19:30:21,profile_fill,D0C15FD9CB423,171.106.103,郑州市,填写申请资料，耗时809秒,,
C047970,2025-12-23 19:31:21,apply,D0C15FD9CB423,171.106.103,郑州市,提交贷款申请 loan_amount=91333,,
C047970,2025-12-24 00:30:21,approve,D0C15FD9CB423,171.106.103,郑州市,审批通过,,
C047970,2025-12-25 19:30:21,disburse,D0C15FD9CB423,171.106.103,郑州市,放款 91333 元,,
C047970,2026-01-11 19:30:21,cashout,D0C15FD9CB423,171.106.103,郑州市,消费/取现 17699 元,,
C047970,2026-01-24 19:30:21,repay,D0C15FD9CB423,171.106.103,郑州市,第1期还款 7611 元,,
C047970,2026-02-23 19:30:21,repay,D0C15FD9CB423,171.106.103,郑州市,第2期还款 7611 元,,
C047970,2026-03-25 19:30:21,repay,D0C15FD9CB423,171.106.103,郑州市,第3期还款 7611 元,,
C047970,2026-04-24 19:30:21,repay,D0C15FD9CB423,171.106.103,郑州市,第4期还款 7611 元,,
C048466,2026-03-20 20:28:21,register,DA85109F5297E,218.26.219,乌鲁木齐市,注册账户，设备年龄357天,,
C048466,2026-03-24 02:28:21,login,DA85109F5297E,218.26.219,乌鲁木齐市,登录（第1次）,,
C048466,2026-03-26 09:28:21,login,DA85109F5297E,218.26.219,乌鲁木齐市,登录（第2次）,,
C048466,2026-03-28 12:28:21,login,DA85109F5297E,218.26.219,乌鲁木齐市,登录（第3次）,,
C048466,2026-03-28 16:28:21,browse,DA85109F5297E,218.26.219,乌鲁木齐市,浏览贷款产品页/额度试算,,
C048466,2026-03-28 19:28:21,browse,DA85109F5297E,218.26.219,乌鲁木齐市,浏览贷款产品页/额度试算,,
C048466,2026-03-28 20:28:21,browse,DA85109F5297E,218.26.219,乌鲁木齐市,浏览贷款产品页/额度试算,,
C048466,2026-03-29 01:28:21,browse,DA85109F5297E,218.26.219,乌鲁木齐市,浏览贷款产品页/额度试算,,
C048466,2026-05-01 20:28:21,profile_fill,DA85109F5297E,218.26.219,乌鲁木齐市,填写申请资料，耗时862秒,,
C048466,2026-05-01 20:29:21,apply,DA85109F5297E,218.26.219,乌鲁木齐市,提交贷款申请 loan_amount=2060,,
C048466,2026-05-02 16:28:21,approve,DA85109F5297E,218.26.219,乌鲁木齐市,审批通过,,
C048466,2026-05-02 20:28:21,disburse,DA85109F5297E,218.26.219,乌鲁木齐市,放款 2060 元,,
C048466,2026-05-13 20:28:21,cashout,DA85109F5297E,218.26.219,乌鲁木齐市,消费/取现 385 元,,
C048466,2026-06-01 20:28:21,repay,DA85109F5297E,218.26.219,乌鲁木齐市,第1期还款 172 元,,
C048466,2026-07-01 20:28:21,repay,DA85109F5297E,218.26.219,乌鲁木齐市,第2期还款 172 元,,
C048466,2026-07-31 20:28:21,repay,DA85109F5297E,218.26.219,乌鲁木齐市,第3期还款 172 元,,
C048466,2026-08-30 20:28:21,repay,DA85109F5297E,218.26.219,乌鲁木齐市,第4期还款 172 元,,
C048823,2025-11-14 20:20:21,register,D072EF2CD6C12,113.54.148,西安市,注册账户，设备年龄223天,,
C048823,2025-11-19 02:20:21,login,D072EF2CD6C12,113.54.148,西安市,登录（第1次）,,
C048823,2025-11-19 03:20:21,browse,D072EF2CD6C12,113.54.148,西安市,浏览贷款产品页/额度试算,,
C048823,2025-11-19 06:20:21,browse,D072EF2CD6C12,113.54.148,西安市,浏览贷款产品页/额度试算,,
C048823,2025-11-19 09:20:21,browse,D072EF2CD6C12,113.54.148,西安市,浏览贷款产品页/额度试算,,
C048823,2025-11-19 12:20:21,browse,D072EF2CD6C12,113.54.148,西安市,浏览贷款产品页/额度试算,,
C048823,2025-11-19 15:20:21,browse,D072EF2CD6C12,113.54.148,西安市,浏览贷款产品页/额度试算,,
C048823,2025-12-05 20:20:21,profile_fill,D072EF2CD6C12,113.54.148,西安市,填写申请资料，耗时705秒,,
C048823,2025-12-05 20:21:21,apply,D072EF2CD6C12,113.54.148,西安市,提交贷款申请 loan_amount=10289,,
C048823,2025-12-06 19:20:21,approve,D072EF2CD6C12,113.54.148,西安市,审批通过,,
C048823,2025-12-07 20:20:21,disburse,D072EF2CD6C12,113.54.148,西安市,放款 10289 元,,
C048823,2025-12-21 20:20:21,cashout,D072EF2CD6C12,113.54.148,西安市,消费/取现 1341 元,,
C048823,2026-01-06 20:20:21,repay,D072EF2CD6C12,113.54.148,西安市,第1期还款 857 元,,
C048823,2026-02-05 20:20:21,repay,D072EF2CD6C12,113.54.148,西安市,第2期还款 857 元,,
C048823,2026-03-07 20:20:21,repay,D072EF2CD6C12,113.54.148,西安市,第3期还款 857 元,,
C048823,2026-04-06 20:20:21,repay,D072EF2CD6C12,113.54.148,西安市,第4期还款 857 元,,
C048823,2026-05-06 20:20:21,repay,D072EF2CD6C12,113.54.148,西安市,第5期还款 857 元,,
C049254,2026-02-02 21:01:21,register,D4984D1BF4F68,218.26.135,合肥市,注册账户，设备年龄133天,,
C049254,2026-02-05 02:01:21,login,D4984D1BF4F68,218.26.135,合肥市,登录（第1次）,,
C049254,2026-02-05 05:01:21,browse,D4984D1BF4F68,218.26.135,合肥市,浏览贷款产品页/额度试算,,
C049254,2026-02-05 10:01:21,browse,D4984D1BF4F68,218.26.135,合肥市,浏览贷款产品页/额度试算,,
C049254,2026-02-05 12:01:21,browse,D4984D1BF4F68,218.26.135,合肥市,浏览贷款产品页/额度试算,,
C049254,2026-02-05 14:01:21,browse,D4984D1BF4F68,218.26.135,合肥市,浏览贷款产品页/额度试算,,
C049254,2026-02-05 17:01:21,browse,D4984D1BF4F68,218.26.135,合肥市,浏览贷款产品页/额度试算,,
C049254,2026-02-15 21:01:21,profile_fill,D4984D1BF4F68,218.26.135,合肥市,填写申请资料，耗时450秒,,
C049254,2026-02-15 21:02:21,apply,D4984D1BF4F68,218.26.135,合肥市,提交贷款申请 loan_amount=1387,,
C049254,2026-02-16 03:01:21,approve,D4984D1BF4F68,218.26.135,合肥市,审批通过,,
C049254,2026-02-17 21:01:21,disburse,D4984D1BF4F68,218.26.135,合肥市,放款 1387 元,,
C049254,2026-03-06 21:01:21,cashout,D4984D1BF4F68,218.26.135,合肥市,消费/取现 316 元,,
C049254,2026-03-19 21:01:21,repay,D4984D1BF4F68,218.26.135,合肥市,第1期还款 116 元,,
C049254,2026-04-18 21:01:21,repay,D4984D1BF4F68,218.26.135,合肥市,第2期还款 116 元,,
C049254,2026-05-18 21:01:21,repay,D4984D1BF4F68,218.26.135,合肥市,第3期还款 116 元,,
C049972,2025-10-15 11:58:21,register,D9577C836F548,223.104.59,哈尔滨市,注册账户，设备年龄97天,,
C049972,2025-10-19 16:58:21,login,D9577C836F548,223.104.59,哈尔滨市,登录（第1次）,,
C049972,2025-10-19 18:58:21,browse,D9577C836F548,223.104.59,哈尔滨市,浏览贷款产品页/额度试算,,
C049972,2025-10-19 19:58:21,browse,D9577C836F548,223.104.59,哈尔滨市,浏览贷款产品页/额度试算,,
C049972,2025-10-19 23:58:21,browse,D9577C836F548,223.104.59,哈尔滨市,浏览贷款产品页/额度试算,,
C049972,2025-10-20 01:58:21,browse,D9577C836F548,223.104.59,哈尔滨市,浏览贷款产品页/额度试算,,
C049972,2025-10-20 04:58:21,browse,D9577C836F548,223.104.59,哈尔滨市,浏览贷款产品页/额度试算,,
C049972,2025-10-20 09:58:21,browse,D9577C836F548,223.104.59,哈尔滨市,浏览贷款产品页/额度试算,,
C049972,2025-11-03 11:58:21,profile_fill,D9577C836F548,223.104.59,哈尔滨市,填写申请资料，耗时786秒,,
C049972,2025-11-03 11:59:21,apply,D9577C836F548,223.104.59,哈尔滨市,提交贷款申请 loan_amount=226785,,
C049972,2025-11-03 21:58:21,approve,D9577C836F548,223.104.59,哈尔滨市,审批通过,,
C049972,2025-11-05 11:58:21,disburse,D9577C836F548,223.104.59,哈尔滨市,放款 226785 元,,
C049972,2025-11-06 11:58:21,cashout,D9577C836F548,223.104.59,哈尔滨市,消费/取现 38893 元,,
C049972,2025-12-05 11:58:21,repay,D9577C836F548,223.104.59,哈尔滨市,第1期还款 18899 元,,
C049972,2026-01-04 11:58:21,repay,D9577C836F548,223.104.59,哈尔滨市,第2期还款 18899 元,,
C049972,2026-02-03 11:58:21,repay,D9577C836F548,223.104.59,哈尔滨市,第3期还款 18899 元,,
C049972,2026-03-05 11:58:21,repay,D9577C836F548,223.104.59,哈尔滨市,第4期还款 18899 元,,
C049972,2026-04-04 11:58:21,repay,D9577C836F548,223.104.59,哈尔滨市,第5期还款 18899 元,,
C051095,2025-10-01 12:17:21,register,D7F85F36A592C,218.26.119,重庆市,注册账户，设备年龄96天,,
C051095,2025-10-02 14:17:21,login,D7F85F36A592C,218.26.119,重庆市,登录（第1次）,,
C051095,2025-10-02 18:17:21,browse,D7F85F36A592C,218.26.119,重庆市,浏览贷款产品页/额度试算,,
C051095,2025-10-02 19:17:21,browse,D7F85F36A592C,218.26.119,重庆市,浏览贷款产品页/额度试算,,
C051095,2025-10-02 20:17:21,browse,D7F85F36A592C,218.26.119,重庆市,浏览贷款产品页/额度试算,,
C051095,2025-10-29 12:17:21,profile_fill,D7F85F36A592C,218.26.119,重庆市,填写申请资料，耗时680秒,,
C051095,2025-10-29 12:18:21,apply,D7F85F36A592C,218.26.119,重庆市,提交贷款申请 loan_amount=53969,,
C051095,2025-10-29 15:17:21,approve,D7F85F36A592C,218.26.119,重庆市,审批通过,,
C051095,2025-10-30 12:17:21,disburse,D7F85F36A592C,218.26.119,重庆市,放款 53969 元,,
C051095,2025-11-11 12:17:21,cashout,D7F85F36A592C,218.26.119,重庆市,消费/取现 10950 元,,
C051095,2025-11-29 12:17:21,repay,D7F85F36A592C,218.26.119,重庆市,第1期还款 4497 元,,
C051095,2025-12-29 12:17:21,repay,D7F85F36A592C,218.26.119,重庆市,第2期还款 4497 元,,
C051095,2026-01-28 12:17:21,repay,D7F85F36A592C,218.26.119,重庆市,第3期还款 4497 元,,
C051095,2026-02-27 12:17:21,repay,D7F85F36A592C,218.26.119,重庆市,第4期还款 4497 元,,
C051282,2025-12-16 08:32:21,register,D4DC49B5E7099,119.32.101,上海市,注册账户，设备年龄274天,,
C051282,2025-12-19 14:32:21,login,D4DC49B5E7099,119.32.101,上海市,登录（第1次）,,
C051282,2025-12-19 15:32:21,browse,D4DC49B5E7099,119.32.101,上海市,浏览贷款产品页/额度试算,,
C051282,2025-12-19 18:32:21,browse,D4DC49B5E7099,119.32.101,上海市,浏览贷款产品页/额度试算,,
C051282,2025-12-19 21:32:21,browse,D4DC49B5E7099,119.32.101,上海市,浏览贷款产品页/额度试算,,
C051282,2025-12-20 01:32:21,browse,D4DC49B5E7099,119.32.101,上海市,浏览贷款产品页/额度试算,,
C051282,2026-01-29 08:32:21,profile_fill,D4DC49B5E7099,119.32.101,上海市,填写申请资料，耗时672秒,,
C051282,2026-01-29 08:33:21,apply,D4DC49B5E7099,119.32.101,上海市,提交贷款申请 loan_amount=21828,,
C051282,2026-01-29 16:32:21,approve,D4DC49B5E7099,119.32.101,上海市,审批通过,,
C051282,2026-01-30 08:32:21,disburse,D4DC49B5E7099,119.32.101,上海市,放款 21828 元,,
C051282,2026-02-05 08:32:21,cashout,D4DC49B5E7099,119.32.101,上海市,消费/取现 4340 元,,
C051282,2026-03-01 08:32:21,repay,D4DC49B5E7099,119.32.101,上海市,第1期还款 1819 元,,
C051282,2026-03-31 08:32:21,repay,D4DC49B5E7099,119.32.101,上海市,第2期还款 1819 元,,
C051282,2026-04-30 08:32:21,repay,D4DC49B5E7099,119.32.101,上海市,第3期还款 1819 元,,
C051308,2026-04-07 09:03:21,register,D4E8082A896B7,119.32.11,上海市,注册账户，设备年龄254天,,
C051308,2026-04-08 09:03:21,profile_fill,D4E8082A896B7,119.32.11,上海市,填写申请资料，耗时689秒,,
C051308,2026-04-08 09:04:21,apply,D4E8082A896B7,119.32.11,上海市,提交贷款申请 loan_amount=221569,,
C051308,2026-04-08 16:03:21,login,D4E8082A896B7,119.32.11,上海市,登录（第1次）,,
C051308,2026-04-08 18:03:21,approve,D4E8082A896B7,119.32.11,上海市,审批通过,,
C051308,2026-04-08 20:03:21,browse,D4E8082A896B7,119.32.11,上海市,浏览贷款产品页/额度试算,,
C051308,2026-04-08 22:03:21,browse,D4E8082A896B7,119.32.11,上海市,浏览贷款产品页/额度试算,,
C051308,2026-04-09 00:03:21,browse,D4E8082A896B7,119.32.11,上海市,浏览贷款产品页/额度试算,,
C051308,2026-04-09 05:03:21,browse,D4E8082A896B7,119.32.11,上海市,浏览贷款产品页/额度试算,,
C051308,2026-04-09 07:03:21,browse,D4E8082A896B7,119.32.11,上海市,浏览贷款产品页/额度试算,,
C051308,2026-04-10 09:03:21,disburse,D4E8082A896B7,119.32.11,上海市,放款 221569 元,,
C051308,2026-04-21 09:03:21,cashout,D4E8082A896B7,119.32.11,上海市,消费/取现 44350 元,,
C051308,2026-05-10 09:03:21,repay,D4E8082A896B7,119.32.11,上海市,第1期还款 18464 元,,
C051308,2026-06-09 09:03:21,repay,D4E8082A896B7,119.32.11,上海市,第2期还款 18464 元,,
C051308,2026-07-09 09:03:21,repay,D4E8082A896B7,119.32.11,上海市,第3期还款 18464 元,,
C051308,2026-08-08 09:03:21,repay,D4E8082A896B7,119.32.11,上海市,第4期还款 18464 元,,
C051308,2026-09-07 09:03:21,repay,D4E8082A896B7,119.32.11,上海市,第5期还款 18464 元,,
C051308,2026-10-07 09:03:21,repay,D4E8082A896B7,119.32.11,上海市,第6期还款 18464 元,,
C056600,2026-07-13 12:53:21,register,D8532A1C5BBD0,211.138.1,重庆市,注册账户，设备年龄383天,,
C056600,2026-07-14 13:53:21,login,D8532A1C5BBD0,211.138.1,重庆市,登录（第1次）,,
C056600,2026-07-14 16:53:21,browse,D8532A1C5BBD0,211.138.1,重庆市,浏览贷款产品页/额度试算,,
C056600,2026-07-14 20:53:21,browse,D8532A1C5BBD0,211.138.1,重庆市,浏览贷款产品页/额度试算,,
C056600,2026-08-11 12:53:21,profile_fill,D8532A1C5BBD0,211.138.1,重庆市,填写申请资料，耗时675秒,,
C056600,2026-08-11 12:54:21,apply,D8532A1C5BBD0,211.138.1,重庆市,提交贷款申请 loan_amount=3704,,
C056600,2026-08-11 22:53:21,approve,D8532A1C5BBD0,211.138.1,重庆市,审批通过,,
C056600,2026-08-12 12:53:21,disburse,D8532A1C5BBD0,211.138.1,重庆市,放款 3704 元,,
C056600,2026-08-13 12:53:21,transfer,D8532A1C5BBD0,211.138.1,重庆市,转账 2593 元至收款账户（资金汇聚）,C056600,MULEloC99ED9FFD6
C056600,2026-08-15 12:53:21,cashout,D8532A1C5BBD0,211.138.1,重庆市,取现/转账 851 元（拆第1笔）,,
C056600,2026-08-15 13:47:21,cashout,D8532A1C5BBD0,211.138.1,重庆市,取现/转账 851 元（拆第3笔）,,
C056600,2026-08-15 13:51:21,cashout,D8532A1C5BBD0,211.138.1,重庆市,取现/转账 851 元（拆第2笔）,,
C056600,2026-08-15 15:32:21,cashout,D8532A1C5BBD0,211.138.1,重庆市,取现/转账 851 元（拆第4笔）,,
C056600,2026-09-11 12:53:21,repay,D8532A1C5BBD0,211.138.1,重庆市,第1期还款（履约假象）,,
C056600,2026-10-11 12:53:21,repay,D8532A1C5BBD0,211.138.1,重庆市,第2期还款（履约假象）,,
C056600,2026-11-10 12:53:21,repay,D8532A1C5BBD0,211.138.1,重庆市,第3期还款（履约假象）,,
C056600,2026-12-10 12:53:21,default,D8532A1C5BBD0,211.138.1,重庆市,停止还款，失联,,
C056633,2026-06-22 09:29:21,register,D6E6636AFDD61,218.26.165,武汉市,注册账户，设备年龄204天,,
C056633,2026-06-24 12:29:21,login,D6E6636AFDD61,218.26.165,武汉市,登录（第1次）,,
C056633,2026-06-27 19:29:21,login,D6E6636AFDD61,218.26.165,武汉市,登录（第2次）,,
C056633,2026-06-30 00:29:21,login,D6E6636AFDD61,218.26.165,武汉市,登录（第3次）,,
C056633,2026-06-30 04:29:21,browse,D6E6636AFDD61,218.26.165,武汉市,浏览贷款产品页/额度试算,,
C056633,2026-06-30 06:29:21,browse,D6E6636AFDD61,218.26.165,武汉市,浏览贷款产品页/额度试算,,
C056633,2026-06-30 08:29:21,browse,D6E6636AFDD61,218.26.165,武汉市,浏览贷款产品页/额度试算,,
C056633,2026-07-23 09:29:21,profile_fill,D6E6636AFDD61,218.26.165,武汉市,填写申请资料，耗时792秒,,
C056633,2026-07-23 09:30:21,apply,D6E6636AFDD61,218.26.165,武汉市,提交贷款申请 loan_amount=2136,,
C056633,2026-07-23 13:29:21,approve,D6E6636AFDD61,218.26.165,武汉市,审批通过,,
C056633,2026-07-25 09:29:21,disburse,D6E6636AFDD61,218.26.165,武汉市,放款 2136 元,,
C056633,2026-08-13 09:29:21,cashout,D6E6636AFDD61,218.26.165,武汉市,消费/取现 215 元,,
C056633,2026-08-24 09:29:21,repay,D6E6636AFDD61,218.26.165,武汉市,第1期还款 178 元,,
C056633,2026-09-23 09:29:21,repay,D6E6636AFDD61,218.26.165,武汉市,第2期还款 178 元,,
C056633,2026-10-23 09:29:21,repay,D6E6636AFDD61,218.26.165,武汉市,第3期还款 178 元,,
C056633,2026-11-22 09:29:21,repay,D6E6636AFDD61,218.26.165,武汉市,第4期还款 178 元,,
C056633,2026-12-22 09:29:21,repay,D6E6636AFDD61,218.26.165,武汉市,第5期还款 178 元,,
C056633,2027-01-21 09:29:21,repay,D6E6636AFDD61,218.26.165,武汉市,第6期还款 178 元,,
C056957,2026-07-01 10:28:21,register,DB05ECE73B6F6,61.135.212,武汉市,注册账户，设备年龄99天,,
C056957,2026-07-05 16:28:21,login,DB05ECE73B6F6,61.135.212,武汉市,登录（第1次）,,
C056957,2026-07-05 21:28:21,browse,DB05ECE73B6F6,61.135.212,武汉市,浏览贷款产品页/额度试算,,
C056957,2026-07-06 02:28:21,browse,DB05ECE73B6F6,61.135.212,武汉市,浏览贷款产品页/额度试算,,
C056957,2026-07-06 03:28:21,browse,DB05ECE73B6F6,61.135.212,武汉市,浏览贷款产品页/额度试算,,
C056957,2026-07-06 07:28:21,browse,DB05ECE73B6F6,61.135.212,武汉市,浏览贷款产品页/额度试算,,
C056957,2026-07-06 09:28:21,browse,DB05ECE73B6F6,61.135.212,武汉市,浏览贷款产品页/额度试算,,
C056957,2026-07-06 10:28:21,browse,DB05ECE73B6F6,61.135.212,武汉市,浏览贷款产品页/额度试算,,
C056957,2026-07-06 12:28:21,browse,DB05ECE73B6F6,61.135.212,武汉市,浏览贷款产品页/额度试算,,
C056957,2026-07-07 10:28:21,profile_fill,DB05ECE73B6F6,61.135.212,武汉市,填写申请资料，耗时515秒,,
C056957,2026-07-07 10:29:21,apply,DB05ECE73B6F6,61.135.212,武汉市,提交贷款申请 loan_amount=7418,,
C056957,2026-07-07 22:28:21,approve,DB05ECE73B6F6,61.135.212,武汉市,审批通过,,
C056957,2026-07-08 10:28:21,disburse,DB05ECE73B6F6,61.135.212,武汉市,放款 7418 元,,
C056957,2026-07-23 10:28:21,cashout,DB05ECE73B6F6,61.135.212,武汉市,消费/取现 1156 元,,
C056957,2026-08-07 10:28:21,repay,DB05ECE73B6F6,61.135.212,武汉市,第1期还款 618 元,,
C056957,2026-09-06 10:28:21,repay,DB05ECE73B6F6,61.135.212,武汉市,第2期还款 618 元,,
C056957,2026-10-06 10:28:21,repay,DB05ECE73B6F6,61.135.212,武汉市,第3期还款 618 元,,
C057049,2025-12-12 13:50:21,register,DDB2B4C39EEF0,61.135.58,长沙市,注册账户，设备年龄87天,,
C057049,2025-12-16 14:50:21,login,DDB2B4C39EEF0,61.135.58,长沙市,登录（第1次）,,
C057049,2025-12-17 15:50:21,login,DDB2B4C39EEF0,61.135.58,长沙市,登录（第2次）,,
C057049,2025-12-17 20:50:21,browse,DDB2B4C39EEF0,61.135.58,长沙市,浏览贷款产品页/额度试算,,
C057049,2025-12-17 22:50:21,browse,DDB2B4C39EEF0,61.135.58,长沙市,浏览贷款产品页/额度试算,,
C057049,2025-12-25 13:50:21,profile_fill,DDB2B4C39EEF0,61.135.58,长沙市,填写申请资料，耗时523秒,,
C057049,2025-12-25 13:51:21,apply,DDB2B4C39EEF0,61.135.58,长沙市,提交贷款申请 loan_amount=1583,,
C057049,2025-12-26 03:50:21,approve,DDB2B4C39EEF0,61.135.58,长沙市,审批通过,,
C057049,2025-12-26 13:50:21,disburse,DDB2B4C39EEF0,61.135.58,长沙市,放款 1583 元,,
C057049,2026-01-21 13:50:21,cashout,DDB2B4C39EEF0,61.135.58,长沙市,消费/取现 358 元,,
C057049,2026-01-25 13:50:21,repay,DDB2B4C39EEF0,61.135.58,长沙市,第1期还款 132 元,,
C057049,2026-02-24 13:50:21,repay,DDB2B4C39EEF0,61.135.58,长沙市,第2期还款 132 元,,
C057049,2026-03-26 13:50:21,repay,DDB2B4C39EEF0,61.135.58,长沙市,第3期还款 132 元,,
C060637,2025-09-11 12:34:21,register,D2F0C6ECC4CFD,223.104.190,北京市,注册账户，设备年龄312天,,
C060637,2025-09-15 13:34:21,login,D2F0C6ECC4CFD,223.104.190,北京市,登录（第1次）,,
C060637,2025-09-15 15:34:21,browse,D2F0C6ECC4CFD,223.104.190,北京市,浏览贷款产品页/额度试算,,
C060637,2025-09-15 16:34:21,browse,D2F0C6ECC4CFD,223.104.190,北京市,浏览贷款产品页/额度试算,,
C060637,2025-09-15 18:34:21,browse,D2F0C6ECC4CFD,223.104.190,北京市,浏览贷款产品页/额度试算,,
C060637,2025-10-02 12:34:21,profile_fill,D2F0C6ECC4CFD,223.104.190,北京市,填写申请资料，耗时282秒,,
C060637,2025-10-02 12:35:21,apply,D2F0C6ECC4CFD,223.104.190,北京市,提交贷款申请 loan_amount=141791,,
C060637,2025-10-02 15:34:21,approve,D2F0C6ECC4CFD,223.104.190,北京市,审批通过,,
C060637,2025-10-04 12:34:21,disburse,D2F0C6ECC4CFD,223.104.190,北京市,放款 141791 元,,
C060637,2025-10-05 12:34:21,cashout,D2F0C6ECC4CFD,223.104.190,北京市,消费/取现 32710 元,,
C060637,2025-11-03 12:34:21,repay,D2F0C6ECC4CFD,223.104.190,北京市,第1期还款 11816 元,,
C060637,2025-12-03 12:34:21,repay,D2F0C6ECC4CFD,223.104.190,北京市,第2期还款 11816 元,,
C060637,2026-01-02 12:34:21,repay,D2F0C6ECC4CFD,223.104.190,北京市,第3期还款 11816 元,,
C060637,2026-02-01 12:34:21,repay,D2F0C6ECC4CFD,223.104.190,北京市,第4期还款 11816 元,,
C060637,2026-03-03 12:34:21,repay,D2F0C6ECC4CFD,223.104.190,北京市,第5期还款 11816 元,,
C060637,2026-04-02 12:34:21,repay,D2F0C6ECC4CFD,223.104.190,北京市,第6期还款 11816 元,,
C061197,2026-06-09 12:56:21,register,DC68B2C188753,39.144.18,苏州市,注册账户，设备年龄342天,,
C061197,2026-06-13 16:56:21,login,DC68B2C188753,39.144.18,苏州市,登录（第1次）,,
C061197,2026-06-14 21:56:21,login,DC68B2C188753,39.144.18,苏州市,登录（第2次）,,
C061197,2026-06-15 02:56:21,login,DC68B2C188753,39.144.18,苏州市,登录（第3次）,,
C061197,2026-06-15 03:56:21,browse,DC68B2C188753,39.144.18,苏州市,浏览贷款产品页/额度试算,,
C061197,2026-06-15 06:56:21,browse,DC68B2C188753,39.144.18,苏州市,浏览贷款产品页/额度试算,,
C061197,2026-06-15 08:56:21,browse,DC68B2C188753,39.144.18,苏州市,浏览贷款产品页/额度试算,,
C061197,2026-06-15 12:56:21,browse,DC68B2C188753,39.144.18,苏州市,浏览贷款产品页/额度试算,,
C061197,2026-06-15 14:56:21,browse,DC68B2C188753,39.144.18,苏州市,浏览贷款产品页/额度试算,,
C061197,2026-06-15 16:56:21,browse,DC68B2C188753,39.144.18,苏州市,浏览贷款产品页/额度试算,,
C061197,2026-06-26 12:56:21,profile_fill,DC68B2C188753,39.144.18,苏州市,填写申请资料，耗时153秒,,
C061197,2026-06-26 12:57:21,apply,DC68B2C188753,39.144.18,苏州市,提交贷款申请 loan_amount=12346,,
C061197,2026-06-27 03:56:21,approve,DC68B2C188753,39.144.18,苏州市,审批通过,,
C061197,2026-06-27 12:56:21,disburse,DC68B2C188753,39.144.18,苏州市,放款 12346 元,,
C061197,2026-07-02 12:56:21,cashout,DC68B2C188753,39.144.18,苏州市,消费/取现 3065 元,,
C061197,2026-07-27 12:56:21,repay,DC68B2C188753,39.144.18,苏州市,第1期还款 1029 元,,
C061197,2026-08-26 12:56:21,repay,DC68B2C188753,39.144.18,苏州市,第2期还款 1029 元,,
C061197,2026-09-25 12:56:21,repay,DC68B2C188753,39.144.18,苏州市,第3期还款 1029 元,,
C062005,2026-05-21 10:33:21,register,DDCFA3014A4ED,218.26.220,成都市,注册账户，设备年龄44天,,
C062005,2026-05-23 10:33:21,profile_fill,DDCFA3014A4ED,218.26.220,成都市,填写申请资料，耗时570秒,,
C062005,2026-05-23 10:34:21,apply,DDCFA3014A4ED,218.26.220,成都市,提交贷款申请 loan_amount=1748,,
C062005,2026-05-24 07:33:21,approve,DDCFA3014A4ED,218.26.220,成都市,审批通过,,
C062005,2026-05-24 10:33:21,disburse,DDCFA3014A4ED,218.26.220,成都市,放款 1748 元,,
C062005,2026-05-25 10:33:21,cashout,DDCFA3014A4ED,218.26.220,成都市,消费/取现 313 元,,
C062005,2026-05-25 11:33:21,login,DDCFA3014A4ED,218.26.220,成都市,登录（第1次）,,
C062005,2026-05-25 15:33:21,browse,DDCFA3014A4ED,218.26.220,成都市,浏览贷款产品页/额度试算,,
C062005,2026-05-25 20:33:21,browse,DDCFA3014A4ED,218.26.220,成都市,浏览贷款产品页/额度试算,,
C062005,2026-05-25 23:33:21,browse,DDCFA3014A4ED,218.26.220,成都市,浏览贷款产品页/额度试算,,
C062005,2026-05-26 01:33:21,browse,DDCFA3014A4ED,218.26.220,成都市,浏览贷款产品页/额度试算,,
C062005,2026-05-26 06:33:21,browse,DDCFA3014A4ED,218.26.220,成都市,浏览贷款产品页/额度试算,,
C062005,2026-05-26 10:33:21,browse,DDCFA3014A4ED,218.26.220,成都市,浏览贷款产品页/额度试算,,
C062005,2026-06-23 10:33:21,repay,DDCFA3014A4ED,218.26.220,成都市,第1期还款 146 元,,
C062005,2026-07-23 10:33:21,repay,DDCFA3014A4ED,218.26.220,成都市,第2期还款 146 元,,
C062005,2026-08-22 10:33:21,repay,DDCFA3014A4ED,218.26.220,成都市,第3期还款 146 元,,
C062005,2026-09-21 10:33:21,repay,DDCFA3014A4ED,218.26.220,成都市,第4期还款 146 元,,
C062005,2026-10-21 10:33:21,repay,DDCFA3014A4ED,218.26.220,成都市,第5期还款 146 元,,
C062005,2026-11-20 10:33:21,repay,DDCFA3014A4ED,218.26.220,成都市,第6期还款 146 元,,
C068201,2025-09-29 08:20:21,register,DB492B80413AB,120.204.143,天津市,注册账户，设备年龄104天,,
C068201,2025-09-30 15:20:21,login,DB492B80413AB,120.204.143,天津市,登录（第1次）,,
C068201,2025-09-30 19:20:21,browse,DB492B80413AB,120.204.143,天津市,浏览贷款产品页/额度试算,,
C068201,2025-09-30 22:20:21,browse,DB492B80413AB,120.204.143,天津市,浏览贷款产品页/额度试算,,
C068201,2025-10-01 01:20:21,browse,DB492B80413AB,120.204.143,天津市,浏览贷款产品页/额度试算,,
C068201,2025-10-01 04:20:21,browse,DB492B80413AB,120.204.143,天津市,浏览贷款产品页/额度试算,,
C068201,2025-10-01 09:20:21,browse,DB492B80413AB,120.204.143,天津市,浏览贷款产品页/额度试算,,
C068201,2025-10-01 10:20:21,browse,DB492B80413AB,120.204.143,天津市,浏览贷款产品页/额度试算,,
C068201,2025-10-13 08:20:21,profile_fill,DB492B80413AB,120.204.143,天津市,填写申请资料，耗时724秒,,
C068201,2025-10-13 08:21:21,apply,DB492B80413AB,120.204.143,天津市,提交贷款申请 loan_amount=11793,,
C068201,2025-10-14 00:20:21,approve,DB492B80413AB,120.204.143,天津市,审批通过,,
C068201,2025-10-15 08:20:21,disburse,DB492B80413AB,120.204.143,天津市,放款 11793 元,,
C068201,2025-10-31 08:20:21,cashout,DB492B80413AB,120.204.143,天津市,消费/取现 3363 元,,
C068201,2025-11-14 08:20:21,repay,DB492B80413AB,120.204.143,天津市,第1期还款 983 元,,
C068201,2025-12-14 08:20:21,repay,DB492B80413AB,120.204.143,天津市,第2期还款 983 元,,
C068201,2026-01-13 08:20:21,repay,DB492B80413AB,120.204.143,天津市,第3期还款 983 元,,
C068201,2026-02-12 08:20:21,repay,DB492B80413AB,120.204.143,天津市,第4期还款 983 元,,
C068201,2026-03-14 08:20:21,repay,DB492B80413AB,120.204.143,天津市,第5期还款 983 元,,
C068201,2026-04-13 08:20:21,repay,DB492B80413AB,120.204.143,天津市,第6期还款 983 元,,
C072102,2026-01-28 09:50:21,register,DF75B9D9B9796,211.138.134,苏州市,注册账户，设备年龄63天,,
C072102,2026-01-31 12:50:21,login,DF75B9D9B9796,211.138.134,苏州市,登录（第1次）,,
C072102,2026-01-31 16:50:21,browse,DF75B9D9B9796,211.138.134,苏州市,浏览贷款产品页/额度试算,,
C072102,2026-01-31 17:50:21,browse,DF75B9D9B9796,211.138.134,苏州市,浏览贷款产品页/额度试算,,
C072102,2026-01-31 22:50:21,browse,DF75B9D9B9796,211.138.134,苏州市,浏览贷款产品页/额度试算,,
C072102,2026-02-09 09:50:21,profile_fill,DF75B9D9B9796,211.138.134,苏州市,填写申请资料，耗时796秒,,
C072102,2026-02-09 09:51:21,apply,DF75B9D9B9796,211.138.134,苏州市,提交贷款申请 loan_amount=18707,,
C072102,2026-02-10 02:50:21,approve,DF75B9D9B9796,211.138.134,苏州市,审批通过,,
C072102,2026-02-11 09:50:21,disburse,DF75B9D9B9796,211.138.134,苏州市,放款 18707 元,,
C072102,2026-02-19 09:50:21,cashout,DF75B9D9B9796,211.138.134,苏州市,消费/取现 4824 元,,
C072102,2026-03-13 09:50:21,repay,DF75B9D9B9796,211.138.134,苏州市,第1期还款 1559 元,,
C072102,2026-04-12 09:50:21,repay,DF75B9D9B9796,211.138.134,苏州市,第2期还款 1559 元,,
C072102,2026-05-12 09:50:21,repay,DF75B9D9B9796,211.138.134,苏州市,第3期还款 1559 元,,
C072102,2026-06-11 09:50:21,repay,DF75B9D9B9796,211.138.134,苏州市,第4期还款 1559 元,,
C072381,2026-01-05 18:46:21,register,DD4CAA339E195,223.104.209,郑州市,注册账户，设备年龄243天,,
C072381,2026-01-09 21:46:21,login,DD4CAA339E195,223.104.209,郑州市,登录（第1次）,,
C072381,2026-01-09 22:46:21,browse,DD4CAA339E195,223.104.209,郑州市,浏览贷款产品页/额度试算,,
C072381,2026-01-10 03:46:21,browse,DD4CAA339E195,223.104.209,郑州市,浏览贷款产品页/额度试算,,
C072381,2026-01-10 05:46:21,browse,DD4CAA339E195,223.104.209,郑州市,浏览贷款产品页/额度试算,,
C072381,2026-01-10 10:46:21,browse,DD4CAA339E195,223.104.209,郑州市,浏览贷款产品页/额度试算,,
C072381,2026-01-10 15:46:21,browse,DD4CAA339E195,223.104.209,郑州市,浏览贷款产品页/额度试算,,
C072381,2026-01-13 18:46:21,profile_fill,DD4CAA339E195,223.104.209,郑州市,填写申请资料，耗时815秒,,
C072381,2026-01-13 18:47:21,apply,DD4CAA339E195,223.104.209,郑州市,提交贷款申请 loan_amount=6295,,
C072381,2026-01-14 02:46:21,approve,DD4CAA339E195,223.104.209,郑州市,审批通过,,
C072381,2026-01-14 18:46:21,disburse,DD4CAA339E195,223.104.209,郑州市,放款 6295 元,,
C072381,2026-01-20 18:46:21,cashout,DD4CAA339E195,223.104.209,郑州市,消费/取现 1503 元,,
C072381,2026-02-13 18:46:21,repay,DD4CAA339E195,223.104.209,郑州市,第1期还款 525 元,,
C072381,2026-03-15 18:46:21,repay,DD4CAA339E195,223.104.209,郑州市,第2期还款 525 元,,
C072381,2026-04-14 18:46:21,repay,DD4CAA339E195,223.104.209,郑州市,第3期还款 525 元,,
C072381,2026-05-14 18:46:21,repay,DD4CAA339E195,223.104.209,郑州市,第4期还款 525 元,,
C072381,2026-06-13 18:46:21,repay,DD4CAA339E195,223.104.209,郑州市,第5期还款 525 元,,
C072381,2026-07-13 18:46:21,repay,DD4CAA339E195,223.104.209,郑州市,第6期还款 525 元,,
C073545,2025-09-20 13:08:21,register,DCD2643E76598,120.204.116,南京市,注册账户，设备年龄355天,,
C073545,2025-09-22 18:08:21,login,DCD2643E76598,120.204.116,南京市,登录（第1次）,,
C073545,2025-09-22 22:08:21,browse,DCD2643E76598,120.204.116,南京市,浏览贷款产品页/额度试算,,
C073545,2025-09-23 02:08:21,browse,DCD2643E76598,120.204.116,南京市,浏览贷款产品页/额度试算,,
C073545,2025-09-23 04:08:21,browse,DCD2643E76598,120.204.116,南京市,浏览贷款产品页/额度试算,,
C073545,2025-09-23 08:08:21,browse,DCD2643E76598,120.204.116,南京市,浏览贷款产品页/额度试算,,
C073545,2025-09-23 11:08:21,browse,DCD2643E76598,120.204.116,南京市,浏览贷款产品页/额度试算,,
C073545,2025-09-23 15:08:21,browse,DCD2643E76598,120.204.116,南京市,浏览贷款产品页/额度试算,,
C073545,2025-09-23 20:08:21,browse,DCD2643E76598,120.204.116,南京市,浏览贷款产品页/额度试算,,
C073545,2025-10-08 13:08:21,profile_fill,DCD2643E76598,120.204.116,南京市,填写申请资料，耗时665秒,,
C073545,2025-10-08 13:09:21,apply,DCD2643E76598,120.204.116,南京市,提交贷款申请 loan_amount=2853,,
C073545,2025-10-09 11:08:21,approve,DCD2643E76598,120.204.116,南京市,审批通过,,
C073545,2025-10-10 13:08:21,disburse,DCD2643E76598,120.204.116,南京市,放款 2853 元,,
C073545,2025-10-19 13:08:21,cashout,DCD2643E76598,120.204.116,南京市,消费/取现 369 元,,
C073545,2025-11-09 13:08:21,repay,DCD2643E76598,120.204.116,南京市,第1期还款 238 元,,
C073545,2025-12-09 13:08:21,repay,DCD2643E76598,120.204.116,南京市,第2期还款 238 元,,
C073545,2026-01-08 13:08:21,repay,DCD2643E76598,120.204.116,南京市,第3期还款 238 元,,
C073545,2026-02-07 13:08:21,repay,DCD2643E76598,120.204.116,南京市,第4期还款 238 元,,
C073545,2026-03-09 13:08:21,repay,DCD2643E76598,120.204.116,南京市,第5期还款 238 元,,
C073545,2026-04-08 13:08:21,repay,DCD2643E76598,120.204.116,南京市,第6期还款 238 元,,
C073602,2026-03-03 09:35:21,register,DD846AAABDC68,119.32.226,上海市,注册账户，设备年龄348天,,
C073602,2026-03-05 09:35:21,profile_fill,DD846AAABDC68,119.32.226,上海市,填写申请资料，耗时879秒,,
C073602,2026-03-05 09:36:21,apply,DD846AAABDC68,119.32.226,上海市,提交贷款申请 loan_amount=160216,,
C073602,2026-03-05 11:35:21,approve,DD846AAABDC68,119.32.226,上海市,审批通过,,
C073602,2026-03-05 14:35:21,login,DD846AAABDC68,119.32.226,上海市,登录（第1次）,,
C073602,2026-03-06 18:35:21,login,DD846AAABDC68,119.32.226,上海市,登录（第2次）,,
C073602,2026-03-06 20:35:21,browse,DD846AAABDC68,119.32.226,上海市,浏览贷款产品页/额度试算,,
C073602,2026-03-07 01:35:21,browse,DD846AAABDC68,119.32.226,上海市,浏览贷款产品页/额度试算,,
C073602,2026-03-07 02:35:21,browse,DD846AAABDC68,119.32.226,上海市,浏览贷款产品页/额度试算,,
C073602,2026-03-07 09:35:21,disburse,DD846AAABDC68,119.32.226,上海市,放款 160216 元,,
C073602,2026-04-05 09:35:21,cashout,DD846AAABDC68,119.32.226,上海市,消费/取现 38677 元,,
C073602,2026-04-06 09:35:21,repay,DD846AAABDC68,119.32.226,上海市,第1期还款 13351 元,,
C073602,2026-05-06 09:35:21,repay,DD846AAABDC68,119.32.226,上海市,第2期还款 13351 元,,
C073602,2026-06-05 09:35:21,repay,DD846AAABDC68,119.32.226,上海市,第3期还款 13351 元,,
C074500,2025-12-11 12:59:21,register,DF8A2DB4C0229,211.138.12,北京市,注册账户，设备年龄328天,,
C074500,2025-12-15 14:59:21,login,DF8A2DB4C0229,211.138.12,北京市,登录（第1次）,,
C074500,2025-12-16 18:59:21,login,DF8A2DB4C0229,211.138.12,北京市,登录（第2次）,,
C074500,2025-12-19 19:59:21,login,DF8A2DB4C0229,211.138.12,北京市,登录（第3次）,,
C074500,2025-12-19 21:59:21,browse,DF8A2DB4C0229,211.138.12,北京市,浏览贷款产品页/额度试算,,
C074500,2025-12-19 22:59:21,browse,DF8A2DB4C0229,211.138.12,北京市,浏览贷款产品页/额度试算,,
C074500,2025-12-20 01:59:21,browse,DF8A2DB4C0229,211.138.12,北京市,浏览贷款产品页/额度试算,,
C074500,2026-01-10 12:59:21,profile_fill,DF8A2DB4C0229,211.138.12,北京市,填写申请资料，耗时897秒,,
C074500,2026-01-10 13:00:21,apply,DF8A2DB4C0229,211.138.12,北京市,提交贷款申请 loan_amount=1344,,
C074500,2026-01-10 18:59:21,approve,DF8A2DB4C0229,211.138.12,北京市,审批通过,,
C074500,2026-01-12 12:59:21,disburse,DF8A2DB4C0229,211.138.12,北京市,放款 1344 元,,
C074500,2026-02-01 12:59:21,cashout,DF8A2DB4C0229,211.138.12,北京市,消费/取现 245 元,,
C074500,2026-02-11 12:59:21,repay,DF8A2DB4C0229,211.138.12,北京市,第1期还款 112 元,,
C074500,2026-03-13 12:59:21,repay,DF8A2DB4C0229,211.138.12,北京市,第2期还款 112 元,,
C074500,2026-04-12 12:59:21,repay,DF8A2DB4C0229,211.138.12,北京市,第3期还款 112 元,,
C075743,2025-12-17 23:34:21,register,DFEF1C083253C,211.138.244,杭州市,注册账户，设备年龄68天,,
C075743,2025-12-19 04:34:21,login,DFEF1C083253C,211.138.244,杭州市,登录（第1次）,,
C075743,2025-12-19 07:34:21,browse,DFEF1C083253C,211.138.244,杭州市,浏览贷款产品页/额度试算,,
C075743,2025-12-19 08:34:21,browse,DFEF1C083253C,211.138.244,杭州市,浏览贷款产品页/额度试算,,
C075743,2026-01-04 23:34:21,profile_fill,DFEF1C083253C,211.138.244,杭州市,填写申请资料，耗时898秒,,
C075743,2026-01-04 23:35:21,apply,DFEF1C083253C,211.138.244,杭州市,提交贷款申请 loan_amount=3251,,
C075743,2026-01-05 08:34:21,approve,DFEF1C083253C,211.138.244,杭州市,审批通过,,
C075743,2026-01-05 23:34:21,disburse,DFEF1C083253C,211.138.244,杭州市,放款 3251 元,,
C075743,2026-01-10 23:34:21,cashout,DFEF1C083253C,211.138.244,杭州市,消费/取现 443 元,,
C075743,2026-02-04 23:34:21,repay,DFEF1C083253C,211.138.244,杭州市,第1期还款 271 元,,
C075743,2026-03-06 23:34:21,repay,DFEF1C083253C,211.138.244,杭州市,第2期还款 271 元,,
C075743,2026-04-05 23:34:21,repay,DFEF1C083253C,211.138.244,杭州市,第3期还款 271 元,,
C075743,2026-05-05 23:34:21,repay,DFEF1C083253C,211.138.244,杭州市,第4期还款 271 元,,
C075743,2026-06-04 23:34:21,repay,DFEF1C083253C,211.138.244,杭州市,第5期还款 271 元,,
C077915,2026-06-29 09:18:21,register,DD1E8F8162689,113.54.254,北京市,注册账户，设备年龄167天,,
C077915,2026-07-03 11:18:21,login,DD1E8F8162689,113.54.254,北京市,登录（第1次）,,
C077915,2026-07-04 17:18:21,login,DD1E8F8162689,113.54.254,北京市,登录（第2次）,,
C077915,2026-07-04 21:18:21,browse,DD1E8F8162689,113.54.254,北京市,浏览贷款产品页/额度试算,,
C077915,2026-07-05 01:18:21,browse,DD1E8F8162689,113.54.254,北京市,浏览贷款产品页/额度试算,,
C077915,2026-07-28 09:18:21,profile_fill,DD1E8F8162689,113.54.254,北京市,填写申请资料，耗时425秒,,
C077915,2026-07-28 09:19:21,apply,DD1E8F8162689,113.54.254,北京市,提交贷款申请 loan_amount=37068,,
C077915,2026-07-28 14:18:21,approve,DD1E8F8162689,113.54.254,北京市,审批通过,,
C077915,2026-07-30 09:18:21,disburse,DD1E8F8162689,113.54.254,北京市,放款 37068 元,,
C077915,2026-08-24 09:18:21,cashout,DD1E8F8162689,113.54.254,北京市,消费/取现 8750 元,,
C077915,2026-08-29 09:18:21,repay,DD1E8F8162689,113.54.254,北京市,第1期还款 3089 元,,
C077915,2026-09-28 09:18:21,repay,DD1E8F8162689,113.54.254,北京市,第2期还款 3089 元,,
C077915,2026-10-28 09:18:21,repay,DD1E8F8162689,113.54.254,北京市,第3期还款 3089 元,,
C077915,2026-11-27 09:18:21,repay,DD1E8F8162689,113.54.254,北京市,第4期还款 3089 元,,
C078817,2025-10-02 15:44:21,register,D5806EF1EFE0A,103.86.10,武汉市,注册账户，设备年龄75天,,
C078817,2025-10-03 19:44:21,login,D5806EF1EFE0A,103.86.10,武汉市,登录（第1次）,,
C078817,2025-10-03 20:44:21,browse,D5806EF1EFE0A,103.86.10,武汉市,浏览贷款产品页/额度试算,,
C078817,2026-09-05 15:44:21,profile_fill,D5806EF1EFE0A,103.86.10,武汉市,填写申请资料，耗时251秒,,
C078817,2026-09-05 15:45:21,apply,D5806EF1EFE0A,103.86.10,武汉市,提交贷款申请 loan_amount=204549,,
C078817,2026-09-06 08:44:21,approve,D5806EF1EFE0A,103.86.10,武汉市,审批通过,,
C078817,2026-09-06 15:44:21,disburse,D5806EF1EFE0A,103.86.10,武汉市,放款 204549 元,,
C078817,2026-09-07 15:44:21,transfer,D5806EF1EFE0A,103.86.10,武汉市,转账 143184 元至收款账户（资金汇聚）,C078817,MULEsy0E14D57F81
C078817,2026-09-13 00:44:21,cashout,D5806EF1EFE0A,103.86.10,武汉市,取现/转账 24521 元（拆第1笔）,,
C078817,2026-09-13 01:32:21,cashout,D5806EF1EFE0A,103.86.10,武汉市,取现/转账 24521 元（拆第3笔）,,
C078817,2026-09-13 01:41:21,cashout,D5806EF1EFE0A,103.86.10,武汉市,取现/转账 24521 元（拆第4笔）,,
C078817,2026-09-13 02:06:21,cashout,D5806EF1EFE0A,103.86.10,武汉市,取现/转账 24521 元（拆第2笔）,,
C078817,2026-09-13 02:44:21,cashout,D5806EF1EFE0A,103.86.10,武汉市,取现/转账 24521 元（拆第5笔）,,
C078817,2026-09-13 05:59:21,cashout,D5806EF1EFE0A,103.86.10,武汉市,取现/转账 24521 元（拆第6笔）,,
C078817,2026-10-06 15:44:21,repay,D5806EF1EFE0A,103.86.10,武汉市,小额还款（养号）,,
C078817,2027-03-05 15:44:21,default,D5806EF1EFE0A,103.86.10,武汉市,套现后违约消失,,
C079515,2026-05-10 17:54:21,register,DA2F9EA8FC9C9,119.32.153,长沙市,注册账户，设备年龄108天,,
C079515,2026-05-13 00:54:21,login,DA2F9EA8FC9C9,119.32.153,长沙市,登录（第1次）,,
C079515,2026-05-16 05:54:21,login,DA2F9EA8FC9C9,119.32.153,长沙市,登录（第2次）,,
C079515,2026-05-16 08:54:21,browse,DA2F9EA8FC9C9,119.32.153,长沙市,浏览贷款产品页/额度试算,,
C079515,2026-05-16 10:54:21,browse,DA2F9EA8FC9C9,119.32.153,长沙市,浏览贷款产品页/额度试算,,
C079515,2026-05-16 15:54:21,browse,DA2F9EA8FC9C9,119.32.153,长沙市,浏览贷款产品页/额度试算,,
C079515,2026-05-16 19:54:21,browse,DA2F9EA8FC9C9,119.32.153,长沙市,浏览贷款产品页/额度试算,,
C079515,2026-05-16 22:54:21,browse,DA2F9EA8FC9C9,119.32.153,长沙市,浏览贷款产品页/额度试算,,
C079515,2026-05-17 03:54:21,browse,DA2F9EA8FC9C9,119.32.153,长沙市,浏览贷款产品页/额度试算,,
C079515,2026-05-17 05:54:21,browse,DA2F9EA8FC9C9,119.32.153,长沙市,浏览贷款产品页/额度试算,,
C079515,2026-05-21 17:54:21,profile_fill,DA2F9EA8FC9C9,119.32.153,长沙市,填写申请资料，耗时567秒,,
C079515,2026-05-21 17:55:21,apply,DA2F9EA8FC9C9,119.32.153,长沙市,提交贷款申请 loan_amount=302903,,
C079515,2026-05-22 12:54:21,approve,DA2F9EA8FC9C9,119.32.153,长沙市,审批通过,,
C079515,2026-05-22 17:54:21,disburse,DA2F9EA8FC9C9,119.32.153,长沙市,放款 302903 元,,
C079515,2026-06-02 17:54:21,cashout,DA2F9EA8FC9C9,119.32.153,长沙市,消费/取现 39354 元,,
C079515,2026-06-21 17:54:21,repay,DA2F9EA8FC9C9,119.32.153,长沙市,第1期还款 25242 元,,
C079515,2026-07-21 17:54:21,repay,DA2F9EA8FC9C9,119.32.153,长沙市,第2期还款 25242 元,,
C079515,2026-08-20 17:54:21,repay,DA2F9EA8FC9C9,119.32.153,长沙市,第3期还款 25242 元,,
C079515,2026-09-19 17:54:21,repay,DA2F9EA8FC9C9,119.32.153,长沙市,第4期还款 25242 元,,
C079680,2026-03-06 22:21:21,register,D7F8D60D07836,120.204.204,北京市,注册账户，设备年龄274天,,
C079680,2026-03-10 03:21:21,login,D7F8D60D07836,120.204.204,北京市,登录（第1次）,,
C079680,2026-03-10 07:21:21,browse,D7F8D60D07836,120.204.204,北京市,浏览贷款产品页/额度试算,,
C079680,2026-03-10 12:21:21,browse,D7F8D60D07836,120.204.204,北京市,浏览贷款产品页/额度试算,,
C079680,2026-03-10 16:21:21,browse,D7F8D60D07836,120.204.204,北京市,浏览贷款产品页/额度试算,,
C079680,2026-03-22 22:21:21,profile_fill,D7F8D60D07836,120.204.204,北京市,填写申请资料，耗时529秒,,
C079680,2026-03-22 22:22:21,apply,D7F8D60D07836,120.204.204,北京市,提交贷款申请 loan_amount=33360,,
C079680,2026-03-23 01:21:21,approve,D7F8D60D07836,120.204.204,北京市,审批通过,,
C079680,2026-03-24 22:21:21,disburse,D7F8D60D07836,120.204.204,北京市,放款 33360 元,,
C079680,2026-04-12 22:21:21,cashout,D7F8D60D07836,120.204.204,北京市,消费/取现 3787 元,,
C079680,2026-04-23 22:21:21,repay,D7F8D60D07836,120.204.204,北京市,第1期还款 2780 元,,
C079680,2026-05-23 22:21:21,repay,D7F8D60D07836,120.204.204,北京市,第2期还款 2780 元,,
C079680,2026-06-22 22:21:21,repay,D7F8D60D07836,120.204.204,北京市,第3期还款 2780 元,,
C081234,2026-05-15 08:17:21,register,DCDD7DEDBF15D,211.138.123,深圳市,注册账户，设备年龄157天,,
C081234,2026-05-16 12:17:21,login,DCDD7DEDBF15D,211.138.123,深圳市,登录（第1次）,,
C081234,2026-05-16 15:17:21,browse,DCDD7DEDBF15D,211.138.123,深圳市,浏览贷款产品页/额度试算,,
C081234,2026-05-16 18:17:21,browse,DCDD7DEDBF15D,211.138.123,深圳市,浏览贷款产品页/额度试算,,
C081234,2026-05-16 22:17:21,browse,DCDD7DEDBF15D,211.138.123,深圳市,浏览贷款产品页/额度试算,,
C081234,2026-05-17 01:17:21,browse,DCDD7DEDBF15D,211.138.123,深圳市,浏览贷款产品页/额度试算,,
C081234,2026-06-05 08:17:21,profile_fill,DCDD7DEDBF15D,211.138.123,深圳市,填写申请资料，耗时258秒,,
C081234,2026-06-05 08:18:21,apply,DCDD7DEDBF15D,211.138.123,深圳市,提交贷款申请 loan_amount=68637,,
C081234,2026-06-05 10:17:21,approve,DCDD7DEDBF15D,211.138.123,深圳市,审批通过,,
C081234,2026-06-07 08:17:21,disburse,DCDD7DEDBF15D,211.138.123,深圳市,放款 68637 元,,
C081234,2026-06-16 08:17:21,cashout,DCDD7DEDBF15D,211.138.123,深圳市,消费/取现 10622 元,,
C081234,2026-07-07 08:17:21,repay,DCDD7DEDBF15D,211.138.123,深圳市,第1期还款 5720 元,,
C081234,2026-08-06 08:17:21,repay,DCDD7DEDBF15D,211.138.123,深圳市,第2期还款 5720 元,,
C081234,2026-09-05 08:17:21,repay,DCDD7DEDBF15D,211.138.123,深圳市,第3期还款 5720 元,,
C081234,2026-10-05 08:17:21,repay,DCDD7DEDBF15D,211.138.123,深圳市,第4期还款 5720 元,,
C081464,2026-02-04 12:10:21,register,DEB60FA2E8AA5,171.106.205,苏州市,注册账户，设备年龄114天,,
C081464,2026-02-08 18:10:21,login,DEB60FA2E8AA5,171.106.205,苏州市,登录（第1次）,,
C081464,2026-02-08 23:10:21,browse,DEB60FA2E8AA5,171.106.205,苏州市,浏览贷款产品页/额度试算,,
C081464,2026-02-09 02:10:21,browse,DEB60FA2E8AA5,171.106.205,苏州市,浏览贷款产品页/额度试算,,
C081464,2026-02-09 05:10:21,browse,DEB60FA2E8AA5,171.106.205,苏州市,浏览贷款产品页/额度试算,,
C081464,2026-02-09 10:10:21,browse,DEB60FA2E8AA5,171.106.205,苏州市,浏览贷款产品页/额度试算,,
C081464,2026-02-09 14:10:21,browse,DEB60FA2E8AA5,171.106.205,苏州市,浏览贷款产品页/额度试算,,
C081464,2026-02-09 18:10:21,browse,DEB60FA2E8AA5,171.106.205,苏州市,浏览贷款产品页/额度试算,,
C081464,2026-02-09 21:10:21,browse,DEB60FA2E8AA5,171.106.205,苏州市,浏览贷款产品页/额度试算,,
C081464,2026-02-27 12:10:21,profile_fill,DEB60FA2E8AA5,171.106.205,苏州市,填写申请资料，耗时150秒,,
C081464,2026-02-27 12:11:21,apply,DEB60FA2E8AA5,171.106.205,苏州市,提交贷款申请 loan_amount=212780,,
C081464,2026-02-28 05:10:21,approve,DEB60FA2E8AA5,171.106.205,苏州市,审批通过,,
C081464,2026-03-01 12:10:21,disburse,DEB60FA2E8AA5,171.106.205,苏州市,放款 212780 元,,
C081464,2026-03-02 12:10:21,cashout,DEB60FA2E8AA5,171.106.205,苏州市,消费/取现 30792 元,,
C081464,2026-03-31 12:10:21,repay,DEB60FA2E8AA5,171.106.205,苏州市,第1期还款 17732 元,,
C081464,2026-04-30 12:10:21,repay,DEB60FA2E8AA5,171.106.205,苏州市,第2期还款 17732 元,,
C081464,2026-05-30 12:10:21,repay,DEB60FA2E8AA5,171.106.205,苏州市,第3期还款 17732 元,,
C081464,2026-06-29 12:10:21,repay,DEB60FA2E8AA5,171.106.205,苏州市,第4期还款 17732 元,,
C081464,2026-07-29 12:10:21,repay,DEB60FA2E8AA5,171.106.205,苏州市,第5期还款 17732 元,,
C082195,2025-08-19 08:19:21,register,DCAA4BDF2DE7E,115.47.120,厦门市,注册账户，设备年龄48天,,
C082195,2025-08-20 14:19:21,login,DCAA4BDF2DE7E,115.47.120,厦门市,登录（第1次）,,
C082195,2025-08-20 15:19:21,browse,DCAA4BDF2DE7E,115.47.120,厦门市,浏览贷款产品页/额度试算,,
C082195,2025-08-20 16:19:21,browse,DCAA4BDF2DE7E,115.47.120,厦门市,浏览贷款产品页/额度试算,,
C082195,2025-08-20 18:19:21,browse,DCAA4BDF2DE7E,115.47.120,厦门市,浏览贷款产品页/额度试算,,
C082195,2025-08-20 22:19:21,browse,DCAA4BDF2DE7E,115.47.120,厦门市,浏览贷款产品页/额度试算,,
C082195,2025-08-21 03:19:21,browse,DCAA4BDF2DE7E,115.47.120,厦门市,浏览贷款产品页/额度试算,,
C082195,2025-08-21 08:19:21,browse,DCAA4BDF2DE7E,115.47.120,厦门市,浏览贷款产品页/额度试算,,
C082195,2025-09-02 08:19:21,profile_fill,DCAA4BDF2DE7E,115.47.120,厦门市,填写申请资料，耗时570秒,,
C082195,2025-09-02 08:20:21,apply,DCAA4BDF2DE7E,115.47.120,厦门市,提交贷款申请 loan_amount=11654,,
C082195,2025-09-02 20:19:21,approve,DCAA4BDF2DE7E,115.47.120,厦门市,审批通过,,
C082195,2025-09-04 08:19:21,disburse,DCAA4BDF2DE7E,115.47.120,厦门市,放款 11654 元,,
C082195,2025-09-25 08:19:21,cashout,DCAA4BDF2DE7E,115.47.120,厦门市,消费/取现 3192 元,,
C082195,2025-10-04 08:19:21,repay,DCAA4BDF2DE7E,115.47.120,厦门市,第1期还款 971 元,,
C082195,2025-11-03 08:19:21,repay,DCAA4BDF2DE7E,115.47.120,厦门市,第2期还款 971 元,,
C082195,2025-12-03 08:19:21,repay,DCAA4BDF2DE7E,115.47.120,厦门市,第3期还款 971 元,,
C082195,2026-01-02 08:19:21,repay,DCAA4BDF2DE7E,115.47.120,厦门市,第4期还款 971 元,,
C082195,2026-02-01 08:19:21,repay,DCAA4BDF2DE7E,115.47.120,厦门市,第5期还款 971 元,,
C083461,2025-10-15 20:49:21,register,DE06CE5E0D02D,120.204.92,昆明市,注册账户，设备年龄347天,,
C083461,2025-10-17 03:49:21,login,DE06CE5E0D02D,120.204.92,昆明市,登录（第1次）,,
C083461,2025-10-17 05:49:21,browse,DE06CE5E0D02D,120.204.92,昆明市,浏览贷款产品页/额度试算,,
C083461,2025-10-17 10:49:21,browse,DE06CE5E0D02D,120.204.92,昆明市,浏览贷款产品页/额度试算,,
C083461,2025-10-17 11:49:21,browse,DE06CE5E0D02D,120.204.92,昆明市,浏览贷款产品页/额度试算,,
C083461,2025-10-17 16:49:21,browse,DE06CE5E0D02D,120.204.92,昆明市,浏览贷款产品页/额度试算,,
C083461,2025-10-21 20:49:21,profile_fill,DE06CE5E0D02D,120.204.92,昆明市,填写申请资料，耗时662秒,,
C083461,2025-10-21 20:50:21,apply,DE06CE5E0D02D,120.204.92,昆明市,提交贷款申请 loan_amount=9358,,
C083461,2025-10-22 09:49:21,approve,DE06CE5E0D02D,120.204.92,昆明市,审批通过,,
C083461,2025-10-23 20:49:21,disburse,DE06CE5E0D02D,120.204.92,昆明市,放款 9358 元,,
C083461,2025-10-30 20:49:21,cashout,DE06CE5E0D02D,120.204.92,昆明市,消费/取现 1290 元,,
C083461,2025-11-22 20:49:21,repay,DE06CE5E0D02D,120.204.92,昆明市,第1期还款 780 元,,
C083461,2025-12-22 20:49:21,repay,DE06CE5E0D02D,120.204.92,昆明市,第2期还款 780 元,,
C083461,2026-01-21 20:49:21,repay,DE06CE5E0D02D,120.204.92,昆明市,第3期还款 780 元,,
C083461,2026-02-20 20:49:21,repay,DE06CE5E0D02D,120.204.92,昆明市,第4期还款 780 元,,
C083461,2026-03-22 20:49:21,repay,DE06CE5E0D02D,120.204.92,昆明市,第5期还款 780 元,,
C083461,2026-04-21 20:49:21,repay,DE06CE5E0D02D,120.204.92,昆明市,第6期还款 780 元,,
C084822,2025-10-02 13:00:21,register,D97E75F33FBFC,171.106.169,南京市,注册账户，设备年龄211天,,
C084822,2025-10-06 19:00:21,login,D97E75F33FBFC,171.106.169,南京市,登录（第1次）,,
C084822,2025-10-06 23:00:21,browse,D97E75F33FBFC,171.106.169,南京市,浏览贷款产品页/额度试算,,
C084822,2025-10-07 04:00:21,browse,D97E75F33FBFC,171.106.169,南京市,浏览贷款产品页/额度试算,,
C084822,2025-11-06 13:00:21,profile_fill,D97E75F33FBFC,171.106.169,南京市,填写申请资料，耗时252秒,,
C084822,2025-11-06 13:01:21,apply,D97E75F33FBFC,171.106.169,南京市,提交贷款申请 loan_amount=211789,,
C084822,2025-11-07 12:00:21,approve,D97E75F33FBFC,171.106.169,南京市,审批通过,,
C084822,2025-11-08 13:00:21,disburse,D97E75F33FBFC,171.106.169,南京市,放款 211789 元,,
C084822,2025-11-14 13:00:21,cashout,D97E75F33FBFC,171.106.169,南京市,消费/取现 42228 元,,
C084822,2025-12-08 13:00:21,repay,D97E75F33FBFC,171.106.169,南京市,第1期还款 17649 元,,
C084822,2026-01-07 13:00:21,repay,D97E75F33FBFC,171.106.169,南京市,第2期还款 17649 元,,
C084822,2026-02-06 13:00:21,repay,D97E75F33FBFC,171.106.169,南京市,第3期还款 17649 元,,
C085679,2026-06-14 19:13:21,register,DB600CB2D5489,61.135.80,成都市,注册账户，设备年龄144天,,
C085679,2026-06-18 22:13:21,login,DB600CB2D5489,61.135.80,成都市,登录（第1次）,,
C085679,2026-06-19 01:13:21,browse,DB600CB2D5489,61.135.80,成都市,浏览贷款产品页/额度试算,,
C085679,2026-06-19 03:13:21,browse,DB600CB2D5489,61.135.80,成都市,浏览贷款产品页/额度试算,,
C085679,2026-06-19 05:13:21,browse,DB600CB2D5489,61.135.80,成都市,浏览贷款产品页/额度试算,,
C085679,2026-06-19 06:13:21,browse,DB600CB2D5489,61.135.80,成都市,浏览贷款产品页/额度试算,,
C085679,2026-06-19 11:13:21,browse,DB600CB2D5489,61.135.80,成都市,浏览贷款产品页/额度试算,,
C085679,2026-06-27 19:13:21,profile_fill,DB600CB2D5489,61.135.80,成都市,填写申请资料，耗时154秒,,
C085679,2026-06-27 19:14:21,apply,DB600CB2D5489,61.135.80,成都市,提交贷款申请 loan_amount=5315,,
C085679,2026-06-28 08:13:21,approve,DB600CB2D5489,61.135.80,成都市,审批通过,,
C085679,2026-06-28 19:13:21,disburse,DB600CB2D5489,61.135.80,成都市,放款 5315 元,,
C085679,2026-07-13 19:13:21,cashout,DB600CB2D5489,61.135.80,成都市,消费/取现 876 元,,
C085679,2026-07-28 19:13:21,repay,DB600CB2D5489,61.135.80,成都市,第1期还款 443 元,,
C085679,2026-08-27 19:13:21,repay,DB600CB2D5489,61.135.80,成都市,第2期还款 443 元,,
C085679,2026-09-26 19:13:21,repay,DB600CB2D5489,61.135.80,成都市,第3期还款 443 元,,
C085679,2026-10-26 19:13:21,repay,DB600CB2D5489,61.135.80,成都市,第4期还款 443 元,,
C085774,2026-03-26 11:18:21,register,DA330532219AB,61.135.65,乌鲁木齐市,注册账户，设备年龄171天,,
C085774,2026-03-29 16:18:21,login,DA330532219AB,61.135.65,乌鲁木齐市,登录（第1次）,,
C085774,2026-03-29 17:18:21,browse,DA330532219AB,61.135.65,乌鲁木齐市,浏览贷款产品页/额度试算,,
C085774,2026-03-29 18:18:21,browse,DA330532219AB,61.135.65,乌鲁木齐市,浏览贷款产品页/额度试算,,
C085774,2026-03-29 20:18:21,browse,DA330532219AB,61.135.65,乌鲁木齐市,浏览贷款产品页/额度试算,,
C085774,2026-03-30 01:18:21,browse,DA330532219AB,61.135.65,乌鲁木齐市,浏览贷款产品页/额度试算,,
C085774,2026-03-30 05:18:21,browse,DA330532219AB,61.135.65,乌鲁木齐市,浏览贷款产品页/额度试算,,
C085774,2026-03-30 07:18:21,browse,DA330532219AB,61.135.65,乌鲁木齐市,浏览贷款产品页/额度试算,,
C085774,2026-03-30 11:18:21,browse,DA330532219AB,61.135.65,乌鲁木齐市,浏览贷款产品页/额度试算,,
C085774,2026-04-20 11:18:21,profile_fill,DA330532219AB,61.135.65,乌鲁木齐市,填写申请资料，耗时884秒,,
C085774,2026-04-20 11:19:21,apply,DA330532219AB,61.135.65,乌鲁木齐市,提交贷款申请 loan_amount=31407,,
C085774,2026-04-20 20:18:21,approve,DA330532219AB,61.135.65,乌鲁木齐市,审批通过,,
C085774,2026-04-22 11:18:21,disburse,DA330532219AB,61.135.65,乌鲁木齐市,放款 31407 元,,
C085774,2026-04-25 11:18:21,cashout,DA330532219AB,61.135.65,乌鲁木齐市,消费/取现 4885 元,,
C085774,2026-05-22 11:18:21,repay,DA330532219AB,61.135.65,乌鲁木齐市,第1期还款 2617 元,,
C085774,2026-06-21 11:18:21,repay,DA330532219AB,61.135.65,乌鲁木齐市,第2期还款 2617 元,,
C085774,2026-07-21 11:18:21,repay,DA330532219AB,61.135.65,乌鲁木齐市,第3期还款 2617 元,,
C085774,2026-08-20 11:18:21,repay,DA330532219AB,61.135.65,乌鲁木齐市,第4期还款 2617 元,,
C085774,2026-09-19 11:18:21,repay,DA330532219AB,61.135.65,乌鲁木齐市,第5期还款 2617 元,,
C085774,2026-10-19 11:18:21,repay,DA330532219AB,61.135.65,乌鲁木齐市,第6期还款 2617 元,,
C086275,2026-02-28 13:24:21,register,D800111D5C3E3,171.106.119,杭州市,注册账户，设备年龄55天,,
C086275,2026-03-03 16:24:21,login,D800111D5C3E3,171.106.119,杭州市,登录（第1次）,,
C086275,2026-03-03 19:24:21,browse,D800111D5C3E3,171.106.119,杭州市,浏览贷款产品页/额度试算,,
C086275,2026-03-03 23:24:21,browse,D800111D5C3E3,171.106.119,杭州市,浏览贷款产品页/额度试算,,
C086275,2026-03-04 00:24:21,browse,D800111D5C3E3,171.106.119,杭州市,浏览贷款产品页/额度试算,,
C086275,2026-03-04 03:24:21,browse,D800111D5C3E3,171.106.119,杭州市,浏览贷款产品页/额度试算,,
C086275,2026-03-04 08:24:21,browse,D800111D5C3E3,171.106.119,杭州市,浏览贷款产品页/额度试算,,
C086275,2026-03-04 13:24:21,browse,D800111D5C3E3,171.106.119,杭州市,浏览贷款产品页/额度试算,,
C086275,2026-03-04 17:24:21,browse,D800111D5C3E3,171.106.119,杭州市,浏览贷款产品页/额度试算,,
C086275,2026-04-10 13:24:21,profile_fill,D800111D5C3E3,171.106.119,杭州市,填写申请资料，耗时416秒,,
C086275,2026-04-10 13:25:21,apply,D800111D5C3E3,171.106.119,杭州市,提交贷款申请 loan_amount=45981,,
C086275,2026-04-10 23:24:21,approve,D800111D5C3E3,171.106.119,杭州市,审批通过,,
C086275,2026-04-12 13:24:21,disburse,D800111D5C3E3,171.106.119,杭州市,放款 45981 元,,
C086275,2026-04-13 13:24:21,cashout,D800111D5C3E3,171.106.119,杭州市,消费/取现 10639 元,,
C086275,2026-05-12 13:24:21,repay,D800111D5C3E3,171.106.119,杭州市,第1期还款 3832 元,,
C086275,2026-06-11 13:24:21,repay,D800111D5C3E3,171.106.119,杭州市,第2期还款 3832 元,,
C086275,2026-07-11 13:24:21,repay,D800111D5C3E3,171.106.119,杭州市,第3期还款 3832 元,,
C087440,2026-01-17 23:09:21,register,D90F133DE9F23,39.144.124,广州市,注册账户，设备年龄300天,,
C087440,2026-01-19 00:09:21,login,D90F133DE9F23,39.144.124,广州市,登录（第1次）,,
C087440,2026-01-19 05:09:21,browse,D90F133DE9F23,39.144.124,广州市,浏览贷款产品页/额度试算,,
C087440,2026-01-19 07:09:21,browse,D90F133DE9F23,39.144.124,广州市,浏览贷款产品页/额度试算,,
C087440,2026-01-19 09:09:21,browse,D90F133DE9F23,39.144.124,广州市,浏览贷款产品页/额度试算,,
C087440,2026-01-19 14:09:21,browse,D90F133DE9F23,39.144.124,广州市,浏览贷款产品页/额度试算,,
C087440,2026-01-19 17:09:21,browse,D90F133DE9F23,39.144.124,广州市,浏览贷款产品页/额度试算,,
C087440,2026-01-19 20:09:21,browse,D90F133DE9F23,39.144.124,广州市,浏览贷款产品页/额度试算,,
C087440,2026-01-20 00:09:21,browse,D90F133DE9F23,39.144.124,广州市,浏览贷款产品页/额度试算,,
C087440,2026-02-23 23:09:21,profile_fill,D90F133DE9F23,39.144.124,广州市,填写申请资料，耗时660秒,,
C087440,2026-02-23 23:10:21,apply,D90F133DE9F23,39.144.124,广州市,提交贷款申请 loan_amount=12539,,
C087440,2026-02-24 15:09:21,approve,D90F133DE9F23,39.144.124,广州市,审批通过,,
C087440,2026-02-25 23:09:21,disburse,D90F133DE9F23,39.144.124,广州市,放款 12539 元,,
C087440,2026-03-21 23:09:21,cashout,D90F133DE9F23,39.144.124,广州市,消费/取现 1802 元,,
C087440,2026-03-27 23:09:21,repay,D90F133DE9F23,39.144.124,广州市,第1期还款 1045 元,,
C087440,2026-04-26 23:09:21,repay,D90F133DE9F23,39.144.124,广州市,第2期还款 1045 元,,
C087440,2026-05-26 23:09:21,repay,D90F133DE9F23,39.144.124,广州市,第3期还款 1045 元,,
C087440,2026-06-25 23:09:21,repay,D90F133DE9F23,39.144.124,广州市,第4期还款 1045 元,,
C087440,2026-07-25 23:09:21,repay,D90F133DE9F23,39.144.124,广州市,第5期还款 1045 元,,
C087440,2026-08-24 23:09:21,repay,D90F133DE9F23,39.144.124,广州市,第6期还款 1045 元,,
C087688,2026-08-01 15:46:21,register,DF340B619BAE2,211.138.81,北京市,注册账户，设备年龄76天,,
C087688,2026-08-02 19:46:21,login,DF340B619BAE2,211.138.81,北京市,登录（第1次）,,
C087688,2026-08-03 00:46:21,browse,DF340B619BAE2,211.138.81,北京市,浏览贷款产品页/额度试算,,
C087688,2026-08-03 01:46:21,browse,DF340B619BAE2,211.138.81,北京市,浏览贷款产品页/额度试算,,
C087688,2026-08-03 06:46:21,browse,DF340B619BAE2,211.138.81,北京市,浏览贷款产品页/额度试算,,
C087688,2026-08-03 08:46:21,browse,DF340B619BAE2,211.138.81,北京市,浏览贷款产品页/额度试算,,
C087688,2026-08-03 13:46:21,browse,DF340B619BAE2,211.138.81,北京市,浏览贷款产品页/额度试算,,
C087688,2026-08-03 18:46:21,browse,DF340B619BAE2,211.138.81,北京市,浏览贷款产品页/额度试算,,
C087688,2026-08-17 15:46:21,profile_fill,DF340B619BAE2,211.138.81,北京市,填写申请资料，耗时401秒,,
C087688,2026-08-17 15:47:21,apply,DF340B619BAE2,211.138.81,北京市,提交贷款申请 loan_amount=104724,,
C087688,2026-08-18 05:46:21,approve,DF340B619BAE2,211.138.81,北京市,审批通过,,
C087688,2026-08-18 15:46:21,disburse,DF340B619BAE2,211.138.81,北京市,放款 104724 元,,
C087688,2026-08-22 15:46:21,cashout,DF340B619BAE2,211.138.81,北京市,消费/取现 19659 元,,
C087688,2026-09-17 15:46:21,repay,DF340B619BAE2,211.138.81,北京市,第1期还款 8727 元,,
C087688,2026-10-17 15:46:21,repay,DF340B619BAE2,211.138.81,北京市,第2期还款 8727 元,,
C087688,2026-11-16 15:46:21,repay,DF340B619BAE2,211.138.81,北京市,第3期还款 8727 元,,
C087688,2026-12-16 15:46:21,repay,DF340B619BAE2,211.138.81,北京市,第4期还款 8727 元,,
C089222,2026-01-17 18:27:21,register,D82E25DCCB2AE,39.144.252,上海市,注册账户，设备年龄81天,,
C089222,2026-01-19 21:27:21,login,D82E25DCCB2AE,39.144.252,上海市,登录（第1次）,,
C089222,2026-01-19 22:27:21,login,D82E25DCCB2AE,39.144.252,上海市,登录（第2次）,,
C089222,2026-01-20 02:27:21,browse,D82E25DCCB2AE,39.144.252,上海市,浏览贷款产品页/额度试算,,
C089222,2026-01-20 04:27:21,browse,D82E25DCCB2AE,39.144.252,上海市,浏览贷款产品页/额度试算,,
C089222,2026-01-20 08:27:21,browse,D82E25DCCB2AE,39.144.252,上海市,浏览贷款产品页/额度试算,,
C089222,2026-01-20 11:27:21,browse,D82E25DCCB2AE,39.144.252,上海市,浏览贷款产品页/额度试算,,
C089222,2026-02-05 18:27:21,profile_fill,D82E25DCCB2AE,39.144.252,上海市,填写申请资料，耗时344秒,,
C089222,2026-02-05 18:28:21,apply,D82E25DCCB2AE,39.144.252,上海市,提交贷款申请 loan_amount=4288,,
C089222,2026-02-06 00:27:21,approve,D82E25DCCB2AE,39.144.252,上海市,审批通过,,
C089222,2026-02-07 18:27:21,disburse,D82E25DCCB2AE,39.144.252,上海市,放款 4288 元,,
C089222,2026-02-25 18:27:21,cashout,D82E25DCCB2AE,39.144.252,上海市,消费/取现 966 元,,
C089222,2026-03-09 18:27:21,repay,D82E25DCCB2AE,39.144.252,上海市,第1期还款 357 元,,
C089222,2026-04-08 18:27:21,repay,D82E25DCCB2AE,39.144.252,上海市,第2期还款 357 元,,
C089222,2026-05-08 18:27:21,repay,D82E25DCCB2AE,39.144.252,上海市,第3期还款 357 元,,
C089222,2026-06-07 18:27:21,repay,D82E25DCCB2AE,39.144.252,上海市,第4期还款 357 元,,
C089222,2026-07-07 18:27:21,repay,D82E25DCCB2AE,39.144.252,上海市,第5期还款 357 元,,
C089222,2026-08-06 18:27:21,repay,D82E25DCCB2AE,39.144.252,上海市,第6期还款 357 元,,
C090436,2025-10-07 16:37:21,register,D5085B2255F24,171.106.164,乌鲁木齐市,注册账户，设备年龄234天,,
C090436,2025-10-11 18:37:21,login,D5085B2255F24,171.106.164,乌鲁木齐市,登录（第1次）,,
C090436,2025-10-11 22:37:21,browse,D5085B2255F24,171.106.164,乌鲁木齐市,浏览贷款产品页/额度试算,,
C090436,2025-10-11 23:37:21,browse,D5085B2255F24,171.106.164,乌鲁木齐市,浏览贷款产品页/额度试算,,
C090436,2025-10-12 01:37:21,browse,D5085B2255F24,171.106.164,乌鲁木齐市,浏览贷款产品页/额度试算,,
C090436,2025-10-12 06:37:21,browse,D5085B2255F24,171.106.164,乌鲁木齐市,浏览贷款产品页/额度试算,,
C090436,2025-10-12 11:37:21,browse,D5085B2255F24,171.106.164,乌鲁木齐市,浏览贷款产品页/额度试算,,
C090436,2025-10-12 16:37:21,browse,D5085B2255F24,171.106.164,乌鲁木齐市,浏览贷款产品页/额度试算,,
C090436,2025-10-12 19:37:21,browse,D5085B2255F24,171.106.164,乌鲁木齐市,浏览贷款产品页/额度试算,,
C090436,2025-10-21 16:37:21,profile_fill,D5085B2255F24,171.106.164,乌鲁木齐市,填写申请资料，耗时331秒,,
C090436,2025-10-21 16:38:21,apply,D5085B2255F24,171.106.164,乌鲁木齐市,提交贷款申请 loan_amount=163013,,
C090436,2025-10-22 09:37:21,approve,D5085B2255F24,171.106.164,乌鲁木齐市,审批通过,,
C090436,2025-10-22 16:37:21,disburse,D5085B2255F24,171.106.164,乌鲁木齐市,放款 163013 元,,
C090436,2025-11-03 16:37:21,cashout,D5085B2255F24,171.106.164,乌鲁木齐市,消费/取现 43300 元,,
C090436,2025-11-21 16:37:21,repay,D5085B2255F24,171.106.164,乌鲁木齐市,第1期还款 13584 元,,
C090436,2025-12-21 16:37:21,repay,D5085B2255F24,171.106.164,乌鲁木齐市,第2期还款 13584 元,,
C090436,2026-01-20 16:37:21,repay,D5085B2255F24,171.106.164,乌鲁木齐市,第3期还款 13584 元,,
C090436,2026-02-19 16:37:21,repay,D5085B2255F24,171.106.164,乌鲁木齐市,第4期还款 13584 元,,
C090436,2026-03-21 16:37:21,repay,D5085B2255F24,171.106.164,乌鲁木齐市,第5期还款 13584 元,,
C090436,2026-04-20 16:37:21,repay,D5085B2255F24,171.106.164,乌鲁木齐市,第6期还款 13584 元,,
C091309,2026-01-25 15:18:21,register,D237439EE95C5,120.204.73,哈尔滨市,注册账户，设备年龄290天,,
C091309,2026-01-27 20:18:21,login,D237439EE95C5,120.204.73,哈尔滨市,登录（第1次）,,
C091309,2026-01-30 00:18:21,login,D237439EE95C5,120.204.73,哈尔滨市,登录（第2次）,,
C091309,2026-01-30 04:18:21,browse,D237439EE95C5,120.204.73,哈尔滨市,浏览贷款产品页/额度试算,,
C091309,2026-01-30 09:18:21,browse,D237439EE95C5,120.204.73,哈尔滨市,浏览贷款产品页/额度试算,,
C091309,2026-01-30 10:18:21,browse,D237439EE95C5,120.204.73,哈尔滨市,浏览贷款产品页/额度试算,,
C091309,2026-02-10 15:18:21,profile_fill,D237439EE95C5,120.204.73,哈尔滨市,填写申请资料，耗时510秒,,
C091309,2026-02-10 15:19:21,apply,D237439EE95C5,120.204.73,哈尔滨市,提交贷款申请 loan_amount=4763,,
C091309,2026-02-11 12:18:21,approve,D237439EE95C5,120.204.73,哈尔滨市,审批通过,,
C091309,2026-02-11 15:18:21,disburse,D237439EE95C5,120.204.73,哈尔滨市,放款 4763 元,,
C091309,2026-02-21 15:18:21,cashout,D237439EE95C5,120.204.73,哈尔滨市,消费/取现 933 元,,
C091309,2026-03-13 15:18:21,repay,D237439EE95C5,120.204.73,哈尔滨市,第1期还款 397 元,,
C091309,2026-04-12 15:18:21,repay,D237439EE95C5,120.204.73,哈尔滨市,第2期还款 397 元,,
C091309,2026-05-12 15:18:21,repay,D237439EE95C5,120.204.73,哈尔滨市,第3期还款 397 元,,
C091309,2026-06-11 15:18:21,repay,D237439EE95C5,120.204.73,哈尔滨市,第4期还款 397 元,,
C091309,2026-07-11 15:18:21,repay,D237439EE95C5,120.204.73,哈尔滨市,第5期还款 397 元,,
C091309,2026-08-10 15:18:21,repay,D237439EE95C5,120.204.73,哈尔滨市,第6期还款 397 元,,
C092240,2026-01-03 21:23:21,register,DA7DFCBA8D234,113.54.16,重庆市,注册账户，设备年龄349天,,
C092240,2026-01-06 00:23:21,login,DA7DFCBA8D234,113.54.16,重庆市,登录（第1次）,,
C092240,2026-01-08 01:23:21,login,DA7DFCBA8D234,113.54.16,重庆市,登录（第2次）,,
C092240,2026-01-08 06:23:21,login,DA7DFCBA8D234,113.54.16,重庆市,登录（第3次）,,
C092240,2026-01-08 07:23:21,browse,DA7DFCBA8D234,113.54.16,重庆市,浏览贷款产品页/额度试算,,
C092240,2026-01-08 12:23:21,browse,DA7DFCBA8D234,113.54.16,重庆市,浏览贷款产品页/额度试算,,
C092240,2026-01-08 15:23:21,browse,DA7DFCBA8D234,113.54.16,重庆市,浏览贷款产品页/额度试算,,
C092240,2026-01-17 21:23:21,profile_fill,DA7DFCBA8D234,113.54.16,重庆市,填写申请资料，耗时564秒,,
C092240,2026-01-17 21:24:21,apply,DA7DFCBA8D234,113.54.16,重庆市,提交贷款申请 loan_amount=8001,,
C092240,2026-01-18 20:23:21,approve,DA7DFCBA8D234,113.54.16,重庆市,审批通过,,
C092240,2026-01-19 21:23:21,disburse,DA7DFCBA8D234,113.54.16,重庆市,放款 8001 元,,
C092240,2026-02-02 21:23:21,cashout,DA7DFCBA8D234,113.54.16,重庆市,消费/取现 1501 元,,
C092240,2026-02-18 21:23:21,repay,DA7DFCBA8D234,113.54.16,重庆市,第1期还款 667 元,,
C092240,2026-03-20 21:23:21,repay,DA7DFCBA8D234,113.54.16,重庆市,第2期还款 667 元,,
C092240,2026-04-19 21:23:21,repay,DA7DFCBA8D234,113.54.16,重庆市,第3期还款 667 元,,
C092240,2026-05-19 21:23:21,repay,DA7DFCBA8D234,113.54.16,重庆市,第4期还款 667 元,,
C092240,2026-06-18 21:23:21,repay,DA7DFCBA8D234,113.54.16,重庆市,第5期还款 667 元,,
C094207,2025-10-01 10:01:21,register,DEC9120FDAEA2,115.47.137,乌鲁木齐市,注册账户，设备年龄212天,,
C094207,2025-10-02 10:01:21,profile_fill,DEC9120FDAEA2,115.47.137,乌鲁木齐市,填写申请资料，耗时475秒,,
C094207,2025-10-02 10:02:21,apply,DEC9120FDAEA2,115.47.137,乌鲁木齐市,提交贷款申请 loan_amount=209928,,
C094207,2025-10-03 01:01:21,approve,DEC9120FDAEA2,115.47.137,乌鲁木齐市,审批通过,,
C094207,2025-10-03 10:01:21,disburse,DEC9120FDAEA2,115.47.137,乌鲁木齐市,放款 209928 元,,
C094207,2025-10-03 14:01:21,login,DEC9120FDAEA2,115.47.137,乌鲁木齐市,登录（第1次）,,
C094207,2025-10-06 20:01:21,login,DEC9120FDAEA2,115.47.137,乌鲁木齐市,登录（第2次）,,
C094207,2025-10-06 22:01:21,browse,DEC9120FDAEA2,115.47.137,乌鲁木齐市,浏览贷款产品页/额度试算,,
C094207,2025-10-07 02:01:21,browse,DEC9120FDAEA2,115.47.137,乌鲁木齐市,浏览贷款产品页/额度试算,,
C094207,2025-10-07 03:01:21,browse,DEC9120FDAEA2,115.47.137,乌鲁木齐市,浏览贷款产品页/额度试算,,
C094207,2025-10-07 08:01:21,browse,DEC9120FDAEA2,115.47.137,乌鲁木齐市,浏览贷款产品页/额度试算,,
C094207,2025-10-07 13:01:21,browse,DEC9120FDAEA2,115.47.137,乌鲁木齐市,浏览贷款产品页/额度试算,,
C094207,2025-10-07 17:01:21,browse,DEC9120FDAEA2,115.47.137,乌鲁木齐市,浏览贷款产品页/额度试算,,
C094207,2025-10-15 10:01:21,cashout,DEC9120FDAEA2,115.47.137,乌鲁木齐市,消费/取现 36674 元,,
C094207,2025-11-02 10:01:21,repay,DEC9120FDAEA2,115.47.137,乌鲁木齐市,第1期还款 17494 元,,
C094207,2025-12-02 10:01:21,repay,DEC9120FDAEA2,115.47.137,乌鲁木齐市,第2期还款 17494 元,,
C094207,2026-01-01 10:01:21,repay,DEC9120FDAEA2,115.47.137,乌鲁木齐市,第3期还款 17494 元,,
C094636,2025-09-11 13:01:21,register,D0752D54C5F67,119.32.160,昆明市,注册账户，设备年龄235天,,
C094636,2025-09-14 20:01:21,login,D0752D54C5F67,119.32.160,昆明市,登录（第1次）,,
C094636,2025-09-15 01:01:21,login,D0752D54C5F67,119.32.160,昆明市,登录（第2次）,,
C094636,2025-09-15 05:01:21,browse,D0752D54C5F67,119.32.160,昆明市,浏览贷款产品页/额度试算,,
C094636,2025-09-15 08:01:21,browse,D0752D54C5F67,119.32.160,昆明市,浏览贷款产品页/额度试算,,
C094636,2025-09-15 09:01:21,browse,D0752D54C5F67,119.32.160,昆明市,浏览贷款产品页/额度试算,,
C094636,2025-09-15 14:01:21,browse,D0752D54C5F67,119.32.160,昆明市,浏览贷款产品页/额度试算,,
C094636,2025-09-23 13:01:21,profile_fill,D0752D54C5F67,119.32.160,昆明市,填写申请资料，耗时721秒,,
C094636,2025-09-23 13:02:21,apply,D0752D54C5F67,119.32.160,昆明市,提交贷款申请 loan_amount=2422,,
C094636,2025-09-23 22:01:21,approve,D0752D54C5F67,119.32.160,昆明市,审批通过,,
C094636,2025-09-24 13:01:21,disburse,D0752D54C5F67,119.32.160,昆明市,放款 2422 元,,
C094636,2025-10-13 13:01:21,cashout,D0752D54C5F67,119.32.160,昆明市,消费/取现 448 元,,
C094636,2025-10-24 13:01:21,repay,D0752D54C5F67,119.32.160,昆明市,第1期还款 202 元,,
C094636,2025-11-23 13:01:21,repay,D0752D54C5F67,119.32.160,昆明市,第2期还款 202 元,,
C094636,2025-12-23 13:01:21,repay,D0752D54C5F67,119.32.160,昆明市,第3期还款 202 元,,
C094636,2026-01-22 13:01:21,repay,D0752D54C5F67,119.32.160,昆明市,第4期还款 202 元,,
C094636,2026-02-21 13:01:21,repay,D0752D54C5F67,119.32.160,昆明市,第5期还款 202 元,,
C094636,2026-03-23 13:01:21,repay,D0752D54C5F67,119.32.160,昆明市,第6期还款 202 元,,
C094703,2025-08-22 23:21:21,register,D873315103D96,61.135.14,厦门市,注册账户，设备年龄108天,,
C094703,2025-08-26 04:21:21,login,D873315103D96,61.135.14,厦门市,登录（第1次）,,
C094703,2025-08-26 08:21:21,browse,D873315103D96,61.135.14,厦门市,浏览贷款产品页/额度试算,,
C094703,2025-08-26 10:21:21,browse,D873315103D96,61.135.14,厦门市,浏览贷款产品页/额度试算,,
C094703,2025-08-30 23:21:21,profile_fill,D873315103D96,61.135.14,厦门市,填写申请资料，耗时378秒,,
C094703,2025-08-30 23:22:21,apply,D873315103D96,61.135.14,厦门市,提交贷款申请 loan_amount=18394,,
C094703,2025-08-31 15:21:21,approve,D873315103D96,61.135.14,厦门市,审批通过,,
C094703,2025-09-01 23:21:21,disburse,D873315103D96,61.135.14,厦门市,放款 18394 元,,
C094703,2025-09-26 23:21:21,cashout,D873315103D96,61.135.14,厦门市,消费/取现 2860 元,,
C094703,2025-10-01 23:21:21,repay,D873315103D96,61.135.14,厦门市,第1期还款 1533 元,,
C094703,2025-10-31 23:21:21,repay,D873315103D96,61.135.14,厦门市,第2期还款 1533 元,,
C094703,2025-11-30 23:21:21,repay,D873315103D96,61.135.14,厦门市,第3期还款 1533 元,,
C094703,2025-12-30 23:21:21,repay,D873315103D96,61.135.14,厦门市,第4期还款 1533 元,,
C094703,2026-01-29 23:21:21,repay,D873315103D96,61.135.14,厦门市,第5期还款 1533 元,,
C094703,2026-02-28 23:21:21,repay,D873315103D96,61.135.14,厦门市,第6期还款 1533 元,,
C095073,2025-10-13 22:16:21,register,D394CB69A8073,115.47.7,深圳市,注册账户，设备年龄43天,,
C095073,2025-10-18 01:16:21,login,D394CB69A8073,115.47.7,深圳市,登录（第1次）,,
C095073,2025-10-18 22:16:21,profile_fill,D394CB69A8073,115.47.7,深圳市,填写申请资料，耗时252秒,,
C095073,2025-10-18 22:17:21,apply,D394CB69A8073,115.47.7,深圳市,提交贷款申请 loan_amount=1047,,
C095073,2025-10-19 04:16:21,approve,D394CB69A8073,115.47.7,深圳市,审批通过,,
C095073,2025-10-20 22:16:21,disburse,D394CB69A8073,115.47.7,深圳市,放款 1047 元,,
C095073,2025-10-21 05:16:21,login,D394CB69A8073,115.47.7,深圳市,登录（第2次）,,
C095073,2025-10-24 07:16:21,login,D394CB69A8073,115.47.7,深圳市,登录（第3次）,,
C095073,2025-10-24 11:16:21,browse,D394CB69A8073,115.47.7,深圳市,浏览贷款产品页/额度试算,,
C095073,2025-10-24 15:16:21,browse,D394CB69A8073,115.47.7,深圳市,浏览贷款产品页/额度试算,,
C095073,2025-10-24 20:16:21,browse,D394CB69A8073,115.47.7,深圳市,浏览贷款产品页/额度试算,,
C095073,2025-10-25 00:16:21,browse,D394CB69A8073,115.47.7,深圳市,浏览贷款产品页/额度试算,,
C095073,2025-10-25 05:16:21,browse,D394CB69A8073,115.47.7,深圳市,浏览贷款产品页/额度试算,,
C095073,2025-10-25 10:16:21,browse,D394CB69A8073,115.47.7,深圳市,浏览贷款产品页/额度试算,,
C095073,2025-11-06 22:16:21,cashout,D394CB69A8073,115.47.7,深圳市,消费/取现 145 元,,
C095073,2025-11-19 22:16:21,repay,D394CB69A8073,115.47.7,深圳市,第1期还款 87 元,,
C095073,2025-12-19 22:16:21,repay,D394CB69A8073,115.47.7,深圳市,第2期还款 87 元,,
C095073,2026-01-18 22:16:21,repay,D394CB69A8073,115.47.7,深圳市,第3期还款 87 元,,
C095073,2026-02-17 22:16:21,repay,D394CB69A8073,115.47.7,深圳市,第4期还款 87 元,,
C095073,2026-03-19 22:16:21,repay,D394CB69A8073,115.47.7,深圳市,第5期还款 87 元,,
C095073,2026-04-18 22:16:21,repay,D394CB69A8073,115.47.7,深圳市,第6期还款 87 元,,
C096615,2026-03-11 16:23:21,register,D5EF04155C42D,211.138.105,郑州市,注册账户，设备年龄284天,,
C096615,2026-03-15 23:23:21,login,D5EF04155C42D,211.138.105,郑州市,登录（第1次）,,
C096615,2026-03-16 03:23:21,browse,D5EF04155C42D,211.138.105,郑州市,浏览贷款产品页/额度试算,,
C096615,2026-03-16 07:23:21,browse,D5EF04155C42D,211.138.105,郑州市,浏览贷款产品页/额度试算,,
C096615,2026-03-16 11:23:21,browse,D5EF04155C42D,211.138.105,郑州市,浏览贷款产品页/额度试算,,
C096615,2026-03-16 13:23:21,browse,D5EF04155C42D,211.138.105,郑州市,浏览贷款产品页/额度试算,,
C096615,2026-03-16 14:23:21,browse,D5EF04155C42D,211.138.105,郑州市,浏览贷款产品页/额度试算,,
C096615,2026-03-16 16:23:21,browse,D5EF04155C42D,211.138.105,郑州市,浏览贷款产品页/额度试算,,
C096615,2026-03-16 17:23:21,browse,D5EF04155C42D,211.138.105,郑州市,浏览贷款产品页/额度试算,,
C096615,2026-04-03 16:23:21,profile_fill,D5EF04155C42D,211.138.105,郑州市,填写申请资料，耗时756秒,,
C096615,2026-04-03 16:24:21,apply,D5EF04155C42D,211.138.105,郑州市,提交贷款申请 loan_amount=2982,,
C096615,2026-04-03 21:23:21,approve,D5EF04155C42D,211.138.105,郑州市,审批通过,,
C096615,2026-04-05 16:23:21,disburse,D5EF04155C42D,211.138.105,郑州市,放款 2982 元,,
C096615,2026-04-19 16:23:21,cashout,D5EF04155C42D,211.138.105,郑州市,消费/取现 854 元,,
C096615,2026-05-05 16:23:21,repay,D5EF04155C42D,211.138.105,郑州市,第1期还款 248 元,,
C096615,2026-06-04 16:23:21,repay,D5EF04155C42D,211.138.105,郑州市,第2期还款 248 元,,
C096615,2026-07-04 16:23:21,repay,D5EF04155C42D,211.138.105,郑州市,第3期还款 248 元,,
C096615,2026-08-03 16:23:21,repay,D5EF04155C42D,211.138.105,郑州市,第4期还款 248 元,,
C096615,2026-09-02 16:23:21,repay,D5EF04155C42D,211.138.105,郑州市,第5期还款 248 元,,
C096615,2026-10-02 16:23:21,repay,D5EF04155C42D,211.138.105,郑州市,第6期还款 248 元,,
C098377,2026-02-15 14:08:21,register,D22EE707204B3,39.144.108,苏州市,注册账户，设备年龄88天,,
C098377,2026-02-16 20:08:21,login,D22EE707204B3,39.144.108,苏州市,登录（第1次）,,
C098377,2026-02-16 23:08:21,login,D22EE707204B3,39.144.108,苏州市,登录（第2次）,,
C098377,2026-02-17 02:08:21,browse,D22EE707204B3,39.144.108,苏州市,浏览贷款产品页/额度试算,,
C098377,2026-02-17 03:08:21,browse,D22EE707204B3,39.144.108,苏州市,浏览贷款产品页/额度试算,,
C098377,2026-02-17 07:08:21,browse,D22EE707204B3,39.144.108,苏州市,浏览贷款产品页/额度试算,,
C098377,2026-02-17 11:08:21,browse,D22EE707204B3,39.144.108,苏州市,浏览贷款产品页/额度试算,,
C098377,2026-02-17 14:08:21,browse,D22EE707204B3,39.144.108,苏州市,浏览贷款产品页/额度试算,,
C098377,2026-02-17 18:08:21,browse,D22EE707204B3,39.144.108,苏州市,浏览贷款产品页/额度试算,,
C098377,2026-02-17 23:08:21,browse,D22EE707204B3,39.144.108,苏州市,浏览贷款产品页/额度试算,,
C098377,2026-03-10 14:08:21,profile_fill,D22EE707204B3,39.144.108,苏州市,填写申请资料，耗时160秒,,
C098377,2026-03-10 14:09:21,apply,D22EE707204B3,39.144.108,苏州市,提交贷款申请 loan_amount=13728,,
C098377,2026-03-11 08:08:21,approve,D22EE707204B3,39.144.108,苏州市,审批通过,,
C098377,2026-03-11 14:08:21,disburse,D22EE707204B3,39.144.108,苏州市,放款 13728 元,,
C098377,2026-03-19 14:08:21,cashout,D22EE707204B3,39.144.108,苏州市,消费/取现 2999 元,,
C098377,2026-04-10 14:08:21,repay,D22EE707204B3,39.144.108,苏州市,第1期还款 1144 元,,
C098377,2026-05-10 14:08:21,repay,D22EE707204B3,39.144.108,苏州市,第2期还款 1144 元,,
C098377,2026-06-09 14:08:21,repay,D22EE707204B3,39.144.108,苏州市,第3期还款 1144 元,,
C098377,2026-07-09 14:08:21,repay,D22EE707204B3,39.144.108,苏州市,第4期还款 1144 元,,
C098377,2026-08-08 14:08:21,repay,D22EE707204B3,39.144.108,苏州市,第5期还款 1144 元,,
C098459,2026-08-01 16:13:21,register,D13F4EAE22FF1,211.138.209,武汉市,注册账户，设备年龄165天,,
C098459,2026-08-02 21:13:21,login,D13F4EAE22FF1,211.138.209,武汉市,登录（第1次）,,
C098459,2026-08-05 02:13:21,login,D13F4EAE22FF1,211.138.209,武汉市,登录（第2次）,,
C098459,2026-08-06 07:13:21,login,D13F4EAE22FF1,211.138.209,武汉市,登录（第3次）,,
C098459,2026-08-06 09:13:21,browse,D13F4EAE22FF1,211.138.209,武汉市,浏览贷款产品页/额度试算,,
C098459,2026-08-06 13:13:21,browse,D13F4EAE22FF1,211.138.209,武汉市,浏览贷款产品页/额度试算,,
C098459,2026-08-29 16:13:21,profile_fill,D13F4EAE22FF1,211.138.209,武汉市,填写申请资料，耗时686秒,,
C098459,2026-08-29 16:14:21,apply,D13F4EAE22FF1,211.138.209,武汉市,提交贷款申请 loan_amount=24573,,
C098459,2026-08-30 03:13:21,approve,D13F4EAE22FF1,211.138.209,武汉市,审批通过,,
C098459,2026-08-31 16:13:21,disburse,D13F4EAE22FF1,211.138.209,武汉市,放款 24573 元,,
C098459,2026-09-11 16:13:21,cashout,D13F4EAE22FF1,211.138.209,武汉市,消费/取现 3429 元,,
C098459,2026-09-30 16:13:21,repay,D13F4EAE22FF1,211.138.209,武汉市,第1期还款 2048 元,,
C098459,2026-10-30 16:13:21,repay,D13F4EAE22FF1,211.138.209,武汉市,第2期还款 2048 元,,
C098459,2026-11-29 16:13:21,repay,D13F4EAE22FF1,211.138.209,武汉市,第3期还款 2048 元,,
C098459,2026-12-29 16:13:21,repay,D13F4EAE22FF1,211.138.209,武汉市,第4期还款 2048 元,,
C098459,2027-01-28 16:13:21,repay,D13F4EAE22FF1,211.138.209,武汉市,第5期还款 2048 元,,
C099365,2025-09-08 23:52:21,register,D469C7F5900C8,61.135.219,成都市,注册账户，设备年龄81天,,
C099365,2025-09-13 02:52:21,login,D469C7F5900C8,61.135.219,成都市,登录（第1次）,,
C099365,2025-09-13 03:52:21,browse,D469C7F5900C8,61.135.219,成都市,浏览贷款产品页/额度试算,,
C099365,2025-09-13 08:52:21,browse,D469C7F5900C8,61.135.219,成都市,浏览贷款产品页/额度试算,,
C099365,2025-09-13 09:52:21,browse,D469C7F5900C8,61.135.219,成都市,浏览贷款产品页/额度试算,,
C099365,2025-09-13 11:52:21,browse,D469C7F5900C8,61.135.219,成都市,浏览贷款产品页/额度试算,,
C099365,2025-09-24 23:52:21,profile_fill,D469C7F5900C8,61.135.219,成都市,填写申请资料，耗时445秒,,
C099365,2025-09-24 23:53:21,apply,D469C7F5900C8,61.135.219,成都市,提交贷款申请 loan_amount=2473,,
C099365,2025-09-25 02:52:21,approve,D469C7F5900C8,61.135.219,成都市,审批通过,,
C099365,2025-09-25 23:52:21,disburse,D469C7F5900C8,61.135.219,成都市,放款 2473 元,,
C099365,2025-10-21 23:52:21,cashout,D469C7F5900C8,61.135.219,成都市,消费/取现 715 元,,
C099365,2025-10-25 23:52:21,repay,D469C7F5900C8,61.135.219,成都市,第1期还款 206 元,,
C099365,2025-11-24 23:52:21,repay,D469C7F5900C8,61.135.219,成都市,第2期还款 206 元,,
C099365,2025-12-24 23:52:21,repay,D469C7F5900C8,61.135.219,成都市,第3期还款 206 元,,
C099931,2026-06-23 17:10:21,register,DA78E39117676,61.135.227,西安市,注册账户，设备年龄146天,,
C099931,2026-06-26 22:10:21,login,DA78E39117676,61.135.227,西安市,登录（第1次）,,
C099931,2026-06-29 04:10:21,login,DA78E39117676,61.135.227,西安市,登录（第2次）,,
C099931,2026-07-01 11:10:21,login,DA78E39117676,61.135.227,西安市,登录（第3次）,,
C099931,2026-07-01 12:10:21,browse,DA78E39117676,61.135.227,西安市,浏览贷款产品页/额度试算,,
C099931,2026-07-01 17:10:21,browse,DA78E39117676,61.135.227,西安市,浏览贷款产品页/额度试算,,
C099931,2026-07-01 22:10:21,browse,DA78E39117676,61.135.227,西安市,浏览贷款产品页/额度试算,,
C099931,2026-07-02 02:10:21,browse,DA78E39117676,61.135.227,西安市,浏览贷款产品页/额度试算,,
C099931,2026-07-02 05:10:21,browse,DA78E39117676,61.135.227,西安市,浏览贷款产品页/额度试算,,
C099931,2026-07-02 06:10:21,browse,DA78E39117676,61.135.227,西安市,浏览贷款产品页/额度试算,,
C099931,2026-07-02 11:10:21,browse,DA78E39117676,61.135.227,西安市,浏览贷款产品页/额度试算,,
C099931,2026-07-24 17:10:21,profile_fill,DA78E39117676,61.135.227,西安市,填写申请资料，耗时525秒,,
C099931,2026-07-24 17:11:21,apply,DA78E39117676,61.135.227,西安市,提交贷款申请 loan_amount=23807,,
C099931,2026-07-25 12:10:21,approve,DA78E39117676,61.135.227,西安市,审批通过,,
C099931,2026-07-26 17:10:21,disburse,DA78E39117676,61.135.227,西安市,放款 23807 元,,
C099931,2026-08-10 17:10:21,cashout,DA78E39117676,61.135.227,西安市,消费/取现 4602 元,,
C099931,2026-08-25 17:10:21,repay,DA78E39117676,61.135.227,西安市,第1期还款 1984 元,,
C099931,2026-09-24 17:10:21,repay,DA78E39117676,61.135.227,西安市,第2期还款 1984 元,,
C099931,2026-10-24 17:10:21,repay,DA78E39117676,61.135.227,西安市,第3期还款 1984 元,,
C099931,2026-11-23 17:10:21,repay,DA78E39117676,61.135.227,西安市,第4期还款 1984 元,,
C099931,2026-12-23 17:10:21,repay,DA78E39117676,61.135.227,西安市,第5期还款 1984 元,,
